Date,Hour,Unit,Process,Style,PO,Color,Input,Output,Defect,Rework,Downtime_Min,Downtime_Reason,Remarks
2026-09-16,08:00-09:00,CWL-1,Laser Whisker,ST-4412 Dark Stone,PO-77101,Dark Blue,28,29,1,0,,,
2026-09-16,09:00-10:00,CWL-1,Laser Whisker,ST-4412 Dark Stone,PO-77101,Dark Blue,32,30,0,0,,,
2026-09-16,10:00-11:00,CWL-1,Laser Whisker,ST-4412 Dark Stone,PO-77101,Dark Blue,31,30,1,0,,,
2026-09-16,11:00-12:00,CWL-1,Laser Whisker,ST-4412 Dark Stone,PO-77101,Dark Blue,35,32,1,0,,,
2026-09-16,12:00-13:00,CWL-1,Laser Whisker,ST-4412 Dark Stone,PO-77101,Dark Blue,34,34,0,1,,,
2026-09-16,13:00-14:00,CWL-1,Laser Whisker,ST-4412 Dark Stone,PO-77101,Dark Blue,32,30,1,0,,,
2026-09-16,14:00-15:00,CWL-1,Laser Whisker,ST-4412 Dark Stone,PO-77101,Dark Blue,30,27,0,0,,,
2026-09-16,15:00-16:00,CWL-1,Laser Whisker,ST-4412 Dark Stone,PO-77101,Dark Blue,28,27,1,1,,,
2026-09-16,16:00-17:00,CWL-1,Laser Whisker,ST-4430 Mid Blue,PO-77210,Mid Blue,29,29,1,1,,,
2026-09-16,17:00-18:00,CWL-1,Laser Whisker,ST-4430 Mid Blue,PO-77210,Mid Blue,34,33,0,0,,,
2026-09-16,18:00-19:00,CWL-1,Laser Whisker,ST-4430 Mid Blue,PO-77210,Mid Blue,28,27,0,1,,,
2026-09-16,19:00-20:00,CWL-1,Laser Whisker,ST-4430 Mid Blue,PO-77210,Mid Blue,34,32,0,1,,,
2026-09-16,20:00-21:00,CWL-1,Laser Whisker,ST-4430 Mid Blue,PO-77210,Mid Blue,15,15,0,0,45,Changeover / setup,
2026-09-16,21:00-22:00,CWL-1,Laser Whisker,ST-4430 Mid Blue,PO-77210,Mid Blue,36,33,0,0,,,
2026-09-16,22:00-23:00,CWL-1,Laser Whisker,ST-4430 Mid Blue,PO-77210,Mid Blue,37,34,1,1,,,
2026-09-16,23:00-00:00,CWL-1,Laser Whisker,ST-4430 Mid Blue,PO-77210,Mid Blue,34,34,0,0,,,
2026-09-16,00:00-01:00,CWL-1,Laser Whisker,ST-3307 Twill Rinse,PO-66120,Khaki,29,27,0,1,,,
2026-09-16,01:00-02:00,CWL-1,Laser Whisker,ST-3307 Twill Rinse,PO-66120,Khaki,31,29,0,0,,,
2026-09-16,02:00-03:00,CWL-1,Laser Whisker,ST-3307 Twill Rinse,PO-66120,Khaki,30,30,1,1,,,
2026-09-16,03:00-04:00,CWL-1,Laser Whisker,ST-3307 Twill Rinse,PO-66120,Khaki,5,5,0,0,15,Waiting for material,
2026-09-16,04:00-05:00,CWL-1,Laser Whisker,ST-3307 Twill Rinse,PO-66120,Khaki,34,32,0,1,,,
2026-09-16,05:00-06:00,CWL-1,Laser Whisker,ST-3307 Twill Rinse,PO-66120,Khaki,38,35,1,1,,,
2026-09-16,06:00-07:00,CWL-1,Laser Whisker,ST-3307 Twill Rinse,PO-66120,Khaki,32,30,0,0,,,
2026-09-16,07:00-08:00,CWL-1,Laser Whisker,ST-3307 Twill Rinse,PO-66120,Khaki,31,29,1,0,,,
2026-09-16,08:00-09:00,CWL-1,Laser Mark Destroy,ST-4430 Mid Blue,PO-77210,Mid Blue,83,77,2,1,,,
2026-09-16,09:00-10:00,CWL-1,Laser Mark Destroy,ST-4430 Mid Blue,PO-77210,Mid Blue,95,92,2,1,,,
2026-09-16,10:00-11:00,CWL-1,Laser Mark Destroy,ST-4430 Mid Blue,PO-77210,Mid Blue,106,100,1,1,,,
2026-09-16,11:00-12:00,CWL-1,Laser Mark Destroy,ST-4430 Mid Blue,PO-77210,Mid Blue,86,83,3,1,,,
2026-09-16,12:00-13:00,CWL-1,Laser Mark Destroy,ST-4430 Mid Blue,PO-77210,Mid Blue,90,89,2,1,,,
2026-09-16,13:00-14:00,CWL-1,Laser Mark Destroy,ST-4430 Mid Blue,PO-77210,Mid Blue,85,85,2,1,,,
2026-09-16,14:00-15:00,CWL-1,Laser Mark Destroy,ST-4430 Mid Blue,PO-77210,Mid Blue,80,82,1,0,,,
2026-09-16,15:00-16:00,CWL-1,Laser Mark Destroy,ST-4430 Mid Blue,PO-77210,Mid Blue,95,90,1,2,,,
2026-09-16,16:00-17:00,CWL-1,Laser Mark Destroy,ST-3307 Twill Rinse,PO-66120,Khaki,83,79,1,1,,,
2026-09-16,17:00-18:00,CWL-1,Laser Mark Destroy,ST-3307 Twill Rinse,PO-66120,Khaki,83,83,2,2,,,
2026-09-16,18:00-19:00,CWL-1,Laser Mark Destroy,ST-3307 Twill Rinse,PO-66120,Khaki,87,80,1,1,,,
2026-09-16,19:00-20:00,CWL-1,Laser Mark Destroy,ST-3307 Twill Rinse,PO-66120,Khaki,46,46,2,1,15,Machine breakdown,
2026-09-16,20:00-21:00,CWL-1,Laser Mark Destroy,ST-3307 Twill Rinse,PO-66120,Khaki,84,83,1,0,,,
2026-09-16,21:00-22:00,CWL-1,Laser Mark Destroy,ST-3307 Twill Rinse,PO-66120,Khaki,92,87,2,1,,,
2026-09-16,22:00-23:00,CWL-1,Laser Mark Destroy,ST-3307 Twill Rinse,PO-66120,Khaki,107,100,2,2,,,
2026-09-16,23:00-00:00,CWL-1,Laser Mark Destroy,ST-3307 Twill Rinse,PO-66120,Khaki,91,85,2,0,,,
2026-09-16,00:00-01:00,CWL-1,Laser Mark Destroy,ST-3307 Twill Rinse,PO-66120,Khaki,88,85,1,1,,,
2026-09-16,01:00-02:00,CWL-1,Laser Mark Destroy,ST-3307 Twill Rinse,PO-66120,Khaki,105,99,3,1,,,
2026-09-16,02:00-03:00,CWL-1,Laser Mark Destroy,ST-3307 Twill Rinse,PO-66120,Khaki,102,102,0,2,,,
2026-09-16,03:00-04:00,CWL-1,Laser Mark Destroy,ST-3307 Twill Rinse,PO-66120,Khaki,93,87,2,2,,,
2026-09-16,04:00-05:00,CWL-1,Laser Mark Destroy,ST-3307 Twill Rinse,PO-66120,Khaki,86,81,2,1,,,
2026-09-16,05:00-06:00,CWL-1,Laser Mark Destroy,ST-3307 Twill Rinse,PO-66120,Khaki,89,81,2,1,,,
2026-09-16,06:00-07:00,CWL-1,Laser Mark Destroy,ST-3307 Twill Rinse,PO-66120,Khaki,87,82,1,2,,,
2026-09-16,07:00-08:00,CWL-1,Laser Mark Destroy,ST-3307 Twill Rinse,PO-66120,Khaki,84,80,2,1,,,
2026-09-16,08:00-09:00,CWL-1,Pattern Whisker,ST-5120 Acid Blast,PO-88010,Acid Black,1048,953,19,18,,,
2026-09-16,09:00-10:00,CWL-1,Pattern Whisker,ST-5120 Acid Blast,PO-88010,Acid Black,1246,1162,15,18,,,
2026-09-16,10:00-11:00,CWL-1,Pattern Whisker,ST-5120 Acid Blast,PO-88010,Acid Black,1267,1159,34,21,,,
2026-09-16,11:00-12:00,CWL-1,Pattern Whisker,ST-5120 Acid Blast,PO-88010,Acid Black,1457,1342,35,9,,,
2026-09-16,12:00-13:00,CWL-1,Pattern Whisker,ST-5120 Acid Blast,PO-88010,Acid Black,1110,1126,22,9,,,
2026-09-16,13:00-14:00,CWL-1,Pattern Whisker,ST-5120 Acid Blast,PO-88010,Acid Black,1321,1209,25,18,,,
2026-09-16,14:00-15:00,CWL-1,Pattern Whisker,ST-5120 Acid Blast,PO-88010,Acid Black,1294,1240,36,15,,,
2026-09-16,15:00-16:00,CWL-1,Pattern Whisker,ST-5120 Acid Blast,PO-88010,Acid Black,1286,1207,27,20,,,
2026-09-16,16:00-17:00,CWL-1,Pattern Whisker,ST-3307 Twill Rinse,PO-66120,Khaki,1217,1154,31,12,,,
2026-09-16,17:00-18:00,CWL-1,Pattern Whisker,ST-3307 Twill Rinse,PO-66120,Khaki,1109,1059,15,7,,,
2026-09-16,18:00-19:00,CWL-1,Pattern Whisker,ST-3307 Twill Rinse,PO-66120,Khaki,1282,1221,13,9,,,
2026-09-16,19:00-20:00,CWL-1,Pattern Whisker,ST-3307 Twill Rinse,PO-66120,Khaki,1374,1369,14,20,,,
2026-09-16,20:00-21:00,CWL-1,Pattern Whisker,ST-3307 Twill Rinse,PO-66120,Khaki,1222,1172,16,16,,,
2026-09-16,21:00-22:00,CWL-1,Pattern Whisker,ST-3307 Twill Rinse,PO-66120,Khaki,1117,1120,29,18,,,
2026-09-16,22:00-23:00,CWL-1,Pattern Whisker,ST-3307 Twill Rinse,PO-66120,Khaki,1251,1229,32,11,,,
2026-09-16,23:00-00:00,CWL-1,Pattern Whisker,ST-3307 Twill Rinse,PO-66120,Khaki,1195,1158,31,16,,,
2026-09-16,00:00-01:00,CWL-1,Pattern Whisker,ST-5120 Acid Blast,PO-88010,Acid Black,1196,1143,14,7,,,
2026-09-16,01:00-02:00,CWL-1,Pattern Whisker,ST-5120 Acid Blast,PO-88010,Acid Black,1189,1140,11,15,,,
2026-09-16,02:00-03:00,CWL-1,Pattern Whisker,ST-5120 Acid Blast,PO-88010,Acid Black,1200,1193,18,13,,,
2026-09-16,03:00-04:00,CWL-1,Pattern Whisker,ST-5120 Acid Blast,PO-88010,Acid Black,1131,1068,15,10,,,
2026-09-16,04:00-05:00,CWL-1,Pattern Whisker,ST-5120 Acid Blast,PO-88010,Acid Black,1169,1063,21,9,,,
2026-09-16,05:00-06:00,CWL-1,Pattern Whisker,ST-5120 Acid Blast,PO-88010,Acid Black,1440,1345,15,7,,,
2026-09-16,06:00-07:00,CWL-1,Pattern Whisker,ST-5120 Acid Blast,PO-88010,Acid Black,1446,1320,19,13,,,
2026-09-16,07:00-08:00,CWL-1,Pattern Whisker,ST-5120 Acid Blast,PO-88010,Acid Black,1095,1097,21,12,,,
2026-09-16,08:00-09:00,CWL-1,Hand Sand (Front & Back),ST-3307 Twill Rinse,PO-66120,Khaki,523,486,6,4,,,
2026-09-16,09:00-10:00,CWL-1,Hand Sand (Front & Back),ST-3307 Twill Rinse,PO-66120,Khaki,612,591,6,9,,,
2026-09-16,10:00-11:00,CWL-1,Hand Sand (Front & Back),ST-3307 Twill Rinse,PO-66120,Khaki,672,670,16,9,,,
2026-09-16,11:00-12:00,CWL-1,Hand Sand (Front & Back),ST-3307 Twill Rinse,PO-66120,Khaki,544,528,14,3,,,
2026-09-16,12:00-13:00,CWL-1,Hand Sand (Front & Back),ST-3307 Twill Rinse,PO-66120,Khaki,2,2,0,0,15,Other,
2026-09-16,13:00-14:00,CWL-1,Hand Sand (Front & Back),ST-3307 Twill Rinse,PO-66120,Khaki,658,604,10,7,,,
2026-09-16,14:00-15:00,CWL-1,Hand Sand (Front & Back),ST-3307 Twill Rinse,PO-66120,Khaki,712,663,7,6,,,
2026-09-16,15:00-16:00,CWL-1,Hand Sand (Front & Back),ST-3307 Twill Rinse,PO-66120,Khaki,631,613,18,11,,,
2026-09-16,16:00-17:00,CWL-1,Hand Sand (Front & Back),ST-5120 Acid Blast,PO-88010,Acid Black,504,468,7,7,,,
2026-09-16,17:00-18:00,CWL-1,Hand Sand (Front & Back),ST-5120 Acid Blast,PO-88010,Acid Black,583,531,7,9,,,
2026-09-16,18:00-19:00,CWL-1,Hand Sand (Front & Back),ST-5120 Acid Blast,PO-88010,Acid Black,702,647,12,7,,,
2026-09-16,19:00-20:00,CWL-1,Hand Sand (Front & Back),ST-5120 Acid Blast,PO-88010,Acid Black,620,608,16,8,,,
2026-09-16,20:00-21:00,CWL-1,Hand Sand (Front & Back),ST-5120 Acid Blast,PO-88010,Acid Black,629,597,7,7,,,
2026-09-16,21:00-22:00,CWL-1,Hand Sand (Front & Back),ST-5120 Acid Blast,PO-88010,Acid Black,533,526,8,7,,,
2026-09-16,22:00-23:00,CWL-1,Hand Sand (Front & Back),ST-5120 Acid Blast,PO-88010,Acid Black,725,667,11,8,,,
2026-09-16,23:00-00:00,CWL-1,Hand Sand (Front & Back),ST-5120 Acid Blast,PO-88010,Acid Black,639,618,10,4,,,
2026-09-16,00:00-01:00,CWL-1,Hand Sand (Front & Back),ST-4412 Dark Stone,PO-77101,Dark Blue,557,517,14,8,,,
2026-09-16,01:00-02:00,CWL-1,Hand Sand (Front & Back),ST-4412 Dark Stone,PO-77101,Dark Blue,558,538,14,10,,,
2026-09-16,02:00-03:00,CWL-1,Hand Sand (Front & Back),ST-4412 Dark Stone,PO-77101,Dark Blue,610,555,10,10,,,
2026-09-16,03:00-04:00,CWL-1,Hand Sand (Front & Back),ST-4412 Dark Stone,PO-77101,Dark Blue,571,548,7,9,,,
2026-09-16,04:00-05:00,CWL-1,Hand Sand (Front & Back),ST-4412 Dark Stone,PO-77101,Dark Blue,561,542,8,7,,,
2026-09-16,05:00-06:00,CWL-1,Hand Sand (Front & Back),ST-4412 Dark Stone,PO-77101,Dark Blue,532,516,14,6,,,
2026-09-16,06:00-07:00,CWL-1,Hand Sand (Front & Back),ST-4412 Dark Stone,PO-77101,Dark Blue,204,188,3,2,45,Power / utility,
2026-09-16,07:00-08:00,CWL-1,Hand Sand (Front & Back),ST-4412 Dark Stone,PO-77101,Dark Blue,702,668,12,11,,,
2026-09-16,08:00-09:00,CWL-1,Allover Hand Sand,ST-4412 Dark Stone,PO-77101,Dark Blue,96,89,1,1,,,
2026-09-16,09:00-10:00,CWL-1,Allover Hand Sand,ST-4412 Dark Stone,PO-77101,Dark Blue,84,82,2,1,,,
2026-09-16,10:00-11:00,CWL-1,Allover Hand Sand,ST-4412 Dark Stone,PO-77101,Dark Blue,91,86,3,1,,,
2026-09-16,11:00-12:00,CWL-1,Allover Hand Sand,ST-4412 Dark Stone,PO-77101,Dark Blue,98,96,2,0,,,
2026-09-16,12:00-13:00,CWL-1,Allover Hand Sand,ST-4412 Dark Stone,PO-77101,Dark Blue,99,98,1,2,,,
2026-09-16,13:00-14:00,CWL-1,Allover Hand Sand,ST-4412 Dark Stone,PO-77101,Dark Blue,96,93,2,1,,,
2026-09-16,14:00-15:00,CWL-1,Allover Hand Sand,ST-4412 Dark Stone,PO-77101,Dark Blue,87,83,0,1,,,
2026-09-16,15:00-16:00,CWL-1,Allover Hand Sand,ST-4412 Dark Stone,PO-77101,Dark Blue,107,104,2,0,,,
2026-09-16,16:00-17:00,CWL-1,Allover Hand Sand,ST-5120 Acid Blast,PO-88010,Acid Black,77,78,0,1,,,
2026-09-16,17:00-18:00,CWL-1,Allover Hand Sand,ST-5120 Acid Blast,PO-88010,Acid Black,89,89,1,2,,,
2026-09-16,18:00-19:00,CWL-1,Allover Hand Sand,ST-5120 Acid Blast,PO-88010,Acid Black,102,98,3,1,,,
2026-09-16,19:00-20:00,CWL-1,Allover Hand Sand,ST-5120 Acid Blast,PO-88010,Acid Black,102,104,2,1,,,
2026-09-16,20:00-21:00,CWL-1,Allover Hand Sand,ST-5120 Acid Blast,PO-88010,Acid Black,84,85,1,1,,,
2026-09-16,21:00-22:00,CWL-1,Allover Hand Sand,ST-5120 Acid Blast,PO-88010,Acid Black,90,86,1,1,,,
2026-09-16,22:00-23:00,CWL-1,Allover Hand Sand,ST-5120 Acid Blast,PO-88010,Acid Black,39,39,1,1,30,Waiting for input,
2026-09-16,23:00-00:00,CWL-1,Allover Hand Sand,ST-5120 Acid Blast,PO-88010,Acid Black,89,81,2,1,,,
2026-09-16,00:00-01:00,CWL-1,Allover Hand Sand,ST-3307 Twill Rinse,PO-66120,Khaki,83,78,1,1,,,
2026-09-16,01:00-02:00,CWL-1,Allover Hand Sand,ST-3307 Twill Rinse,PO-66120,Khaki,85,83,2,1,,,
2026-09-16,02:00-03:00,CWL-1,Allover Hand Sand,ST-3307 Twill Rinse,PO-66120,Khaki,89,86,1,1,,,
2026-09-16,03:00-04:00,CWL-1,Allover Hand Sand,ST-3307 Twill Rinse,PO-66120,Khaki,96,98,0,2,,,
2026-09-16,04:00-05:00,CWL-1,Allover Hand Sand,ST-3307 Twill Rinse,PO-66120,Khaki,114,105,2,1,,,
2026-09-16,05:00-06:00,CWL-1,Allover Hand Sand,ST-3307 Twill Rinse,PO-66120,Khaki,90,88,2,1,,,
2026-09-16,06:00-07:00,CWL-1,Allover Hand Sand,ST-3307 Twill Rinse,PO-66120,Khaki,85,84,1,1,,,
2026-09-16,07:00-08:00,CWL-1,Allover Hand Sand,ST-3307 Twill Rinse,PO-66120,Khaki,98,95,1,1,,,
2026-09-16,08:00-09:00,CWL-1,Tagging,ST-4430 Mid Blue,PO-77210,Mid Blue,739,693,7,13,,,
2026-09-16,09:00-10:00,CWL-1,Tagging,ST-4430 Mid Blue,PO-77210,Mid Blue,914,852,13,9,,,
2026-09-16,10:00-11:00,CWL-1,Tagging,ST-4430 Mid Blue,PO-77210,Mid Blue,746,694,17,10,,,
2026-09-16,11:00-12:00,CWL-1,Tagging,ST-4430 Mid Blue,PO-77210,Mid Blue,743,730,8,8,,,
2026-09-16,12:00-13:00,CWL-1,Tagging,ST-4430 Mid Blue,PO-77210,Mid Blue,687,651,14,10,,,
2026-09-16,13:00-14:00,CWL-1,Tagging,ST-4430 Mid Blue,PO-77210,Mid Blue,911,837,7,7,,,
2026-09-16,14:00-15:00,CWL-1,Tagging,ST-4430 Mid Blue,PO-77210,Mid Blue,73,69,1,0,15,Operator shortage,
2026-09-16,15:00-16:00,CWL-1,Tagging,ST-4430 Mid Blue,PO-77210,Mid Blue,888,841,24,15,,,
2026-09-16,16:00-17:00,CWL-1,Tagging,ST-5120 Acid Blast,PO-88010,Acid Black,561,556,16,9,,,
2026-09-16,17:00-18:00,CWL-1,Tagging,ST-5120 Acid Blast,PO-88010,Acid Black,804,813,18,13,,,
2026-09-16,18:00-19:00,CWL-1,Tagging,ST-5120 Acid Blast,PO-88010,Acid Black,793,744,7,10,,,
2026-09-16,19:00-20:00,CWL-1,Tagging,ST-5120 Acid Blast,PO-88010,Acid Black,691,661,6,9,,,
2026-09-16,20:00-21:00,CWL-1,Tagging,ST-5120 Acid Blast,PO-88010,Acid Black,768,702,6,13,,,
2026-09-16,21:00-22:00,CWL-1,Tagging,ST-5120 Acid Blast,PO-88010,Acid Black,805,788,23,4,,,
2026-09-16,22:00-23:00,CWL-1,Tagging,ST-5120 Acid Blast,PO-88010,Acid Black,740,730,12,9,,,
2026-09-16,23:00-00:00,CWL-1,Tagging,ST-5120 Acid Blast,PO-88010,Acid Black,867,854,23,15,,,
2026-09-16,00:00-01:00,CWL-1,Tagging,ST-3307 Twill Rinse,PO-66120,Khaki,598,584,9,9,,,
2026-09-16,01:00-02:00,CWL-1,Tagging,ST-3307 Twill Rinse,PO-66120,Khaki,814,812,16,6,,,
2026-09-16,02:00-03:00,CWL-1,Tagging,ST-3307 Twill Rinse,PO-66120,Khaki,841,823,17,8,,,
2026-09-16,03:00-04:00,CWL-1,Tagging,ST-3307 Twill Rinse,PO-66120,Khaki,888,850,15,7,,,
2026-09-16,04:00-05:00,CWL-1,Tagging,ST-3307 Twill Rinse,PO-66120,Khaki,810,769,11,10,,,
2026-09-16,05:00-06:00,CWL-1,Tagging,ST-3307 Twill Rinse,PO-66120,Khaki,807,766,9,14,,,
2026-09-16,06:00-07:00,CWL-1,Tagging,ST-3307 Twill Rinse,PO-66120,Khaki,792,736,15,9,,,
2026-09-16,07:00-08:00,CWL-1,Tagging,ST-3307 Twill Rinse,PO-66120,Khaki,721,728,9,6,,,
2026-09-16,08:00-09:00,CWL-1,Grinding,ST-4412 Dark Stone,PO-77101,Dark Blue,216,198,3,3,,,
2026-09-16,09:00-10:00,CWL-1,Grinding,ST-4412 Dark Stone,PO-77101,Dark Blue,235,240,2,5,,,
2026-09-16,10:00-11:00,CWL-1,Grinding,ST-4412 Dark Stone,PO-77101,Dark Blue,225,214,2,5,,,
2026-09-16,11:00-12:00,CWL-1,Grinding,ST-4412 Dark Stone,PO-77101,Dark Blue,241,223,4,4,,,
2026-09-16,12:00-13:00,CWL-1,Grinding,ST-4412 Dark Stone,PO-77101,Dark Blue,206,206,5,3,,,
2026-09-16,13:00-14:00,CWL-1,Grinding,ST-4412 Dark Stone,PO-77101,Dark Blue,270,251,2,2,,,
2026-09-16,14:00-15:00,CWL-1,Grinding,ST-4412 Dark Stone,PO-77101,Dark Blue,251,251,4,3,,,
2026-09-16,15:00-16:00,CWL-1,Grinding,ST-4412 Dark Stone,PO-77101,Dark Blue,249,251,6,3,,,
2026-09-16,16:00-17:00,CWL-1,Grinding,ST-3307 Twill Rinse,PO-66120,Khaki,180,173,5,2,,,
2026-09-16,17:00-18:00,CWL-1,Grinding,ST-3307 Twill Rinse,PO-66120,Khaki,8,7,0,1,15,Waiting for material,
2026-09-16,18:00-19:00,CWL-1,Grinding,ST-3307 Twill Rinse,PO-66120,Khaki,219,200,3,3,,,
2026-09-16,19:00-20:00,CWL-1,Grinding,ST-3307 Twill Rinse,PO-66120,Khaki,204,198,1,3,,,
2026-09-16,20:00-21:00,CWL-1,Grinding,ST-3307 Twill Rinse,PO-66120,Khaki,253,257,5,5,,,
2026-09-16,21:00-22:00,CWL-1,Grinding,ST-3307 Twill Rinse,PO-66120,Khaki,214,198,3,2,,,
2026-09-16,22:00-23:00,CWL-1,Grinding,ST-3307 Twill Rinse,PO-66120,Khaki,68,65,2,1,45,Power / utility,
2026-09-16,23:00-00:00,CWL-1,Grinding,ST-3307 Twill Rinse,PO-66120,Khaki,268,258,5,3,,,
2026-09-16,00:00-01:00,CWL-1,Grinding,ST-5120 Acid Blast,PO-88010,Acid Black,78,74,2,1,45,Other,
2026-09-16,01:00-02:00,CWL-1,Grinding,ST-5120 Acid Blast,PO-88010,Acid Black,230,219,3,3,,,
2026-09-16,02:00-03:00,CWL-1,Grinding,ST-5120 Acid Blast,PO-88010,Acid Black,230,230,5,2,,,
2026-09-16,03:00-04:00,CWL-1,Grinding,ST-5120 Acid Blast,PO-88010,Acid Black,274,250,2,4,,,
2026-09-16,04:00-05:00,CWL-1,Grinding,ST-5120 Acid Blast,PO-88010,Acid Black,229,210,5,3,,,
2026-09-16,05:00-06:00,CWL-1,Grinding,ST-5120 Acid Blast,PO-88010,Acid Black,278,254,5,3,,,
2026-09-16,06:00-07:00,CWL-1,Grinding,ST-5120 Acid Blast,PO-88010,Acid Black,255,234,3,3,,,
2026-09-16,07:00-08:00,CWL-1,Grinding,ST-5120 Acid Blast,PO-88010,Acid Black,224,207,3,3,,,
2026-09-16,08:00-09:00,CWL-1,Destruction,ST-4430 Mid Blue,PO-77210,Mid Blue,132,131,3,2,,,
2026-09-16,09:00-10:00,CWL-1,Destruction,ST-4430 Mid Blue,PO-77210,Mid Blue,171,160,4,2,,,
2026-09-16,10:00-11:00,CWL-1,Destruction,ST-4430 Mid Blue,PO-77210,Mid Blue,172,166,3,3,,,
2026-09-16,11:00-12:00,CWL-1,Destruction,ST-4430 Mid Blue,PO-77210,Mid Blue,173,161,4,2,,,
2026-09-16,12:00-13:00,CWL-1,Destruction,ST-4430 Mid Blue,PO-77210,Mid Blue,68,63,1,1,15,Waiting for input,
2026-09-16,13:00-14:00,CWL-1,Destruction,ST-4430 Mid Blue,PO-77210,Mid Blue,168,168,5,1,,,
2026-09-16,14:00-15:00,CWL-1,Destruction,ST-4430 Mid Blue,PO-77210,Mid Blue,158,159,4,1,,,
2026-09-16,15:00-16:00,CWL-1,Destruction,ST-4430 Mid Blue,PO-77210,Mid Blue,187,185,3,3,,,
2026-09-16,16:00-17:00,CWL-1,Destruction,ST-4430 Mid Blue,PO-77210,Mid Blue,154,147,3,2,,,
2026-09-16,17:00-18:00,CWL-1,Destruction,ST-4430 Mid Blue,PO-77210,Mid Blue,195,199,4,2,,,
2026-09-16,18:00-19:00,CWL-1,Destruction,ST-4430 Mid Blue,PO-77210,Mid Blue,152,154,3,2,,,
2026-09-16,19:00-20:00,CWL-1,Destruction,ST-4430 Mid Blue,PO-77210,Mid Blue,82,77,2,1,15,Operator shortage,
2026-09-16,20:00-21:00,CWL-1,Destruction,ST-4430 Mid Blue,PO-77210,Mid Blue,162,159,4,1,,,
2026-09-16,21:00-22:00,CWL-1,Destruction,ST-4430 Mid Blue,PO-77210,Mid Blue,175,167,1,3,,,
2026-09-16,22:00-23:00,CWL-1,Destruction,ST-4430 Mid Blue,PO-77210,Mid Blue,184,181,5,2,,,
2026-09-16,23:00-00:00,CWL-1,Destruction,ST-4430 Mid Blue,PO-77210,Mid Blue,190,190,3,4,,,
2026-09-16,00:00-01:00,CWL-1,Destruction,ST-5120 Acid Blast,PO-88010,Acid Black,165,153,4,1,,,
2026-09-16,01:00-02:00,CWL-1,Destruction,ST-5120 Acid Blast,PO-88010,Acid Black,203,191,4,2,,,
2026-09-16,02:00-03:00,CWL-1,Destruction,ST-5120 Acid Blast,PO-88010,Acid Black,199,189,4,4,,,
2026-09-16,03:00-04:00,CWL-1,Destruction,ST-5120 Acid Blast,PO-88010,Acid Black,180,170,3,3,,,
2026-09-16,04:00-05:00,CWL-1,Destruction,ST-5120 Acid Blast,PO-88010,Acid Black,171,167,1,3,,,
2026-09-16,05:00-06:00,CWL-1,Destruction,ST-5120 Acid Blast,PO-88010,Acid Black,183,174,3,2,,,
2026-09-16,06:00-07:00,CWL-1,Destruction,ST-5120 Acid Blast,PO-88010,Acid Black,206,194,4,4,,,
2026-09-16,07:00-08:00,CWL-1,Destruction,ST-5120 Acid Blast,PO-88010,Acid Black,166,156,2,2,,,
2026-09-16,08:00-09:00,CWL-1,Cutting / Destroy,ST-3307 Twill Rinse,PO-66120,Khaki,324,317,9,5,,,
2026-09-16,09:00-10:00,CWL-1,Cutting / Destroy,ST-3307 Twill Rinse,PO-66120,Khaki,397,364,4,5,,,
2026-09-16,10:00-11:00,CWL-1,Cutting / Destroy,ST-3307 Twill Rinse,PO-66120,Khaki,418,382,5,7,,,
2026-09-16,11:00-12:00,CWL-1,Cutting / Destroy,ST-3307 Twill Rinse,PO-66120,Khaki,419,387,4,8,,,
2026-09-16,12:00-13:00,CWL-1,Cutting / Destroy,ST-3307 Twill Rinse,PO-66120,Khaki,375,358,6,3,,,
2026-09-16,13:00-14:00,CWL-1,Cutting / Destroy,ST-3307 Twill Rinse,PO-66120,Khaki,316,320,4,4,,,
2026-09-16,14:00-15:00,CWL-1,Cutting / Destroy,ST-3307 Twill Rinse,PO-66120,Khaki,363,363,10,5,,,
2026-09-16,15:00-16:00,CWL-1,Cutting / Destroy,ST-3307 Twill Rinse,PO-66120,Khaki,389,386,10,4,,,
2026-09-16,16:00-17:00,CWL-1,Cutting / Destroy,ST-3307 Twill Rinse,PO-66120,Khaki,320,309,4,4,,,
2026-09-16,17:00-18:00,CWL-1,Cutting / Destroy,ST-3307 Twill Rinse,PO-66120,Khaki,340,312,6,5,,,
2026-09-16,18:00-19:00,CWL-1,Cutting / Destroy,ST-3307 Twill Rinse,PO-66120,Khaki,307,298,6,2,,,
2026-09-16,19:00-20:00,CWL-1,Cutting / Destroy,ST-3307 Twill Rinse,PO-66120,Khaki,330,329,10,3,,,
2026-09-16,20:00-21:00,CWL-1,Cutting / Destroy,ST-3307 Twill Rinse,PO-66120,Khaki,323,304,4,5,,,
2026-09-16,21:00-22:00,CWL-1,Cutting / Destroy,ST-3307 Twill Rinse,PO-66120,Khaki,346,333,9,2,,,
2026-09-16,22:00-23:00,CWL-1,Cutting / Destroy,ST-3307 Twill Rinse,PO-66120,Khaki,321,327,3,3,,,
2026-09-16,23:00-00:00,CWL-1,Cutting / Destroy,ST-3307 Twill Rinse,PO-66120,Khaki,359,345,9,5,,,
2026-09-16,00:00-01:00,CWL-1,Cutting / Destroy,ST-4412 Dark Stone,PO-77101,Dark Blue,77,71,0,1,45,Machine breakdown,
2026-09-16,01:00-02:00,CWL-1,Cutting / Destroy,ST-4412 Dark Stone,PO-77101,Dark Blue,369,339,4,6,,,
2026-09-16,02:00-03:00,CWL-1,Cutting / Destroy,ST-4412 Dark Stone,PO-77101,Dark Blue,380,346,6,5,,,
2026-09-16,03:00-04:00,CWL-1,Cutting / Destroy,ST-4412 Dark Stone,PO-77101,Dark Blue,368,355,3,3,,,
2026-09-16,04:00-05:00,CWL-1,Cutting / Destroy,ST-4412 Dark Stone,PO-77101,Dark Blue,313,310,7,3,,,
2026-09-16,05:00-06:00,CWL-1,Cutting / Destroy,ST-4412 Dark Stone,PO-77101,Dark Blue,373,361,8,2,,,
2026-09-16,06:00-07:00,CWL-1,Cutting / Destroy,ST-4412 Dark Stone,PO-77101,Dark Blue,359,329,5,5,,,
2026-09-16,07:00-08:00,CWL-1,Cutting / Destroy,ST-4412 Dark Stone,PO-77101,Dark Blue,379,358,5,6,,,
2026-09-16,08:00-09:00,CWL-1,Air Blowing,ST-5120 Acid Blast,PO-88010,Acid Black,285,287,4,3,,,
2026-09-16,09:00-10:00,CWL-1,Air Blowing,ST-5120 Acid Blast,PO-88010,Acid Black,401,374,5,8,,,
2026-09-16,10:00-11:00,CWL-1,Air Blowing,ST-5120 Acid Blast,PO-88010,Acid Black,457,423,9,4,,,
2026-09-16,11:00-12:00,CWL-1,Air Blowing,ST-5120 Acid Blast,PO-88010,Acid Black,368,352,5,7,,,
2026-09-16,12:00-13:00,CWL-1,Air Blowing,ST-5120 Acid Blast,PO-88010,Acid Black,29,29,1,1,45,Changeover / setup,
2026-09-16,13:00-14:00,CWL-1,Air Blowing,ST-5120 Acid Blast,PO-88010,Acid Black,452,419,7,2,,,
2026-09-16,14:00-15:00,CWL-1,Air Blowing,ST-5120 Acid Blast,PO-88010,Acid Black,378,360,3,6,,,
2026-09-16,15:00-16:00,CWL-1,Air Blowing,ST-5120 Acid Blast,PO-88010,Acid Black,453,422,4,4,,,
2026-09-16,16:00-17:00,CWL-1,Air Blowing,ST-3307 Twill Rinse,PO-66120,Khaki,332,318,6,2,,,
2026-09-16,17:00-18:00,CWL-1,Air Blowing,ST-3307 Twill Rinse,PO-66120,Khaki,436,399,7,4,,,
2026-09-16,18:00-19:00,CWL-1,Air Blowing,ST-3307 Twill Rinse,PO-66120,Khaki,413,419,12,2,,,
2026-09-16,19:00-20:00,CWL-1,Air Blowing,ST-3307 Twill Rinse,PO-66120,Khaki,371,347,5,6,,,
2026-09-16,20:00-21:00,CWL-1,Air Blowing,ST-3307 Twill Rinse,PO-66120,Khaki,368,361,6,4,,,
2026-09-16,21:00-22:00,CWL-1,Air Blowing,ST-3307 Twill Rinse,PO-66120,Khaki,452,441,13,3,,,
2026-09-16,22:00-23:00,CWL-1,Air Blowing,ST-3307 Twill Rinse,PO-66120,Khaki,369,338,3,6,,,
2026-09-16,23:00-00:00,CWL-1,Air Blowing,ST-3307 Twill Rinse,PO-66120,Khaki,455,429,8,8,,,
2026-09-16,00:00-01:00,CWL-1,Air Blowing,ST-4430 Mid Blue,PO-77210,Mid Blue,371,368,10,2,,,
2026-09-16,01:00-02:00,CWL-1,Air Blowing,ST-4430 Mid Blue,PO-77210,Mid Blue,419,402,7,4,,,
2026-09-16,02:00-03:00,CWL-1,Air Blowing,ST-4430 Mid Blue,PO-77210,Mid Blue,433,422,7,8,,,
2026-09-16,03:00-04:00,CWL-1,Air Blowing,ST-4430 Mid Blue,PO-77210,Mid Blue,448,429,11,8,,,
2026-09-16,04:00-05:00,CWL-1,Air Blowing,ST-4430 Mid Blue,PO-77210,Mid Blue,439,439,8,3,,,
2026-09-16,05:00-06:00,CWL-1,Air Blowing,ST-4430 Mid Blue,PO-77210,Mid Blue,387,367,8,8,,,
2026-09-16,06:00-07:00,CWL-1,Air Blowing,ST-4430 Mid Blue,PO-77210,Mid Blue,387,370,4,4,,,
2026-09-16,07:00-08:00,CWL-1,Air Blowing,ST-4430 Mid Blue,PO-77210,Mid Blue,403,411,11,6,,,
2026-09-16,08:00-09:00,CWL-1,PP Spray (Front & Back),ST-5120 Acid Blast,PO-88010,Acid Black,685,682,15,5,,,
2026-09-16,09:00-10:00,CWL-1,PP Spray (Front & Back),ST-5120 Acid Blast,PO-88010,Acid Black,757,767,14,11,,,
2026-09-16,10:00-11:00,CWL-1,PP Spray (Front & Back),ST-5120 Acid Blast,PO-88010,Acid Black,863,875,19,15,,,
2026-09-16,11:00-12:00,CWL-1,PP Spray (Front & Back),ST-5120 Acid Blast,PO-88010,Acid Black,904,866,23,9,,,
2026-09-16,12:00-13:00,CWL-1,PP Spray (Front & Back),ST-5120 Acid Blast,PO-88010,Acid Black,888,843,7,7,,,
2026-09-16,13:00-14:00,CWL-1,PP Spray (Front & Back),ST-5120 Acid Blast,PO-88010,Acid Black,985,968,9,14,,,
2026-09-16,14:00-15:00,CWL-1,PP Spray (Front & Back),ST-5120 Acid Blast,PO-88010,Acid Black,893,820,16,7,,,
2026-09-16,15:00-16:00,CWL-1,PP Spray (Front & Back),ST-5120 Acid Blast,PO-88010,Acid Black,969,887,20,8,,,
2026-09-16,16:00-17:00,CWL-1,PP Spray (Front & Back),ST-4430 Mid Blue,PO-77210,Mid Blue,681,649,5,5,,,
2026-09-16,17:00-18:00,CWL-1,PP Spray (Front & Back),ST-4430 Mid Blue,PO-77210,Mid Blue,897,846,10,6,,,
2026-09-16,18:00-19:00,CWL-1,PP Spray (Front & Back),ST-4430 Mid Blue,PO-77210,Mid Blue,942,923,12,10,,,
2026-09-16,19:00-20:00,CWL-1,PP Spray (Front & Back),ST-4430 Mid Blue,PO-77210,Mid Blue,1058,979,18,8,,,
2026-09-16,20:00-21:00,CWL-1,PP Spray (Front & Back),ST-4430 Mid Blue,PO-77210,Mid Blue,926,879,19,9,,,
2026-09-16,21:00-22:00,CWL-1,PP Spray (Front & Back),ST-4430 Mid Blue,PO-77210,Mid Blue,885,891,13,6,,,
2026-09-16,22:00-23:00,CWL-1,PP Spray (Front & Back),ST-4430 Mid Blue,PO-77210,Mid Blue,933,903,13,16,,,
2026-09-16,23:00-00:00,CWL-1,PP Spray (Front & Back),ST-4430 Mid Blue,PO-77210,Mid Blue,939,953,26,8,,,
2026-09-16,00:00-01:00,CWL-1,PP Spray (Front & Back),ST-4430 Mid Blue,PO-77210,Mid Blue,764,770,21,5,,,
2026-09-16,01:00-02:00,CWL-1,PP Spray (Front & Back),ST-4430 Mid Blue,PO-77210,Mid Blue,918,837,11,17,,,
2026-09-16,02:00-03:00,CWL-1,PP Spray (Front & Back),ST-4430 Mid Blue,PO-77210,Mid Blue,894,885,24,12,,,
2026-09-16,03:00-04:00,CWL-1,PP Spray (Front & Back),ST-4430 Mid Blue,PO-77210,Mid Blue,983,960,22,13,,,
2026-09-16,04:00-05:00,CWL-1,PP Spray (Front & Back),ST-4430 Mid Blue,PO-77210,Mid Blue,957,890,10,6,,,
2026-09-16,05:00-06:00,CWL-1,PP Spray (Front & Back),ST-4430 Mid Blue,PO-77210,Mid Blue,909,842,19,9,,,
2026-09-16,06:00-07:00,CWL-1,PP Spray (Front & Back),ST-4430 Mid Blue,PO-77210,Mid Blue,1010,939,15,6,,,
2026-09-16,07:00-08:00,CWL-1,PP Spray (Front & Back),ST-4430 Mid Blue,PO-77210,Mid Blue,918,855,25,9,,,
2026-09-16,08:00-09:00,CWL-1,Allover PP Spray,ST-3307 Twill Rinse,PO-66120,Khaki,286,280,8,3,,,
2026-09-16,09:00-10:00,CWL-1,Allover PP Spray,ST-3307 Twill Rinse,PO-66120,Khaki,318,303,5,3,,,
2026-09-16,10:00-11:00,CWL-1,Allover PP Spray,ST-3307 Twill Rinse,PO-66120,Khaki,311,310,7,4,,,
2026-09-16,11:00-12:00,CWL-1,Allover PP Spray,ST-3307 Twill Rinse,PO-66120,Khaki,301,306,6,4,,,
2026-09-16,12:00-13:00,CWL-1,Allover PP Spray,ST-3307 Twill Rinse,PO-66120,Khaki,354,349,7,3,,,
2026-09-16,13:00-14:00,CWL-1,Allover PP Spray,ST-3307 Twill Rinse,PO-66120,Khaki,322,317,5,2,,,
2026-09-16,14:00-15:00,CWL-1,Allover PP Spray,ST-3307 Twill Rinse,PO-66120,Khaki,310,311,3,4,,,
2026-09-16,15:00-16:00,CWL-1,Allover PP Spray,ST-3307 Twill Rinse,PO-66120,Khaki,353,346,7,4,,,
2026-09-16,16:00-17:00,CWL-1,Allover PP Spray,ST-3307 Twill Rinse,PO-66120,Khaki,272,264,6,3,,,
2026-09-16,17:00-18:00,CWL-1,Allover PP Spray,ST-3307 Twill Rinse,PO-66120,Khaki,361,366,10,3,,,
2026-09-16,18:00-19:00,CWL-1,Allover PP Spray,ST-3307 Twill Rinse,PO-66120,Khaki,379,357,10,4,,,
2026-09-16,19:00-20:00,CWL-1,Allover PP Spray,ST-3307 Twill Rinse,PO-66120,Khaki,293,292,6,5,,,
2026-09-16,20:00-21:00,CWL-1,Allover PP Spray,ST-3307 Twill Rinse,PO-66120,Khaki,302,291,7,3,,,
2026-09-16,21:00-22:00,CWL-1,Allover PP Spray,ST-3307 Twill Rinse,PO-66120,Khaki,356,362,7,6,,,
2026-09-16,22:00-23:00,CWL-1,Allover PP Spray,ST-3307 Twill Rinse,PO-66120,Khaki,378,353,4,7,,,
2026-09-16,23:00-00:00,CWL-1,Allover PP Spray,ST-3307 Twill Rinse,PO-66120,Khaki,329,330,9,4,,,
2026-09-16,00:00-01:00,CWL-1,Allover PP Spray,ST-5120 Acid Blast,PO-88010,Acid Black,254,258,6,2,,,
2026-09-16,01:00-02:00,CWL-1,Allover PP Spray,ST-5120 Acid Blast,PO-88010,Acid Black,295,288,5,2,,,
2026-09-16,02:00-03:00,CWL-1,Allover PP Spray,ST-5120 Acid Blast,PO-88010,Acid Black,297,288,5,3,,,
2026-09-16,03:00-04:00,CWL-1,Allover PP Spray,ST-5120 Acid Blast,PO-88010,Acid Black,378,366,7,3,,,
2026-09-16,04:00-05:00,CWL-1,Allover PP Spray,ST-5120 Acid Blast,PO-88010,Acid Black,332,321,9,2,,,
2026-09-16,05:00-06:00,CWL-1,Allover PP Spray,ST-5120 Acid Blast,PO-88010,Acid Black,332,337,4,3,,,
2026-09-16,06:00-07:00,CWL-1,Allover PP Spray,ST-5120 Acid Blast,PO-88010,Acid Black,363,362,6,4,,,
2026-09-16,07:00-08:00,CWL-1,Allover PP Spray,ST-5120 Acid Blast,PO-88010,Acid Black,354,347,9,4,,,
2026-09-16,08:00-09:00,CWL-1,PP Rubbing,ST-4412 Dark Stone,PO-77101,Dark Blue,181,176,5,1,,,
2026-09-16,09:00-10:00,CWL-1,PP Rubbing,ST-4412 Dark Stone,PO-77101,Dark Blue,198,180,4,3,,,
2026-09-16,10:00-11:00,CWL-1,PP Rubbing,ST-4412 Dark Stone,PO-77101,Dark Blue,208,193,5,3,,,
2026-09-16,11:00-12:00,CWL-1,PP Rubbing,ST-4412 Dark Stone,PO-77101,Dark Blue,217,213,4,1,,,
2026-09-16,12:00-13:00,CWL-1,PP Rubbing,ST-4412 Dark Stone,PO-77101,Dark Blue,228,213,4,3,,,
2026-09-16,13:00-14:00,CWL-1,PP Rubbing,ST-4412 Dark Stone,PO-77101,Dark Blue,191,177,3,2,,,
2026-09-16,14:00-15:00,CWL-1,PP Rubbing,ST-4412 Dark Stone,PO-77101,Dark Blue,183,174,3,1,,,
2026-09-16,15:00-16:00,CWL-1,PP Rubbing,ST-4412 Dark Stone,PO-77101,Dark Blue,233,214,3,3,,,
2026-09-16,16:00-17:00,CWL-1,PP Rubbing,ST-3307 Twill Rinse,PO-66120,Khaki,189,182,1,2,,,
2026-09-16,17:00-18:00,CWL-1,PP Rubbing,ST-3307 Twill Rinse,PO-66120,Khaki,194,185,2,2,,,
2026-09-16,18:00-19:00,CWL-1,PP Rubbing,ST-3307 Twill Rinse,PO-66120,Khaki,175,174,5,3,,,
2026-09-16,19:00-20:00,CWL-1,PP Rubbing,ST-3307 Twill Rinse,PO-66120,Khaki,195,188,5,2,,,
2026-09-16,20:00-21:00,CWL-1,PP Rubbing,ST-3307 Twill Rinse,PO-66120,Khaki,197,180,5,1,,,
2026-09-16,21:00-22:00,CWL-1,PP Rubbing,ST-3307 Twill Rinse,PO-66120,Khaki,191,181,4,3,,,
2026-09-16,22:00-23:00,CWL-1,PP Rubbing,ST-3307 Twill Rinse,PO-66120,Khaki,199,190,6,3,,,
2026-09-16,23:00-00:00,CWL-1,PP Rubbing,ST-3307 Twill Rinse,PO-66120,Khaki,217,203,2,3,,,
2026-09-16,00:00-01:00,CWL-1,PP Rubbing,ST-4430 Mid Blue,PO-77210,Mid Blue,149,148,2,2,,,
2026-09-16,01:00-02:00,CWL-1,PP Rubbing,ST-4430 Mid Blue,PO-77210,Mid Blue,228,214,4,3,,,
2026-09-16,02:00-03:00,CWL-1,PP Rubbing,ST-4430 Mid Blue,PO-77210,Mid Blue,21,20,0,0,30,Changeover / setup,
2026-09-16,03:00-04:00,CWL-1,PP Rubbing,ST-4430 Mid Blue,PO-77210,Mid Blue,193,176,1,1,,,
2026-09-16,04:00-05:00,CWL-1,PP Rubbing,ST-4430 Mid Blue,PO-77210,Mid Blue,199,191,4,3,,,
2026-09-16,05:00-06:00,CWL-1,PP Rubbing,ST-4430 Mid Blue,PO-77210,Mid Blue,190,192,5,2,,,
2026-09-16,06:00-07:00,CWL-1,PP Rubbing,ST-4430 Mid Blue,PO-77210,Mid Blue,223,212,5,4,,,
2026-09-16,07:00-08:00,CWL-1,PP Rubbing,ST-4430 Mid Blue,PO-77210,Mid Blue,208,207,5,2,,,
2026-09-16,08:00-09:00,CWL-1,Machine 3D,ST-3307 Twill Rinse,PO-66120,Khaki,278,268,8,2,,,
2026-09-16,09:00-10:00,CWL-1,Machine 3D,ST-3307 Twill Rinse,PO-66120,Khaki,303,280,7,3,,,
2026-09-16,10:00-11:00,CWL-1,Machine 3D,ST-3307 Twill Rinse,PO-66120,Khaki,255,257,5,3,,,
2026-09-16,11:00-12:00,CWL-1,Machine 3D,ST-3307 Twill Rinse,PO-66120,Khaki,284,273,2,4,,,
2026-09-16,12:00-13:00,CWL-1,Machine 3D,ST-3307 Twill Rinse,PO-66120,Khaki,347,319,5,3,,,
2026-09-16,13:00-14:00,CWL-1,Machine 3D,ST-3307 Twill Rinse,PO-66120,Khaki,310,311,3,4,,,
2026-09-16,14:00-15:00,CWL-1,Machine 3D,ST-3307 Twill Rinse,PO-66120,Khaki,270,260,7,3,,,
2026-09-16,15:00-16:00,CWL-1,Machine 3D,ST-3307 Twill Rinse,PO-66120,Khaki,287,264,7,2,,,
2026-09-16,16:00-17:00,CWL-1,Machine 3D,ST-4412 Dark Stone,PO-77101,Dark Blue,278,268,5,2,,,
2026-09-16,17:00-18:00,CWL-1,Machine 3D,ST-4412 Dark Stone,PO-77101,Dark Blue,270,262,4,2,,,
2026-09-16,18:00-19:00,CWL-1,Machine 3D,ST-4412 Dark Stone,PO-77101,Dark Blue,269,256,5,1,,,
2026-09-16,19:00-20:00,CWL-1,Machine 3D,ST-4412 Dark Stone,PO-77101,Dark Blue,266,263,4,4,,,
2026-09-16,20:00-21:00,CWL-1,Machine 3D,ST-4412 Dark Stone,PO-77101,Dark Blue,290,281,8,6,,,
2026-09-16,21:00-22:00,CWL-1,Machine 3D,ST-4412 Dark Stone,PO-77101,Dark Blue,274,268,6,3,,,
2026-09-16,22:00-23:00,CWL-1,Machine 3D,ST-4412 Dark Stone,PO-77101,Dark Blue,298,283,4,3,,,
2026-09-16,23:00-00:00,CWL-1,Machine 3D,ST-4412 Dark Stone,PO-77101,Dark Blue,325,322,3,3,,,
2026-09-16,00:00-01:00,CWL-1,Machine 3D,ST-3307 Twill Rinse,PO-66120,Khaki,279,270,3,4,,,
2026-09-16,01:00-02:00,CWL-1,Machine 3D,ST-3307 Twill Rinse,PO-66120,Khaki,283,287,3,2,,,
2026-09-16,02:00-03:00,CWL-1,Machine 3D,ST-3307 Twill Rinse,PO-66120,Khaki,260,255,3,4,,,
2026-09-16,03:00-04:00,CWL-1,Machine 3D,ST-3307 Twill Rinse,PO-66120,Khaki,301,292,4,3,,,
2026-09-16,04:00-05:00,CWL-1,Machine 3D,ST-3307 Twill Rinse,PO-66120,Khaki,270,269,6,4,,,
2026-09-16,05:00-06:00,CWL-1,Machine 3D,ST-3307 Twill Rinse,PO-66120,Khaki,297,283,6,3,,,
2026-09-16,06:00-07:00,CWL-1,Machine 3D,ST-3307 Twill Rinse,PO-66120,Khaki,83,78,1,2,15,Operator shortage,
2026-09-16,07:00-08:00,CWL-1,Machine 3D,ST-3307 Twill Rinse,PO-66120,Khaki,287,282,8,4,,,
2026-09-16,08:00-09:00,CWL-1,Iron 3D,ST-3307 Twill Rinse,PO-66120,Khaki,249,233,7,2,,,
2026-09-16,09:00-10:00,CWL-1,Iron 3D,ST-3307 Twill Rinse,PO-66120,Khaki,313,297,6,1,,,
2026-09-16,10:00-11:00,CWL-1,Iron 3D,ST-3307 Twill Rinse,PO-66120,Khaki,271,265,7,2,,,
2026-09-16,11:00-12:00,CWL-1,Iron 3D,ST-3307 Twill Rinse,PO-66120,Khaki,275,278,4,2,,,
2026-09-16,12:00-13:00,CWL-1,Iron 3D,ST-3307 Twill Rinse,PO-66120,Khaki,261,239,6,3,,,
2026-09-16,13:00-14:00,CWL-1,Iron 3D,ST-3307 Twill Rinse,PO-66120,Khaki,245,242,2,4,,,
2026-09-16,14:00-15:00,CWL-1,Iron 3D,ST-3307 Twill Rinse,PO-66120,Khaki,271,274,3,5,,,
2026-09-16,15:00-16:00,CWL-1,Iron 3D,ST-3307 Twill Rinse,PO-66120,Khaki,288,290,3,2,,,
2026-09-16,16:00-17:00,CWL-1,Iron 3D,ST-3307 Twill Rinse,PO-66120,Khaki,198,199,4,2,,,
2026-09-16,17:00-18:00,CWL-1,Iron 3D,ST-3307 Twill Rinse,PO-66120,Khaki,98,99,0,2,30,Waiting for material,
2026-09-16,18:00-19:00,CWL-1,Iron 3D,ST-3307 Twill Rinse,PO-66120,Khaki,307,289,6,2,,,
2026-09-16,19:00-20:00,CWL-1,Iron 3D,ST-3307 Twill Rinse,PO-66120,Khaki,292,289,5,2,,,
2026-09-16,20:00-21:00,CWL-1,Iron 3D,ST-3307 Twill Rinse,PO-66120,Khaki,272,274,7,3,,,
2026-09-16,21:00-22:00,CWL-1,Iron 3D,ST-3307 Twill Rinse,PO-66120,Khaki,244,233,5,2,,,
2026-09-16,22:00-23:00,CWL-1,Iron 3D,ST-3307 Twill Rinse,PO-66120,Khaki,274,270,4,3,,,
2026-09-16,23:00-00:00,CWL-1,Iron 3D,ST-3307 Twill Rinse,PO-66120,Khaki,290,273,2,3,,,
2026-09-16,00:00-01:00,CWL-1,Iron 3D,ST-5120 Acid Blast,PO-88010,Acid Black,206,206,2,1,,,
2026-09-16,01:00-02:00,CWL-1,Iron 3D,ST-5120 Acid Blast,PO-88010,Acid Black,245,230,7,4,,,
2026-09-16,02:00-03:00,CWL-1,Iron 3D,ST-5120 Acid Blast,PO-88010,Acid Black,309,297,9,6,,,
2026-09-16,03:00-04:00,CWL-1,Iron 3D,ST-5120 Acid Blast,PO-88010,Acid Black,254,252,6,2,,,
2026-09-16,04:00-05:00,CWL-1,Iron 3D,ST-5120 Acid Blast,PO-88010,Acid Black,285,276,7,4,,,
2026-09-16,05:00-06:00,CWL-1,Iron 3D,ST-5120 Acid Blast,PO-88010,Acid Black,295,269,2,3,,,
2026-09-16,06:00-07:00,CWL-1,Iron 3D,ST-5120 Acid Blast,PO-88010,Acid Black,58,59,1,0,15,Operator shortage,
2026-09-16,07:00-08:00,CWL-1,Iron 3D,ST-5120 Acid Blast,PO-88010,Acid Black,67,67,0,1,15,Other,
2026-09-17,08:00-09:00,CWL-1,Laser Whisker,ST-3307 Twill Rinse,PO-66120,Khaki,25,23,0,1,,,
2026-09-17,09:00-10:00,CWL-1,Laser Whisker,ST-3307 Twill Rinse,PO-66120,Khaki,35,35,1,0,,,
2026-09-17,10:00-11:00,CWL-1,Laser Whisker,ST-3307 Twill Rinse,PO-66120,Khaki,35,32,0,0,,,
2026-09-17,11:00-12:00,CWL-1,Laser Whisker,ST-3307 Twill Rinse,PO-66120,Khaki,30,30,1,1,,,
2026-09-17,12:00-13:00,CWL-1,Laser Whisker,ST-3307 Twill Rinse,PO-66120,Khaki,32,29,0,1,,,
2026-09-17,13:00-14:00,CWL-1,Laser Whisker,ST-3307 Twill Rinse,PO-66120,Khaki,36,34,0,0,,,
2026-09-17,14:00-15:00,CWL-1,Laser Whisker,ST-3307 Twill Rinse,PO-66120,Khaki,32,30,1,1,,,
2026-09-17,15:00-16:00,CWL-1,Laser Whisker,ST-3307 Twill Rinse,PO-66120,Khaki,34,34,1,0,,,
2026-09-17,16:00-17:00,CWL-1,Laser Whisker,ST-4430 Mid Blue,PO-77210,Mid Blue,27,27,1,1,,,
2026-09-17,17:00-18:00,CWL-1,Laser Whisker,ST-4430 Mid Blue,PO-77210,Mid Blue,28,26,0,1,,,
2026-09-17,18:00-19:00,CWL-1,Laser Whisker,ST-4430 Mid Blue,PO-77210,Mid Blue,31,28,1,0,,,
2026-09-17,19:00-20:00,CWL-1,Laser Whisker,ST-4430 Mid Blue,PO-77210,Mid Blue,36,34,0,0,,,
2026-09-17,20:00-21:00,CWL-1,Laser Whisker,ST-4430 Mid Blue,PO-77210,Mid Blue,33,33,1,0,,,
2026-09-17,21:00-22:00,CWL-1,Laser Whisker,ST-4430 Mid Blue,PO-77210,Mid Blue,29,29,1,0,,,
2026-09-17,22:00-23:00,CWL-1,Laser Whisker,ST-4430 Mid Blue,PO-77210,Mid Blue,29,27,1,0,,,
2026-09-17,23:00-00:00,CWL-1,Laser Whisker,ST-4430 Mid Blue,PO-77210,Mid Blue,35,33,0,0,,,
2026-09-17,00:00-01:00,CWL-1,Laser Whisker,ST-3307 Twill Rinse,PO-66120,Khaki,27,26,1,0,,,
2026-09-17,01:00-02:00,CWL-1,Laser Whisker,ST-3307 Twill Rinse,PO-66120,Khaki,28,27,1,1,,,
2026-09-17,02:00-03:00,CWL-1,Laser Whisker,ST-3307 Twill Rinse,PO-66120,Khaki,29,28,0,0,,,
2026-09-17,03:00-04:00,CWL-1,Laser Whisker,ST-3307 Twill Rinse,PO-66120,Khaki,28,28,1,0,,,
2026-09-17,04:00-05:00,CWL-1,Laser Whisker,ST-3307 Twill Rinse,PO-66120,Khaki,35,33,0,0,,,
2026-09-17,05:00-06:00,CWL-1,Laser Whisker,ST-3307 Twill Rinse,PO-66120,Khaki,33,33,1,0,,,
2026-09-17,06:00-07:00,CWL-1,Laser Whisker,ST-3307 Twill Rinse,PO-66120,Khaki,35,33,0,0,,,
2026-09-17,07:00-08:00,CWL-1,Laser Whisker,ST-3307 Twill Rinse,PO-66120,Khaki,32,31,1,1,,,
2026-09-17,08:00-09:00,CWL-1,Laser Mark Destroy,ST-5120 Acid Blast,PO-88010,Acid Black,70,70,2,1,,,
2026-09-17,09:00-10:00,CWL-1,Laser Mark Destroy,ST-5120 Acid Blast,PO-88010,Acid Black,103,99,2,1,,,
2026-09-17,10:00-11:00,CWL-1,Laser Mark Destroy,ST-5120 Acid Blast,PO-88010,Acid Black,91,92,1,1,,,
2026-09-17,11:00-12:00,CWL-1,Laser Mark Destroy,ST-5120 Acid Blast,PO-88010,Acid Black,99,92,2,0,,,
2026-09-17,12:00-13:00,CWL-1,Laser Mark Destroy,ST-5120 Acid Blast,PO-88010,Acid Black,88,82,2,1,,,
2026-09-17,13:00-14:00,CWL-1,Laser Mark Destroy,ST-5120 Acid Blast,PO-88010,Acid Black,99,92,1,2,,,
2026-09-17,14:00-15:00,CWL-1,Laser Mark Destroy,ST-5120 Acid Blast,PO-88010,Acid Black,89,86,2,1,,,
2026-09-17,15:00-16:00,CWL-1,Laser Mark Destroy,ST-5120 Acid Blast,PO-88010,Acid Black,98,91,3,0,,,
2026-09-17,16:00-17:00,CWL-1,Laser Mark Destroy,ST-4430 Mid Blue,PO-77210,Mid Blue,69,69,1,0,,,
2026-09-17,17:00-18:00,CWL-1,Laser Mark Destroy,ST-4430 Mid Blue,PO-77210,Mid Blue,98,95,2,2,,,
2026-09-17,18:00-19:00,CWL-1,Laser Mark Destroy,ST-4430 Mid Blue,PO-77210,Mid Blue,81,82,1,1,,,
2026-09-17,19:00-20:00,CWL-1,Laser Mark Destroy,ST-4430 Mid Blue,PO-77210,Mid Blue,108,100,3,1,,,
2026-09-17,20:00-21:00,CWL-1,Laser Mark Destroy,ST-4430 Mid Blue,PO-77210,Mid Blue,84,83,2,1,,,
2026-09-17,21:00-22:00,CWL-1,Laser Mark Destroy,ST-4430 Mid Blue,PO-77210,Mid Blue,100,95,2,2,,,
2026-09-17,22:00-23:00,CWL-1,Laser Mark Destroy,ST-4430 Mid Blue,PO-77210,Mid Blue,95,88,2,1,,,
2026-09-17,23:00-00:00,CWL-1,Laser Mark Destroy,ST-4430 Mid Blue,PO-77210,Mid Blue,101,95,2,1,,,
2026-09-17,00:00-01:00,CWL-1,Laser Mark Destroy,ST-4412 Dark Stone,PO-77101,Dark Blue,72,70,1,1,,,
2026-09-17,01:00-02:00,CWL-1,Laser Mark Destroy,ST-4412 Dark Stone,PO-77101,Dark Blue,92,88,1,1,,,
2026-09-17,02:00-03:00,CWL-1,Laser Mark Destroy,ST-4412 Dark Stone,PO-77101,Dark Blue,83,82,2,0,,,
2026-09-17,03:00-04:00,CWL-1,Laser Mark Destroy,ST-4412 Dark Stone,PO-77101,Dark Blue,98,98,3,2,,,
2026-09-17,04:00-05:00,CWL-1,Laser Mark Destroy,ST-4412 Dark Stone,PO-77101,Dark Blue,85,85,2,1,,,
2026-09-17,05:00-06:00,CWL-1,Laser Mark Destroy,ST-4412 Dark Stone,PO-77101,Dark Blue,12,11,0,0,15,Quality hold,
2026-09-17,06:00-07:00,CWL-1,Laser Mark Destroy,ST-4412 Dark Stone,PO-77101,Dark Blue,97,95,1,2,,,
2026-09-17,07:00-08:00,CWL-1,Laser Mark Destroy,ST-4412 Dark Stone,PO-77101,Dark Blue,88,85,1,1,,,
2026-09-17,08:00-09:00,CWL-1,Pattern Whisker,ST-4430 Mid Blue,PO-77210,Mid Blue,1008,993,17,17,,,
2026-09-17,09:00-10:00,CWL-1,Pattern Whisker,ST-4430 Mid Blue,PO-77210,Mid Blue,1059,1051,29,21,,,
2026-09-17,10:00-11:00,CWL-1,Pattern Whisker,ST-4430 Mid Blue,PO-77210,Mid Blue,1196,1095,32,9,,,
2026-09-17,11:00-12:00,CWL-1,Pattern Whisker,ST-4430 Mid Blue,PO-77210,Mid Blue,1053,1041,11,18,,,
2026-09-17,12:00-13:00,CWL-1,Pattern Whisker,ST-4430 Mid Blue,PO-77210,Mid Blue,1267,1218,29,8,,,
2026-09-17,13:00-14:00,CWL-1,Pattern Whisker,ST-4430 Mid Blue,PO-77210,Mid Blue,1207,1127,13,15,,,
2026-09-17,14:00-15:00,CWL-1,Pattern Whisker,ST-4430 Mid Blue,PO-77210,Mid Blue,1178,1111,15,17,,,
2026-09-17,15:00-16:00,CWL-1,Pattern Whisker,ST-4430 Mid Blue,PO-77210,Mid Blue,1311,1303,35,23,,,
2026-09-17,16:00-17:00,CWL-1,Pattern Whisker,ST-5120 Acid Blast,PO-88010,Acid Black,1072,1055,24,8,,,
2026-09-17,17:00-18:00,CWL-1,Pattern Whisker,ST-5120 Acid Blast,PO-88010,Acid Black,1248,1234,23,15,,,
2026-09-17,18:00-19:00,CWL-1,Pattern Whisker,ST-5120 Acid Blast,PO-88010,Acid Black,1349,1267,29,18,,,
2026-09-17,19:00-20:00,CWL-1,Pattern Whisker,ST-5120 Acid Blast,PO-88010,Acid Black,1304,1284,16,19,,,
2026-09-17,20:00-21:00,CWL-1,Pattern Whisker,ST-5120 Acid Blast,PO-88010,Acid Black,1276,1236,18,12,,,
2026-09-17,21:00-22:00,CWL-1,Pattern Whisker,ST-5120 Acid Blast,PO-88010,Acid Black,1171,1121,25,19,,,
2026-09-17,22:00-23:00,CWL-1,Pattern Whisker,ST-5120 Acid Blast,PO-88010,Acid Black,1357,1267,26,13,,,
2026-09-17,23:00-00:00,CWL-1,Pattern Whisker,ST-5120 Acid Blast,PO-88010,Acid Black,1298,1209,24,8,,,
2026-09-17,00:00-01:00,CWL-1,Pattern Whisker,ST-4430 Mid Blue,PO-77210,Mid Blue,1108,1022,20,11,,,
2026-09-17,01:00-02:00,CWL-1,Pattern Whisker,ST-4430 Mid Blue,PO-77210,Mid Blue,1229,1163,28,17,,,
2026-09-17,02:00-03:00,CWL-1,Pattern Whisker,ST-4430 Mid Blue,PO-77210,Mid Blue,1363,1264,12,13,,,
2026-09-17,03:00-04:00,CWL-1,Pattern Whisker,ST-4430 Mid Blue,PO-77210,Mid Blue,1315,1236,14,13,,,
2026-09-17,04:00-05:00,CWL-1,Pattern Whisker,ST-4430 Mid Blue,PO-77210,Mid Blue,1291,1211,19,7,,,
2026-09-17,05:00-06:00,CWL-1,Pattern Whisker,ST-4430 Mid Blue,PO-77210,Mid Blue,1347,1347,17,18,,,
2026-09-17,06:00-07:00,CWL-1,Pattern Whisker,ST-4430 Mid Blue,PO-77210,Mid Blue,1343,1285,11,10,,,
2026-09-17,07:00-08:00,CWL-1,Pattern Whisker,ST-4430 Mid Blue,PO-77210,Mid Blue,1356,1332,15,20,,,
2026-09-17,08:00-09:00,CWL-1,Hand Sand (Front & Back),ST-4412 Dark Stone,PO-77101,Dark Blue,540,499,5,9,,,
2026-09-17,09:00-10:00,CWL-1,Hand Sand (Front & Back),ST-4412 Dark Stone,PO-77101,Dark Blue,626,627,6,5,,,
2026-09-17,10:00-11:00,CWL-1,Hand Sand (Front & Back),ST-4412 Dark Stone,PO-77101,Dark Blue,690,657,13,4,,,
2026-09-17,11:00-12:00,CWL-1,Hand Sand (Front & Back),ST-4412 Dark Stone,PO-77101,Dark Blue,555,514,9,4,,,
2026-09-17,12:00-13:00,CWL-1,Hand Sand (Front & Back),ST-4412 Dark Stone,PO-77101,Dark Blue,660,610,11,10,,,
2026-09-17,13:00-14:00,CWL-1,Hand Sand (Front & Back),ST-4412 Dark Stone,PO-77101,Dark Blue,594,593,13,6,,,
2026-09-17,14:00-15:00,CWL-1,Hand Sand (Front & Back),ST-4412 Dark Stone,PO-77101,Dark Blue,563,513,10,8,,,
2026-09-17,15:00-16:00,CWL-1,Hand Sand (Front & Back),ST-4412 Dark Stone,PO-77101,Dark Blue,552,520,13,3,,,
2026-09-17,16:00-17:00,CWL-1,Hand Sand (Front & Back),ST-4430 Mid Blue,PO-77210,Mid Blue,598,564,12,3,,,
2026-09-17,17:00-18:00,CWL-1,Hand Sand (Front & Back),ST-4430 Mid Blue,PO-77210,Mid Blue,594,543,9,5,,,
2026-09-17,18:00-19:00,CWL-1,Hand Sand (Front & Back),ST-4430 Mid Blue,PO-77210,Mid Blue,543,532,15,4,,,
2026-09-17,19:00-20:00,CWL-1,Hand Sand (Front & Back),ST-4430 Mid Blue,PO-77210,Mid Blue,637,603,13,5,,,
2026-09-17,20:00-21:00,CWL-1,Hand Sand (Front & Back),ST-4430 Mid Blue,PO-77210,Mid Blue,637,630,9,7,,,
2026-09-17,21:00-22:00,CWL-1,Hand Sand (Front & Back),ST-4430 Mid Blue,PO-77210,Mid Blue,576,539,14,3,,,
2026-09-17,22:00-23:00,CWL-1,Hand Sand (Front & Back),ST-4430 Mid Blue,PO-77210,Mid Blue,671,617,10,4,,,
2026-09-17,23:00-00:00,CWL-1,Hand Sand (Front & Back),ST-4430 Mid Blue,PO-77210,Mid Blue,678,650,15,9,,,
2026-09-17,00:00-01:00,CWL-1,Hand Sand (Front & Back),ST-4430 Mid Blue,PO-77210,Mid Blue,555,550,10,5,,,
2026-09-17,01:00-02:00,CWL-1,Hand Sand (Front & Back),ST-4430 Mid Blue,PO-77210,Mid Blue,621,606,7,5,,,
2026-09-17,02:00-03:00,CWL-1,Hand Sand (Front & Back),ST-4430 Mid Blue,PO-77210,Mid Blue,632,605,10,5,,,
2026-09-17,03:00-04:00,CWL-1,Hand Sand (Front & Back),ST-4430 Mid Blue,PO-77210,Mid Blue,601,576,12,9,,,
2026-09-17,04:00-05:00,CWL-1,Hand Sand (Front & Back),ST-4430 Mid Blue,PO-77210,Mid Blue,592,602,17,6,,,
2026-09-17,05:00-06:00,CWL-1,Hand Sand (Front & Back),ST-4430 Mid Blue,PO-77210,Mid Blue,72,67,1,0,45,Changeover / setup,
2026-09-17,06:00-07:00,CWL-1,Hand Sand (Front & Back),ST-4430 Mid Blue,PO-77210,Mid Blue,656,636,13,11,,,
2026-09-17,07:00-08:00,CWL-1,Hand Sand (Front & Back),ST-4430 Mid Blue,PO-77210,Mid Blue,554,562,8,5,,,
2026-09-17,08:00-09:00,CWL-1,Allover Hand Sand,ST-4412 Dark Stone,PO-77101,Dark Blue,81,78,2,1,,,
2026-09-17,09:00-10:00,CWL-1,Allover Hand Sand,ST-4412 Dark Stone,PO-77101,Dark Blue,99,97,2,1,,,
2026-09-17,10:00-11:00,CWL-1,Allover Hand Sand,ST-4412 Dark Stone,PO-77101,Dark Blue,83,81,2,1,,,
2026-09-17,11:00-12:00,CWL-1,Allover Hand Sand,ST-4412 Dark Stone,PO-77101,Dark Blue,89,86,1,1,,,
2026-09-17,12:00-13:00,CWL-1,Allover Hand Sand,ST-4412 Dark Stone,PO-77101,Dark Blue,11,11,1,0,30,Waiting for input,
2026-09-17,13:00-14:00,CWL-1,Allover Hand Sand,ST-4412 Dark Stone,PO-77101,Dark Blue,105,100,1,1,,,
2026-09-17,14:00-15:00,CWL-1,Allover Hand Sand,ST-4412 Dark Stone,PO-77101,Dark Blue,111,103,3,1,,,
2026-09-17,15:00-16:00,CWL-1,Allover Hand Sand,ST-4412 Dark Stone,PO-77101,Dark Blue,3,3,0,0,45,Quality hold,
2026-09-17,16:00-17:00,CWL-1,Allover Hand Sand,ST-4430 Mid Blue,PO-77210,Mid Blue,79,75,1,1,,,
2026-09-17,17:00-18:00,CWL-1,Allover Hand Sand,ST-4430 Mid Blue,PO-77210,Mid Blue,114,105,2,2,,,
2026-09-17,18:00-19:00,CWL-1,Allover Hand Sand,ST-4430 Mid Blue,PO-77210,Mid Blue,106,99,2,2,,,
2026-09-17,19:00-20:00,CWL-1,Allover Hand Sand,ST-4430 Mid Blue,PO-77210,Mid Blue,96,89,2,1,,,
2026-09-17,20:00-21:00,CWL-1,Allover Hand Sand,ST-4430 Mid Blue,PO-77210,Mid Blue,92,93,3,1,,,
2026-09-17,21:00-22:00,CWL-1,Allover Hand Sand,ST-4430 Mid Blue,PO-77210,Mid Blue,105,105,2,2,,,
2026-09-17,22:00-23:00,CWL-1,Allover Hand Sand,ST-4430 Mid Blue,PO-77210,Mid Blue,37,35,1,1,15,Waiting for material,
2026-09-17,23:00-00:00,CWL-1,Allover Hand Sand,ST-4430 Mid Blue,PO-77210,Mid Blue,43,40,1,1,15,Waiting for material,
2026-09-17,00:00-01:00,CWL-1,Allover Hand Sand,ST-3307 Twill Rinse,PO-66120,Khaki,84,78,2,1,,,
2026-09-17,01:00-02:00,CWL-1,Allover Hand Sand,ST-3307 Twill Rinse,PO-66120,Khaki,108,104,1,1,,,
2026-09-17,02:00-03:00,CWL-1,Allover Hand Sand,ST-3307 Twill Rinse,PO-66120,Khaki,100,92,2,1,,,
2026-09-17,03:00-04:00,CWL-1,Allover Hand Sand,ST-3307 Twill Rinse,PO-66120,Khaki,86,87,3,1,,,
2026-09-17,04:00-05:00,CWL-1,Allover Hand Sand,ST-3307 Twill Rinse,PO-66120,Khaki,90,89,3,1,,,
2026-09-17,05:00-06:00,CWL-1,Allover Hand Sand,ST-3307 Twill Rinse,PO-66120,Khaki,85,85,1,1,,,
2026-09-17,06:00-07:00,CWL-1,Allover Hand Sand,ST-3307 Twill Rinse,PO-66120,Khaki,102,97,3,1,,,
2026-09-17,07:00-08:00,CWL-1,Allover Hand Sand,ST-3307 Twill Rinse,PO-66120,Khaki,102,97,2,2,,,
2026-09-17,08:00-09:00,CWL-1,Tagging,ST-5120 Acid Blast,PO-88010,Acid Black,718,718,11,8,,,
2026-09-17,09:00-10:00,CWL-1,Tagging,ST-5120 Acid Blast,PO-88010,Acid Black,815,758,7,15,,,
2026-09-17,10:00-11:00,CWL-1,Tagging,ST-5120 Acid Blast,PO-88010,Acid Black,805,732,20,4,,,
2026-09-17,11:00-12:00,CWL-1,Tagging,ST-5120 Acid Blast,PO-88010,Acid Black,747,715,11,4,,,
2026-09-17,12:00-13:00,CWL-1,Tagging,ST-5120 Acid Blast,PO-88010,Acid Black,791,732,21,6,,,
2026-09-17,13:00-14:00,CWL-1,Tagging,ST-5120 Acid Blast,PO-88010,Acid Black,724,693,8,7,,,
2026-09-17,14:00-15:00,CWL-1,Tagging,ST-5120 Acid Blast,PO-88010,Acid Black,721,702,11,9,,,
2026-09-17,15:00-16:00,CWL-1,Tagging,ST-5120 Acid Blast,PO-88010,Acid Black,736,735,22,8,,,
2026-09-17,16:00-17:00,CWL-1,Tagging,ST-3307 Twill Rinse,PO-66120,Khaki,787,717,21,8,,,
2026-09-17,17:00-18:00,CWL-1,Tagging,ST-3307 Twill Rinse,PO-66120,Khaki,773,758,20,14,,,
2026-09-17,18:00-19:00,CWL-1,Tagging,ST-3307 Twill Rinse,PO-66120,Khaki,685,659,7,11,,,
2026-09-17,19:00-20:00,CWL-1,Tagging,ST-3307 Twill Rinse,PO-66120,Khaki,729,720,20,8,,,
2026-09-17,20:00-21:00,CWL-1,Tagging,ST-3307 Twill Rinse,PO-66120,Khaki,879,841,23,12,,,
2026-09-17,21:00-22:00,CWL-1,Tagging,ST-3307 Twill Rinse,PO-66120,Khaki,871,831,18,13,,,
2026-09-17,22:00-23:00,CWL-1,Tagging,ST-3307 Twill Rinse,PO-66120,Khaki,873,847,25,13,,,
2026-09-17,23:00-00:00,CWL-1,Tagging,ST-3307 Twill Rinse,PO-66120,Khaki,737,742,21,10,,,
2026-09-17,00:00-01:00,CWL-1,Tagging,ST-4430 Mid Blue,PO-77210,Mid Blue,728,666,17,7,,,
2026-09-17,01:00-02:00,CWL-1,Tagging,ST-4430 Mid Blue,PO-77210,Mid Blue,741,750,13,10,,,
2026-09-17,02:00-03:00,CWL-1,Tagging,ST-4430 Mid Blue,PO-77210,Mid Blue,680,652,6,9,,,
2026-09-17,03:00-04:00,CWL-1,Tagging,ST-4430 Mid Blue,PO-77210,Mid Blue,834,778,12,11,,,
2026-09-17,04:00-05:00,CWL-1,Tagging,ST-4430 Mid Blue,PO-77210,Mid Blue,831,819,10,13,,,
2026-09-17,05:00-06:00,CWL-1,Tagging,ST-4430 Mid Blue,PO-77210,Mid Blue,725,713,18,6,,,
2026-09-17,06:00-07:00,CWL-1,Tagging,ST-4430 Mid Blue,PO-77210,Mid Blue,915,853,17,16,,,
2026-09-17,07:00-08:00,CWL-1,Tagging,ST-4430 Mid Blue,PO-77210,Mid Blue,729,668,8,5,,,
2026-09-17,08:00-09:00,CWL-1,Grinding,ST-4430 Mid Blue,PO-77210,Mid Blue,186,187,6,1,,,
2026-09-17,09:00-10:00,CWL-1,Grinding,ST-4430 Mid Blue,PO-77210,Mid Blue,215,207,2,1,,,
2026-09-17,10:00-11:00,CWL-1,Grinding,ST-4430 Mid Blue,PO-77210,Mid Blue,204,200,2,2,,,
2026-09-17,11:00-12:00,CWL-1,Grinding,ST-4430 Mid Blue,PO-77210,Mid Blue,230,219,6,4,,,
2026-09-17,12:00-13:00,CWL-1,Grinding,ST-4430 Mid Blue,PO-77210,Mid Blue,221,204,6,2,,,
2026-09-17,13:00-14:00,CWL-1,Grinding,ST-4430 Mid Blue,PO-77210,Mid Blue,238,226,5,4,,,
2026-09-17,14:00-15:00,CWL-1,Grinding,ST-4430 Mid Blue,PO-77210,Mid Blue,261,259,4,3,,,
2026-09-17,15:00-16:00,CWL-1,Grinding,ST-4430 Mid Blue,PO-77210,Mid Blue,219,216,5,2,,,
2026-09-17,16:00-17:00,CWL-1,Grinding,ST-4430 Mid Blue,PO-77210,Mid Blue,210,197,2,1,,,
2026-09-17,17:00-18:00,CWL-1,Grinding,ST-4430 Mid Blue,PO-77210,Mid Blue,230,230,3,4,,,
2026-09-17,18:00-19:00,CWL-1,Grinding,ST-4430 Mid Blue,PO-77210,Mid Blue,281,256,5,4,,,
2026-09-17,19:00-20:00,CWL-1,Grinding,ST-4430 Mid Blue,PO-77210,Mid Blue,254,257,3,5,,,
2026-09-17,20:00-21:00,CWL-1,Grinding,ST-4430 Mid Blue,PO-77210,Mid Blue,245,249,3,4,,,
2026-09-17,21:00-22:00,CWL-1,Grinding,ST-4430 Mid Blue,PO-77210,Mid Blue,253,257,7,5,,,
2026-09-17,22:00-23:00,CWL-1,Grinding,ST-4430 Mid Blue,PO-77210,Mid Blue,236,219,6,4,,,
2026-09-17,23:00-00:00,CWL-1,Grinding,ST-4430 Mid Blue,PO-77210,Mid Blue,213,204,5,2,,,
2026-09-17,00:00-01:00,CWL-1,Grinding,ST-4412 Dark Stone,PO-77101,Dark Blue,203,206,5,3,,,
2026-09-17,01:00-02:00,CWL-1,Grinding,ST-4412 Dark Stone,PO-77101,Dark Blue,271,250,6,4,,,
2026-09-17,02:00-03:00,CWL-1,Grinding,ST-4412 Dark Stone,PO-77101,Dark Blue,267,252,6,5,,,
2026-09-17,03:00-04:00,CWL-1,Grinding,ST-4412 Dark Stone,PO-77101,Dark Blue,250,251,6,4,,,
2026-09-17,04:00-05:00,CWL-1,Grinding,ST-4412 Dark Stone,PO-77101,Dark Blue,224,216,3,1,,,
2026-09-17,05:00-06:00,CWL-1,Grinding,ST-4412 Dark Stone,PO-77101,Dark Blue,236,236,6,3,,,
2026-09-17,06:00-07:00,CWL-1,Grinding,ST-4412 Dark Stone,PO-77101,Dark Blue,272,251,3,5,,,
2026-09-17,07:00-08:00,CWL-1,Grinding,ST-4412 Dark Stone,PO-77101,Dark Blue,269,247,7,3,,,
2026-09-17,08:00-09:00,CWL-1,Destruction,ST-4430 Mid Blue,PO-77210,Mid Blue,24,23,0,0,30,Waiting for input,
2026-09-17,09:00-10:00,CWL-1,Destruction,ST-4430 Mid Blue,PO-77210,Mid Blue,66,67,1,0,15,Machine breakdown,
2026-09-17,10:00-11:00,CWL-1,Destruction,ST-4430 Mid Blue,PO-77210,Mid Blue,155,155,4,0,,,
2026-09-17,11:00-12:00,CWL-1,Destruction,ST-4430 Mid Blue,PO-77210,Mid Blue,189,184,4,1,,,
2026-09-17,12:00-13:00,CWL-1,Destruction,ST-4430 Mid Blue,PO-77210,Mid Blue,173,176,3,3,,,
2026-09-17,13:00-14:00,CWL-1,Destruction,ST-4430 Mid Blue,PO-77210,Mid Blue,193,192,2,4,,,
2026-09-17,14:00-15:00,CWL-1,Destruction,ST-4430 Mid Blue,PO-77210,Mid Blue,203,191,2,3,,,
2026-09-17,15:00-16:00,CWL-1,Destruction,ST-4430 Mid Blue,PO-77210,Mid Blue,183,181,4,3,,,
2026-09-17,16:00-17:00,CWL-1,Destruction,ST-4430 Mid Blue,PO-77210,Mid Blue,130,130,3,1,,,
2026-09-17,17:00-18:00,CWL-1,Destruction,ST-4430 Mid Blue,PO-77210,Mid Blue,168,164,3,2,,,
2026-09-17,18:00-19:00,CWL-1,Destruction,ST-4430 Mid Blue,PO-77210,Mid Blue,207,198,4,3,,,
2026-09-17,19:00-20:00,CWL-1,Destruction,ST-4430 Mid Blue,PO-77210,Mid Blue,179,179,3,4,,,
2026-09-17,20:00-21:00,CWL-1,Destruction,ST-4430 Mid Blue,PO-77210,Mid Blue,192,182,4,4,,,
2026-09-17,21:00-22:00,CWL-1,Destruction,ST-4430 Mid Blue,PO-77210,Mid Blue,178,178,2,3,,,
2026-09-17,22:00-23:00,CWL-1,Destruction,ST-4430 Mid Blue,PO-77210,Mid Blue,201,187,4,2,,,
2026-09-17,23:00-00:00,CWL-1,Destruction,ST-4430 Mid Blue,PO-77210,Mid Blue,178,163,1,2,,,
2026-09-17,00:00-01:00,CWL-1,Destruction,ST-4430 Mid Blue,PO-77210,Mid Blue,178,165,3,2,,,
2026-09-17,01:00-02:00,CWL-1,Destruction,ST-4430 Mid Blue,PO-77210,Mid Blue,187,183,2,3,,,
2026-09-17,02:00-03:00,CWL-1,Destruction,ST-4430 Mid Blue,PO-77210,Mid Blue,175,166,2,3,,,
2026-09-17,03:00-04:00,CWL-1,Destruction,ST-4430 Mid Blue,PO-77210,Mid Blue,168,164,4,2,,,
2026-09-17,04:00-05:00,CWL-1,Destruction,ST-4430 Mid Blue,PO-77210,Mid Blue,175,172,2,2,,,
2026-09-17,05:00-06:00,CWL-1,Destruction,ST-4430 Mid Blue,PO-77210,Mid Blue,215,198,6,2,,,
2026-09-17,06:00-07:00,CWL-1,Destruction,ST-4430 Mid Blue,PO-77210,Mid Blue,152,154,2,1,,,
2026-09-17,07:00-08:00,CWL-1,Destruction,ST-4430 Mid Blue,PO-77210,Mid Blue,191,193,6,1,,,
2026-09-17,08:00-09:00,CWL-1,Cutting / Destroy,ST-5120 Acid Blast,PO-88010,Acid Black,303,295,7,3,,,
2026-09-17,09:00-10:00,CWL-1,Cutting / Destroy,ST-5120 Acid Blast,PO-88010,Acid Black,375,344,7,4,,,
2026-09-17,10:00-11:00,CWL-1,Cutting / Destroy,ST-5120 Acid Blast,PO-88010,Acid Black,380,351,7,5,,,
2026-09-17,11:00-12:00,CWL-1,Cutting / Destroy,ST-5120 Acid Blast,PO-88010,Acid Black,13,12,0,0,45,Other,
2026-09-17,12:00-13:00,CWL-1,Cutting / Destroy,ST-5120 Acid Blast,PO-88010,Acid Black,360,334,6,4,,,
2026-09-17,13:00-14:00,CWL-1,Cutting / Destroy,ST-5120 Acid Blast,PO-88010,Acid Black,357,353,9,3,,,
2026-09-17,14:00-15:00,CWL-1,Cutting / Destroy,ST-5120 Acid Blast,PO-88010,Acid Black,331,302,6,5,,,
2026-09-17,15:00-16:00,CWL-1,Cutting / Destroy,ST-5120 Acid Blast,PO-88010,Acid Black,391,383,9,7,,,
2026-09-17,16:00-17:00,CWL-1,Cutting / Destroy,ST-4412 Dark Stone,PO-77101,Dark Blue,313,294,7,5,,,
2026-09-17,17:00-18:00,CWL-1,Cutting / Destroy,ST-4412 Dark Stone,PO-77101,Dark Blue,329,319,10,3,,,
2026-09-17,18:00-19:00,CWL-1,Cutting / Destroy,ST-4412 Dark Stone,PO-77101,Dark Blue,376,377,8,5,,,
2026-09-17,19:00-20:00,CWL-1,Cutting / Destroy,ST-4412 Dark Stone,PO-77101,Dark Blue,357,341,4,7,,,
2026-09-17,20:00-21:00,CWL-1,Cutting / Destroy,ST-4412 Dark Stone,PO-77101,Dark Blue,390,375,4,6,,,
2026-09-17,21:00-22:00,CWL-1,Cutting / Destroy,ST-4412 Dark Stone,PO-77101,Dark Blue,353,340,6,2,,,
2026-09-17,22:00-23:00,CWL-1,Cutting / Destroy,ST-4412 Dark Stone,PO-77101,Dark Blue,298,303,7,3,,,
2026-09-17,23:00-00:00,CWL-1,Cutting / Destroy,ST-4412 Dark Stone,PO-77101,Dark Blue,332,311,8,4,,,
2026-09-17,00:00-01:00,CWL-1,Cutting / Destroy,ST-4430 Mid Blue,PO-77210,Mid Blue,269,262,7,4,,,
2026-09-17,01:00-02:00,CWL-1,Cutting / Destroy,ST-4430 Mid Blue,PO-77210,Mid Blue,363,355,6,6,,,
2026-09-17,02:00-03:00,CWL-1,Cutting / Destroy,ST-4430 Mid Blue,PO-77210,Mid Blue,372,345,3,6,,,
2026-09-17,03:00-04:00,CWL-1,Cutting / Destroy,ST-4430 Mid Blue,PO-77210,Mid Blue,378,351,4,3,,,
2026-09-17,04:00-05:00,CWL-1,Cutting / Destroy,ST-4430 Mid Blue,PO-77210,Mid Blue,364,348,6,6,,,
2026-09-17,05:00-06:00,CWL-1,Cutting / Destroy,ST-4430 Mid Blue,PO-77210,Mid Blue,363,335,4,5,,,
2026-09-17,06:00-07:00,CWL-1,Cutting / Destroy,ST-4430 Mid Blue,PO-77210,Mid Blue,347,330,3,6,,,
2026-09-17,07:00-08:00,CWL-1,Cutting / Destroy,ST-4430 Mid Blue,PO-77210,Mid Blue,307,294,3,3,,,
2026-09-17,08:00-09:00,CWL-1,Air Blowing,ST-4430 Mid Blue,PO-77210,Mid Blue,372,339,5,4,,,
2026-09-17,09:00-10:00,CWL-1,Air Blowing,ST-4430 Mid Blue,PO-77210,Mid Blue,444,437,12,6,,,
2026-09-17,10:00-11:00,CWL-1,Air Blowing,ST-4430 Mid Blue,PO-77210,Mid Blue,357,362,10,7,,,
2026-09-17,11:00-12:00,CWL-1,Air Blowing,ST-4430 Mid Blue,PO-77210,Mid Blue,426,397,9,2,,,
2026-09-17,12:00-13:00,CWL-1,Air Blowing,ST-4430 Mid Blue,PO-77210,Mid Blue,414,403,7,5,,,
2026-09-17,13:00-14:00,CWL-1,Air Blowing,ST-4430 Mid Blue,PO-77210,Mid Blue,436,411,9,7,,,
2026-09-17,14:00-15:00,CWL-1,Air Blowing,ST-4430 Mid Blue,PO-77210,Mid Blue,352,347,7,5,,,
2026-09-17,15:00-16:00,CWL-1,Air Blowing,ST-4430 Mid Blue,PO-77210,Mid Blue,397,373,11,2,,,
2026-09-17,16:00-17:00,CWL-1,Air Blowing,ST-4412 Dark Stone,PO-77101,Dark Blue,354,354,9,2,,,
2026-09-17,17:00-18:00,CWL-1,Air Blowing,ST-4412 Dark Stone,PO-77101,Dark Blue,6,6,0,0,15,Changeover / setup,
2026-09-17,18:00-19:00,CWL-1,Air Blowing,ST-4412 Dark Stone,PO-77101,Dark Blue,457,422,7,7,,,
2026-09-17,19:00-20:00,CWL-1,Air Blowing,ST-4412 Dark Stone,PO-77101,Dark Blue,453,425,12,5,,,
2026-09-17,20:00-21:00,CWL-1,Air Blowing,ST-4412 Dark Stone,PO-77101,Dark Blue,415,423,11,6,,,
2026-09-17,21:00-22:00,CWL-1,Air Blowing,ST-4412 Dark Stone,PO-77101,Dark Blue,464,427,6,4,,,
2026-09-17,22:00-23:00,CWL-1,Air Blowing,ST-4412 Dark Stone,PO-77101,Dark Blue,417,412,6,7,,,
2026-09-17,23:00-00:00,CWL-1,Air Blowing,ST-4412 Dark Stone,PO-77101,Dark Blue,384,387,6,6,,,
2026-09-17,00:00-01:00,CWL-1,Air Blowing,ST-5120 Acid Blast,PO-88010,Acid Black,325,300,7,4,,,
2026-09-17,01:00-02:00,CWL-1,Air Blowing,ST-5120 Acid Blast,PO-88010,Acid Black,69,69,1,1,15,Operator shortage,
2026-09-17,02:00-03:00,CWL-1,Air Blowing,ST-5120 Acid Blast,PO-88010,Acid Black,113,106,1,1,30,Operator shortage,
2026-09-17,03:00-04:00,CWL-1,Air Blowing,ST-5120 Acid Blast,PO-88010,Acid Black,461,436,5,4,,,
2026-09-17,04:00-05:00,CWL-1,Air Blowing,ST-5120 Acid Blast,PO-88010,Acid Black,413,380,4,4,,,
2026-09-17,05:00-06:00,CWL-1,Air Blowing,ST-5120 Acid Blast,PO-88010,Acid Black,430,406,8,3,,,
2026-09-17,06:00-07:00,CWL-1,Air Blowing,ST-5120 Acid Blast,PO-88010,Acid Black,384,362,4,2,,,
2026-09-17,07:00-08:00,CWL-1,Air Blowing,ST-5120 Acid Blast,PO-88010,Acid Black,432,434,8,3,,,
2026-09-17,08:00-09:00,CWL-1,PP Spray (Front & Back),ST-4412 Dark Stone,PO-77101,Dark Blue,799,735,15,13,,,
2026-09-17,09:00-10:00,CWL-1,PP Spray (Front & Back),ST-4412 Dark Stone,PO-77101,Dark Blue,984,914,9,11,,,
2026-09-17,10:00-11:00,CWL-1,PP Spray (Front & Back),ST-4412 Dark Stone,PO-77101,Dark Blue,1015,962,19,11,,,
2026-09-17,11:00-12:00,CWL-1,PP Spray (Front & Back),ST-4412 Dark Stone,PO-77101,Dark Blue,883,876,22,16,,,
2026-09-17,12:00-13:00,CWL-1,PP Spray (Front & Back),ST-4412 Dark Stone,PO-77101,Dark Blue,1045,991,12,19,,,
2026-09-17,13:00-14:00,CWL-1,PP Spray (Front & Back),ST-4412 Dark Stone,PO-77101,Dark Blue,833,797,8,6,,,
2026-09-17,14:00-15:00,CWL-1,PP Spray (Front & Back),ST-4412 Dark Stone,PO-77101,Dark Blue,861,800,7,5,,,
2026-09-17,15:00-16:00,CWL-1,PP Spray (Front & Back),ST-4412 Dark Stone,PO-77101,Dark Blue,959,928,24,6,,,
2026-09-17,16:00-17:00,CWL-1,PP Spray (Front & Back),ST-5120 Acid Blast,PO-88010,Acid Black,740,707,11,7,,,
2026-09-17,17:00-18:00,CWL-1,PP Spray (Front & Back),ST-5120 Acid Blast,PO-88010,Acid Black,817,783,12,11,,,
2026-09-17,18:00-19:00,CWL-1,PP Spray (Front & Back),ST-5120 Acid Blast,PO-88010,Acid Black,904,863,16,14,,,
2026-09-17,19:00-20:00,CWL-1,PP Spray (Front & Back),ST-5120 Acid Blast,PO-88010,Acid Black,860,816,10,5,,,
2026-09-17,20:00-21:00,CWL-1,PP Spray (Front & Back),ST-5120 Acid Blast,PO-88010,Acid Black,1092,996,21,18,,,
2026-09-17,21:00-22:00,CWL-1,PP Spray (Front & Back),ST-5120 Acid Blast,PO-88010,Acid Black,1009,980,26,10,,,
2026-09-17,22:00-23:00,CWL-1,PP Spray (Front & Back),ST-5120 Acid Blast,PO-88010,Acid Black,789,799,8,7,,,
2026-09-17,23:00-00:00,CWL-1,PP Spray (Front & Back),ST-5120 Acid Blast,PO-88010,Acid Black,1018,984,15,19,,,
2026-09-17,00:00-01:00,CWL-1,PP Spray (Front & Back),ST-4412 Dark Stone,PO-77101,Dark Blue,818,820,12,13,,,
2026-09-17,01:00-02:00,CWL-1,PP Spray (Front & Back),ST-4412 Dark Stone,PO-77101,Dark Blue,1007,930,27,6,,,
2026-09-17,02:00-03:00,CWL-1,PP Spray (Front & Back),ST-4412 Dark Stone,PO-77101,Dark Blue,1033,984,27,13,,,
2026-09-17,03:00-04:00,CWL-1,PP Spray (Front & Back),ST-4412 Dark Stone,PO-77101,Dark Blue,1010,962,13,12,,,
2026-09-17,04:00-05:00,CWL-1,PP Spray (Front & Back),ST-4412 Dark Stone,PO-77101,Dark Blue,1041,962,17,19,,,
2026-09-17,05:00-06:00,CWL-1,PP Spray (Front & Back),ST-4412 Dark Stone,PO-77101,Dark Blue,836,801,8,15,,,
2026-09-17,06:00-07:00,CWL-1,PP Spray (Front & Back),ST-4412 Dark Stone,PO-77101,Dark Blue,929,929,11,5,,,
2026-09-17,07:00-08:00,CWL-1,PP Spray (Front & Back),ST-4412 Dark Stone,PO-77101,Dark Blue,813,782,22,9,,,
2026-09-17,08:00-09:00,CWL-1,Allover PP Spray,ST-4412 Dark Stone,PO-77101,Dark Blue,136,126,4,1,45,Machine breakdown,
2026-09-17,09:00-10:00,CWL-1,Allover PP Spray,ST-4412 Dark Stone,PO-77101,Dark Blue,305,288,3,5,,,
2026-09-17,10:00-11:00,CWL-1,Allover PP Spray,ST-4412 Dark Stone,PO-77101,Dark Blue,362,359,10,5,,,
2026-09-17,11:00-12:00,CWL-1,Allover PP Spray,ST-4412 Dark Stone,PO-77101,Dark Blue,358,364,4,3,,,
2026-09-17,12:00-13:00,CWL-1,Allover PP Spray,ST-4412 Dark Stone,PO-77101,Dark Blue,363,338,9,3,,,
2026-09-17,13:00-14:00,CWL-1,Allover PP Spray,ST-4412 Dark Stone,PO-77101,Dark Blue,324,331,7,4,,,
2026-09-17,14:00-15:00,CWL-1,Allover PP Spray,ST-4412 Dark Stone,PO-77101,Dark Blue,336,333,5,3,,,
2026-09-17,15:00-16:00,CWL-1,Allover PP Spray,ST-4412 Dark Stone,PO-77101,Dark Blue,302,288,5,3,,,
2026-09-17,16:00-17:00,CWL-1,Allover PP Spray,ST-4430 Mid Blue,PO-77210,Mid Blue,283,287,3,5,,,
2026-09-17,17:00-18:00,CWL-1,Allover PP Spray,ST-4430 Mid Blue,PO-77210,Mid Blue,340,318,7,4,,,
2026-09-17,18:00-19:00,CWL-1,Allover PP Spray,ST-4430 Mid Blue,PO-77210,Mid Blue,371,339,6,2,,,
2026-09-17,19:00-20:00,CWL-1,Allover PP Spray,ST-4430 Mid Blue,PO-77210,Mid Blue,303,282,4,3,,,
2026-09-17,20:00-21:00,CWL-1,Allover PP Spray,ST-4430 Mid Blue,PO-77210,Mid Blue,342,330,7,7,,,
2026-09-17,21:00-22:00,CWL-1,Allover PP Spray,ST-4430 Mid Blue,PO-77210,Mid Blue,331,323,6,5,,,
2026-09-17,22:00-23:00,CWL-1,Allover PP Spray,ST-4430 Mid Blue,PO-77210,Mid Blue,329,321,4,6,,,
2026-09-17,23:00-00:00,CWL-1,Allover PP Spray,ST-4430 Mid Blue,PO-77210,Mid Blue,363,345,7,7,,,
2026-09-17,00:00-01:00,CWL-1,Allover PP Spray,ST-4430 Mid Blue,PO-77210,Mid Blue,302,289,5,4,,,
2026-09-17,01:00-02:00,CWL-1,Allover PP Spray,ST-4430 Mid Blue,PO-77210,Mid Blue,323,310,6,4,,,
2026-09-17,02:00-03:00,CWL-1,Allover PP Spray,ST-4430 Mid Blue,PO-77210,Mid Blue,311,309,6,2,,,
2026-09-17,03:00-04:00,CWL-1,Allover PP Spray,ST-4430 Mid Blue,PO-77210,Mid Blue,361,360,6,3,,,
2026-09-17,04:00-05:00,CWL-1,Allover PP Spray,ST-4430 Mid Blue,PO-77210,Mid Blue,344,323,5,3,,,
2026-09-17,05:00-06:00,CWL-1,Allover PP Spray,ST-4430 Mid Blue,PO-77210,Mid Blue,303,286,7,2,,,
2026-09-17,06:00-07:00,CWL-1,Allover PP Spray,ST-4430 Mid Blue,PO-77210,Mid Blue,52,51,1,1,15,Quality hold,
2026-09-17,07:00-08:00,CWL-1,Allover PP Spray,ST-4430 Mid Blue,PO-77210,Mid Blue,353,321,5,6,,,
2026-09-17,08:00-09:00,CWL-1,PP Rubbing,ST-5120 Acid Blast,PO-88010,Acid Black,189,181,5,3,,,
2026-09-17,09:00-10:00,CWL-1,PP Rubbing,ST-5120 Acid Blast,PO-88010,Acid Black,169,168,3,3,,,
2026-09-17,10:00-11:00,CWL-1,PP Rubbing,ST-5120 Acid Blast,PO-88010,Acid Black,200,194,5,3,,,
2026-09-17,11:00-12:00,CWL-1,PP Rubbing,ST-5120 Acid Blast,PO-88010,Acid Black,175,174,3,2,,,
2026-09-17,12:00-13:00,CWL-1,PP Rubbing,ST-5120 Acid Blast,PO-88010,Acid Black,179,169,3,2,,,
2026-09-17,13:00-14:00,CWL-1,PP Rubbing,ST-5120 Acid Blast,PO-88010,Acid Black,201,188,4,1,,,
2026-09-17,14:00-15:00,CWL-1,PP Rubbing,ST-5120 Acid Blast,PO-88010,Acid Black,177,169,4,1,,,
2026-09-17,15:00-16:00,CWL-1,PP Rubbing,ST-5120 Acid Blast,PO-88010,Acid Black,198,188,3,2,,,
2026-09-17,16:00-17:00,CWL-1,PP Rubbing,ST-4412 Dark Stone,PO-77101,Dark Blue,200,182,3,2,,,
2026-09-17,17:00-18:00,CWL-1,PP Rubbing,ST-4412 Dark Stone,PO-77101,Dark Blue,193,189,4,2,,,
2026-09-17,18:00-19:00,CWL-1,PP Rubbing,ST-4412 Dark Stone,PO-77101,Dark Blue,190,185,4,2,,,
2026-09-17,19:00-20:00,CWL-1,PP Rubbing,ST-4412 Dark Stone,PO-77101,Dark Blue,168,169,3,3,,,
2026-09-17,20:00-21:00,CWL-1,PP Rubbing,ST-4412 Dark Stone,PO-77101,Dark Blue,176,164,4,3,,,
2026-09-17,21:00-22:00,CWL-1,PP Rubbing,ST-4412 Dark Stone,PO-77101,Dark Blue,219,200,3,3,,,
2026-09-17,22:00-23:00,CWL-1,PP Rubbing,ST-4412 Dark Stone,PO-77101,Dark Blue,213,201,4,3,,,
2026-09-17,23:00-00:00,CWL-1,PP Rubbing,ST-4412 Dark Stone,PO-77101,Dark Blue,196,198,5,3,,,
2026-09-17,00:00-01:00,CWL-1,PP Rubbing,ST-3307 Twill Rinse,PO-66120,Khaki,177,170,4,3,,,
2026-09-17,01:00-02:00,CWL-1,PP Rubbing,ST-3307 Twill Rinse,PO-66120,Khaki,194,193,2,4,,,
2026-09-17,02:00-03:00,CWL-1,PP Rubbing,ST-3307 Twill Rinse,PO-66120,Khaki,179,173,4,1,,,
2026-09-17,03:00-04:00,CWL-1,PP Rubbing,ST-3307 Twill Rinse,PO-66120,Khaki,173,167,2,2,,,
2026-09-17,04:00-05:00,CWL-1,PP Rubbing,ST-3307 Twill Rinse,PO-66120,Khaki,218,215,4,4,,,
2026-09-17,05:00-06:00,CWL-1,PP Rubbing,ST-3307 Twill Rinse,PO-66120,Khaki,222,206,2,1,,,
2026-09-17,06:00-07:00,CWL-1,PP Rubbing,ST-3307 Twill Rinse,PO-66120,Khaki,197,187,3,2,,,
2026-09-17,07:00-08:00,CWL-1,PP Rubbing,ST-3307 Twill Rinse,PO-66120,Khaki,182,180,2,2,,,
2026-09-17,08:00-09:00,CWL-1,Machine 3D,ST-3307 Twill Rinse,PO-66120,Khaki,94,90,1,2,45,Other,
2026-09-17,09:00-10:00,CWL-1,Machine 3D,ST-3307 Twill Rinse,PO-66120,Khaki,328,316,8,3,,,
2026-09-17,10:00-11:00,CWL-1,Machine 3D,ST-3307 Twill Rinse,PO-66120,Khaki,354,325,5,4,,,
2026-09-17,11:00-12:00,CWL-1,Machine 3D,ST-3307 Twill Rinse,PO-66120,Khaki,273,262,4,5,,,
2026-09-17,12:00-13:00,CWL-1,Machine 3D,ST-3307 Twill Rinse,PO-66120,Khaki,290,281,6,5,,,
2026-09-17,13:00-14:00,CWL-1,Machine 3D,ST-3307 Twill Rinse,PO-66120,Khaki,276,257,8,4,,,
2026-09-17,14:00-15:00,CWL-1,Machine 3D,ST-3307 Twill Rinse,PO-66120,Khaki,299,302,7,6,,,
2026-09-17,15:00-16:00,CWL-1,Machine 3D,ST-3307 Twill Rinse,PO-66120,Khaki,308,308,3,2,,,
2026-09-17,16:00-17:00,CWL-1,Machine 3D,ST-4430 Mid Blue,PO-77210,Mid Blue,273,257,7,5,,,
2026-09-17,17:00-18:00,CWL-1,Machine 3D,ST-4430 Mid Blue,PO-77210,Mid Blue,277,256,6,3,,,
2026-09-17,18:00-19:00,CWL-1,Machine 3D,ST-4430 Mid Blue,PO-77210,Mid Blue,18,16,1,1,30,Waiting for material,
2026-09-17,19:00-20:00,CWL-1,Machine 3D,ST-4430 Mid Blue,PO-77210,Mid Blue,336,317,10,4,,,
2026-09-17,20:00-21:00,CWL-1,Machine 3D,ST-4430 Mid Blue,PO-77210,Mid Blue,292,289,7,3,,,
2026-09-17,21:00-22:00,CWL-1,Machine 3D,ST-4430 Mid Blue,PO-77210,Mid Blue,276,265,4,5,,,
2026-09-17,22:00-23:00,CWL-1,Machine 3D,ST-4430 Mid Blue,PO-77210,Mid Blue,290,288,8,3,,,
2026-09-17,23:00-00:00,CWL-1,Machine 3D,ST-4430 Mid Blue,PO-77210,Mid Blue,307,313,3,6,,,
2026-09-17,00:00-01:00,CWL-1,Machine 3D,ST-4430 Mid Blue,PO-77210,Mid Blue,258,240,6,2,,,
2026-09-17,01:00-02:00,CWL-1,Machine 3D,ST-4430 Mid Blue,PO-77210,Mid Blue,276,255,5,2,,,
2026-09-17,02:00-03:00,CWL-1,Machine 3D,ST-4430 Mid Blue,PO-77210,Mid Blue,325,309,3,3,,,
2026-09-17,03:00-04:00,CWL-1,Machine 3D,ST-4430 Mid Blue,PO-77210,Mid Blue,321,303,7,6,,,
2026-09-17,04:00-05:00,CWL-1,Machine 3D,ST-4430 Mid Blue,PO-77210,Mid Blue,320,322,7,3,,,
2026-09-17,05:00-06:00,CWL-1,Machine 3D,ST-4430 Mid Blue,PO-77210,Mid Blue,321,305,9,4,,,
2026-09-17,06:00-07:00,CWL-1,Machine 3D,ST-4430 Mid Blue,PO-77210,Mid Blue,306,298,9,6,,,
2026-09-17,07:00-08:00,CWL-1,Machine 3D,ST-4430 Mid Blue,PO-77210,Mid Blue,311,308,9,4,,,
2026-09-17,08:00-09:00,CWL-1,Iron 3D,ST-4430 Mid Blue,PO-77210,Mid Blue,257,249,3,3,,,
2026-09-17,09:00-10:00,CWL-1,Iron 3D,ST-4430 Mid Blue,PO-77210,Mid Blue,277,264,3,3,,,
2026-09-17,10:00-11:00,CWL-1,Iron 3D,ST-4430 Mid Blue,PO-77210,Mid Blue,279,256,4,4,,,
2026-09-17,11:00-12:00,CWL-1,Iron 3D,ST-4430 Mid Blue,PO-77210,Mid Blue,261,254,7,5,,,
2026-09-17,12:00-13:00,CWL-1,Iron 3D,ST-4430 Mid Blue,PO-77210,Mid Blue,279,264,6,5,,,
2026-09-17,13:00-14:00,CWL-1,Iron 3D,ST-4430 Mid Blue,PO-77210,Mid Blue,289,286,6,4,,,
2026-09-17,14:00-15:00,CWL-1,Iron 3D,ST-4430 Mid Blue,PO-77210,Mid Blue,246,230,4,4,,,
2026-09-17,15:00-16:00,CWL-1,Iron 3D,ST-4430 Mid Blue,PO-77210,Mid Blue,261,258,4,3,,,
2026-09-17,16:00-17:00,CWL-1,Iron 3D,ST-5120 Acid Blast,PO-88010,Acid Black,274,254,3,5,,,
2026-09-17,17:00-18:00,CWL-1,Iron 3D,ST-5120 Acid Blast,PO-88010,Acid Black,278,275,3,1,,,
2026-09-17,18:00-19:00,CWL-1,Iron 3D,ST-5120 Acid Blast,PO-88010,Acid Black,288,284,7,5,,,
2026-09-17,19:00-20:00,CWL-1,Iron 3D,ST-5120 Acid Blast,PO-88010,Acid Black,285,285,6,5,,,
2026-09-17,20:00-21:00,CWL-1,Iron 3D,ST-5120 Acid Blast,PO-88010,Acid Black,259,242,4,2,,,
2026-09-17,21:00-22:00,CWL-1,Iron 3D,ST-5120 Acid Blast,PO-88010,Acid Black,297,292,8,5,,,
2026-09-17,22:00-23:00,CWL-1,Iron 3D,ST-5120 Acid Blast,PO-88010,Acid Black,248,231,2,1,,,
2026-09-17,23:00-00:00,CWL-1,Iron 3D,ST-5120 Acid Blast,PO-88010,Acid Black,287,288,4,4,,,
2026-09-17,00:00-01:00,CWL-1,Iron 3D,ST-3307 Twill Rinse,PO-66120,Khaki,253,251,2,5,,,
2026-09-17,01:00-02:00,CWL-1,Iron 3D,ST-3307 Twill Rinse,PO-66120,Khaki,290,274,5,2,,,
2026-09-17,02:00-03:00,CWL-1,Iron 3D,ST-3307 Twill Rinse,PO-66120,Khaki,297,299,4,2,,,
2026-09-17,03:00-04:00,CWL-1,Iron 3D,ST-3307 Twill Rinse,PO-66120,Khaki,257,247,6,3,,,
2026-09-17,04:00-05:00,CWL-1,Iron 3D,ST-3307 Twill Rinse,PO-66120,Khaki,289,279,6,3,,,
2026-09-17,05:00-06:00,CWL-1,Iron 3D,ST-3307 Twill Rinse,PO-66120,Khaki,309,293,3,4,,,
2026-09-17,06:00-07:00,CWL-1,Iron 3D,ST-3307 Twill Rinse,PO-66120,Khaki,298,290,5,6,,,
2026-09-17,07:00-08:00,CWL-1,Iron 3D,ST-3307 Twill Rinse,PO-66120,Khaki,274,277,7,5,,,
2026-09-18,08:00-09:00,CWL-1,Laser Whisker,ST-4430 Mid Blue,PO-77210,Mid Blue,30,28,0,0,,,
2026-09-18,09:00-10:00,CWL-1,Laser Whisker,ST-4430 Mid Blue,PO-77210,Mid Blue,33,30,1,1,,,
2026-09-18,10:00-11:00,CWL-1,Laser Whisker,ST-4430 Mid Blue,PO-77210,Mid Blue,32,29,1,0,,,
2026-09-18,11:00-12:00,CWL-1,Laser Whisker,ST-4430 Mid Blue,PO-77210,Mid Blue,30,29,1,0,,,
2026-09-18,12:00-13:00,CWL-1,Laser Whisker,ST-4430 Mid Blue,PO-77210,Mid Blue,29,28,0,0,,,
2026-09-18,13:00-14:00,CWL-1,Laser Whisker,ST-4430 Mid Blue,PO-77210,Mid Blue,28,28,0,1,,,
2026-09-18,14:00-15:00,CWL-1,Laser Whisker,ST-4430 Mid Blue,PO-77210,Mid Blue,31,29,1,1,,,
2026-09-18,15:00-16:00,CWL-1,Laser Whisker,ST-4430 Mid Blue,PO-77210,Mid Blue,34,32,1,1,,,
2026-09-18,16:00-17:00,CWL-1,Laser Whisker,ST-4412 Dark Stone,PO-77101,Dark Blue,28,28,0,0,,,
2026-09-18,17:00-18:00,CWL-1,Laser Whisker,ST-4412 Dark Stone,PO-77101,Dark Blue,36,35,1,1,,,
2026-09-18,18:00-19:00,CWL-1,Laser Whisker,ST-4412 Dark Stone,PO-77101,Dark Blue,38,35,0,0,,,
2026-09-18,19:00-20:00,CWL-1,Laser Whisker,ST-4412 Dark Stone,PO-77101,Dark Blue,28,28,1,1,,,
2026-09-18,20:00-21:00,CWL-1,Laser Whisker,ST-4412 Dark Stone,PO-77101,Dark Blue,34,32,0,0,,,
2026-09-18,21:00-22:00,CWL-1,Laser Whisker,ST-4412 Dark Stone,PO-77101,Dark Blue,33,33,1,1,,,
2026-09-18,22:00-23:00,CWL-1,Laser Whisker,ST-4412 Dark Stone,PO-77101,Dark Blue,35,33,1,0,,,
2026-09-18,23:00-00:00,CWL-1,Laser Whisker,ST-4412 Dark Stone,PO-77101,Dark Blue,29,29,0,0,,,
2026-09-18,00:00-01:00,CWL-1,Laser Whisker,ST-3307 Twill Rinse,PO-66120,Khaki,26,25,0,0,,,
2026-09-18,01:00-02:00,CWL-1,Laser Whisker,ST-3307 Twill Rinse,PO-66120,Khaki,30,30,1,0,,,
2026-09-18,02:00-03:00,CWL-1,Laser Whisker,ST-3307 Twill Rinse,PO-66120,Khaki,33,32,1,0,,,
2026-09-18,03:00-04:00,CWL-1,Laser Whisker,ST-3307 Twill Rinse,PO-66120,Khaki,6,6,1,0,15,Waiting for input,
2026-09-18,04:00-05:00,CWL-1,Laser Whisker,ST-3307 Twill Rinse,PO-66120,Khaki,30,30,1,1,,,
2026-09-18,05:00-06:00,CWL-1,Laser Whisker,ST-3307 Twill Rinse,PO-66120,Khaki,30,28,0,0,,,
2026-09-18,06:00-07:00,CWL-1,Laser Whisker,ST-3307 Twill Rinse,PO-66120,Khaki,27,27,0,0,,,
2026-09-18,07:00-08:00,CWL-1,Laser Whisker,ST-3307 Twill Rinse,PO-66120,Khaki,30,28,0,0,,,
2026-09-18,08:00-09:00,CWL-1,Laser Mark Destroy,ST-3307 Twill Rinse,PO-66120,Khaki,82,75,2,1,,,
2026-09-18,09:00-10:00,CWL-1,Laser Mark Destroy,ST-3307 Twill Rinse,PO-66120,Khaki,90,82,1,1,,,
2026-09-18,10:00-11:00,CWL-1,Laser Mark Destroy,ST-3307 Twill Rinse,PO-66120,Khaki,105,103,3,1,,,
2026-09-18,11:00-12:00,CWL-1,Laser Mark Destroy,ST-3307 Twill Rinse,PO-66120,Khaki,107,98,1,0,,,
2026-09-18,12:00-13:00,CWL-1,Laser Mark Destroy,ST-3307 Twill Rinse,PO-66120,Khaki,101,101,3,1,,,
2026-09-18,13:00-14:00,CWL-1,Laser Mark Destroy,ST-3307 Twill Rinse,PO-66120,Khaki,95,90,2,1,,,
2026-09-18,14:00-15:00,CWL-1,Laser Mark Destroy,ST-3307 Twill Rinse,PO-66120,Khaki,87,84,1,1,,,
2026-09-18,15:00-16:00,CWL-1,Laser Mark Destroy,ST-3307 Twill Rinse,PO-66120,Khaki,94,95,1,0,,,
2026-09-18,16:00-17:00,CWL-1,Laser Mark Destroy,ST-4475 Vintage Wash,PO-77305,Vintage Indigo,84,86,3,1,,,
2026-09-18,17:00-18:00,CWL-1,Laser Mark Destroy,ST-4475 Vintage Wash,PO-77305,Vintage Indigo,110,100,1,1,,,
2026-09-18,18:00-19:00,CWL-1,Laser Mark Destroy,ST-4475 Vintage Wash,PO-77305,Vintage Indigo,101,95,3,1,,,
2026-09-18,19:00-20:00,CWL-1,Laser Mark Destroy,ST-4475 Vintage Wash,PO-77305,Vintage Indigo,86,87,1,1,,,
2026-09-18,20:00-21:00,CWL-1,Laser Mark Destroy,ST-4475 Vintage Wash,PO-77305,Vintage Indigo,114,104,2,1,,,
2026-09-18,21:00-22:00,CWL-1,Laser Mark Destroy,ST-4475 Vintage Wash,PO-77305,Vintage Indigo,97,95,2,0,,,
2026-09-18,22:00-23:00,CWL-1,Laser Mark Destroy,ST-4475 Vintage Wash,PO-77305,Vintage Indigo,91,88,1,1,,,
2026-09-18,23:00-00:00,CWL-1,Laser Mark Destroy,ST-4475 Vintage Wash,PO-77305,Vintage Indigo,88,85,1,1,,,
2026-09-18,00:00-01:00,CWL-1,Laser Mark Destroy,ST-3307 Twill Rinse,PO-66120,Khaki,90,85,3,1,,,
2026-09-18,01:00-02:00,CWL-1,Laser Mark Destroy,ST-3307 Twill Rinse,PO-66120,Khaki,95,89,2,1,,,
2026-09-18,02:00-03:00,CWL-1,Laser Mark Destroy,ST-3307 Twill Rinse,PO-66120,Khaki,106,98,3,1,,,
2026-09-18,03:00-04:00,CWL-1,Laser Mark Destroy,ST-3307 Twill Rinse,PO-66120,Khaki,87,81,1,0,,,
2026-09-18,04:00-05:00,CWL-1,Laser Mark Destroy,ST-3307 Twill Rinse,PO-66120,Khaki,86,82,1,0,,,
2026-09-18,05:00-06:00,CWL-1,Laser Mark Destroy,ST-3307 Twill Rinse,PO-66120,Khaki,110,100,1,1,,,
2026-09-18,06:00-07:00,CWL-1,Laser Mark Destroy,ST-3307 Twill Rinse,PO-66120,Khaki,107,99,2,1,,,
2026-09-18,07:00-08:00,CWL-1,Laser Mark Destroy,ST-3307 Twill Rinse,PO-66120,Khaki,93,91,3,1,,,
2026-09-18,08:00-09:00,CWL-1,Pattern Whisker,ST-4475 Vintage Wash,PO-77305,Vintage Indigo,29,28,0,0,15,Power / utility,
2026-09-18,09:00-10:00,CWL-1,Pattern Whisker,ST-4475 Vintage Wash,PO-77305,Vintage Indigo,1425,1317,18,13,,,
2026-09-18,10:00-11:00,CWL-1,Pattern Whisker,ST-4475 Vintage Wash,PO-77305,Vintage Indigo,1285,1292,37,19,,,
2026-09-18,11:00-12:00,CWL-1,Pattern Whisker,ST-4475 Vintage Wash,PO-77305,Vintage Indigo,1275,1300,30,14,,,
2026-09-18,12:00-13:00,CWL-1,Pattern Whisker,ST-4475 Vintage Wash,PO-77305,Vintage Indigo,1274,1181,28,9,,,
2026-09-18,13:00-14:00,CWL-1,Pattern Whisker,ST-4475 Vintage Wash,PO-77305,Vintage Indigo,1319,1325,34,22,,,
2026-09-18,14:00-15:00,CWL-1,Pattern Whisker,ST-4475 Vintage Wash,PO-77305,Vintage Indigo,1387,1357,23,25,,,
2026-09-18,15:00-16:00,CWL-1,Pattern Whisker,ST-4475 Vintage Wash,PO-77305,Vintage Indigo,1327,1207,19,14,,,
2026-09-18,16:00-17:00,CWL-1,Pattern Whisker,ST-3307 Twill Rinse,PO-66120,Khaki,1214,1140,23,10,,,
2026-09-18,17:00-18:00,CWL-1,Pattern Whisker,ST-3307 Twill Rinse,PO-66120,Khaki,1182,1123,22,22,,,
2026-09-18,18:00-19:00,CWL-1,Pattern Whisker,ST-3307 Twill Rinse,PO-66120,Khaki,1189,1119,15,6,,,
2026-09-18,19:00-20:00,CWL-1,Pattern Whisker,ST-3307 Twill Rinse,PO-66120,Khaki,1176,1148,11,10,,,
2026-09-18,20:00-21:00,CWL-1,Pattern Whisker,ST-3307 Twill Rinse,PO-66120,Khaki,0,0,0,0,15,Quality hold,
2026-09-18,21:00-22:00,CWL-1,Pattern Whisker,ST-3307 Twill Rinse,PO-66120,Khaki,1181,1092,18,16,,,
2026-09-18,22:00-23:00,CWL-1,Pattern Whisker,ST-3307 Twill Rinse,PO-66120,Khaki,1138,1052,21,18,,,
2026-09-18,23:00-00:00,CWL-1,Pattern Whisker,ST-3307 Twill Rinse,PO-66120,Khaki,1146,1073,19,5,,,
2026-09-18,00:00-01:00,CWL-1,Pattern Whisker,ST-3307 Twill Rinse,PO-66120,Khaki,471,448,8,5,15,Operator shortage,
2026-09-18,01:00-02:00,CWL-1,Pattern Whisker,ST-3307 Twill Rinse,PO-66120,Khaki,1122,1107,10,16,,,
2026-09-18,02:00-03:00,CWL-1,Pattern Whisker,ST-3307 Twill Rinse,PO-66120,Khaki,1342,1263,33,21,,,
2026-09-18,03:00-04:00,CWL-1,Pattern Whisker,ST-3307 Twill Rinse,PO-66120,Khaki,1261,1257,16,25,,,
2026-09-18,04:00-05:00,CWL-1,Pattern Whisker,ST-3307 Twill Rinse,PO-66120,Khaki,1266,1173,21,14,,,
2026-09-18,05:00-06:00,CWL-1,Pattern Whisker,ST-3307 Twill Rinse,PO-66120,Khaki,1162,1154,15,13,,,
2026-09-18,06:00-07:00,CWL-1,Pattern Whisker,ST-3307 Twill Rinse,PO-66120,Khaki,1094,1048,29,11,,,
2026-09-18,07:00-08:00,CWL-1,Pattern Whisker,ST-3307 Twill Rinse,PO-66120,Khaki,1298,1220,18,13,,,
2026-09-18,08:00-09:00,CWL-1,Hand Sand (Front & Back),ST-4475 Vintage Wash,PO-77305,Vintage Indigo,522,500,13,6,,,
2026-09-18,09:00-10:00,CWL-1,Hand Sand (Front & Back),ST-4475 Vintage Wash,PO-77305,Vintage Indigo,602,574,8,11,,,
2026-09-18,10:00-11:00,CWL-1,Hand Sand (Front & Back),ST-4475 Vintage Wash,PO-77305,Vintage Indigo,704,657,9,13,,,
2026-09-18,11:00-12:00,CWL-1,Hand Sand (Front & Back),ST-4475 Vintage Wash,PO-77305,Vintage Indigo,647,626,9,3,,,
2026-09-18,12:00-13:00,CWL-1,Hand Sand (Front & Back),ST-4475 Vintage Wash,PO-77305,Vintage Indigo,602,597,12,8,,,
2026-09-18,13:00-14:00,CWL-1,Hand Sand (Front & Back),ST-4475 Vintage Wash,PO-77305,Vintage Indigo,649,613,12,8,,,
2026-09-18,14:00-15:00,CWL-1,Hand Sand (Front & Back),ST-4475 Vintage Wash,PO-77305,Vintage Indigo,559,565,16,10,,,
2026-09-18,15:00-16:00,CWL-1,Hand Sand (Front & Back),ST-4475 Vintage Wash,PO-77305,Vintage Indigo,631,600,16,10,,,
2026-09-18,16:00-17:00,CWL-1,Hand Sand (Front & Back),ST-5120 Acid Blast,PO-88010,Acid Black,491,453,7,4,,,
2026-09-18,17:00-18:00,CWL-1,Hand Sand (Front & Back),ST-5120 Acid Blast,PO-88010,Acid Black,667,641,10,13,,,
2026-09-18,18:00-19:00,CWL-1,Hand Sand (Front & Back),ST-5120 Acid Blast,PO-88010,Acid Black,579,590,11,7,,,
2026-09-18,19:00-20:00,CWL-1,Hand Sand (Front & Back),ST-5120 Acid Blast,PO-88010,Acid Black,588,591,10,8,,,
2026-09-18,20:00-21:00,CWL-1,Hand Sand (Front & Back),ST-5120 Acid Blast,PO-88010,Acid Black,538,528,15,5,,,
2026-09-18,21:00-22:00,CWL-1,Hand Sand (Front & Back),ST-5120 Acid Blast,PO-88010,Acid Black,629,622,16,5,,,
2026-09-18,22:00-23:00,CWL-1,Hand Sand (Front & Back),ST-5120 Acid Blast,PO-88010,Acid Black,548,513,10,3,,,
2026-09-18,23:00-00:00,CWL-1,Hand Sand (Front & Back),ST-5120 Acid Blast,PO-88010,Acid Black,580,535,9,10,,,
2026-09-18,00:00-01:00,CWL-1,Hand Sand (Front & Back),ST-3307 Twill Rinse,PO-66120,Khaki,499,455,12,4,,,
2026-09-18,01:00-02:00,CWL-1,Hand Sand (Front & Back),ST-3307 Twill Rinse,PO-66120,Khaki,539,531,7,4,,,
2026-09-18,02:00-03:00,CWL-1,Hand Sand (Front & Back),ST-3307 Twill Rinse,PO-66120,Khaki,656,662,18,8,,,
2026-09-18,03:00-04:00,CWL-1,Hand Sand (Front & Back),ST-3307 Twill Rinse,PO-66120,Khaki,561,520,15,6,,,
2026-09-18,04:00-05:00,CWL-1,Hand Sand (Front & Back),ST-3307 Twill Rinse,PO-66120,Khaki,583,536,9,5,,,
2026-09-18,05:00-06:00,CWL-1,Hand Sand (Front & Back),ST-3307 Twill Rinse,PO-66120,Khaki,645,632,18,12,,,
2026-09-18,06:00-07:00,CWL-1,Hand Sand (Front & Back),ST-3307 Twill Rinse,PO-66120,Khaki,580,581,15,12,,,
2026-09-18,07:00-08:00,CWL-1,Hand Sand (Front & Back),ST-3307 Twill Rinse,PO-66120,Khaki,661,634,17,12,,,
2026-09-18,08:00-09:00,CWL-1,Allover Hand Sand,ST-4430 Mid Blue,PO-77210,Mid Blue,76,77,2,1,,,
2026-09-18,09:00-10:00,CWL-1,Allover Hand Sand,ST-4430 Mid Blue,PO-77210,Mid Blue,89,82,2,1,,,
2026-09-18,10:00-11:00,CWL-1,Allover Hand Sand,ST-4430 Mid Blue,PO-77210,Mid Blue,99,91,1,1,,,
2026-09-18,11:00-12:00,CWL-1,Allover Hand Sand,ST-4430 Mid Blue,PO-77210,Mid Blue,94,90,2,2,,,
2026-09-18,12:00-13:00,CWL-1,Allover Hand Sand,ST-4430 Mid Blue,PO-77210,Mid Blue,104,96,1,2,,,
2026-09-18,13:00-14:00,CWL-1,Allover Hand Sand,ST-4430 Mid Blue,PO-77210,Mid Blue,86,86,1,1,,,
2026-09-18,14:00-15:00,CWL-1,Allover Hand Sand,ST-4430 Mid Blue,PO-77210,Mid Blue,80,81,2,2,,,
2026-09-18,15:00-16:00,CWL-1,Allover Hand Sand,ST-4430 Mid Blue,PO-77210,Mid Blue,94,87,2,2,,,
2026-09-18,16:00-17:00,CWL-1,Allover Hand Sand,ST-3307 Twill Rinse,PO-66120,Khaki,79,76,1,0,,,
2026-09-18,17:00-18:00,CWL-1,Allover Hand Sand,ST-3307 Twill Rinse,PO-66120,Khaki,96,89,3,1,,,
2026-09-18,18:00-19:00,CWL-1,Allover Hand Sand,ST-3307 Twill Rinse,PO-66120,Khaki,102,97,2,2,,,
2026-09-18,19:00-20:00,CWL-1,Allover Hand Sand,ST-3307 Twill Rinse,PO-66120,Khaki,100,100,2,2,,,
2026-09-18,20:00-21:00,CWL-1,Allover Hand Sand,ST-3307 Twill Rinse,PO-66120,Khaki,90,88,1,1,,,
2026-09-18,21:00-22:00,CWL-1,Allover Hand Sand,ST-3307 Twill Rinse,PO-66120,Khaki,96,90,2,1,,,
2026-09-18,22:00-23:00,CWL-1,Allover Hand Sand,ST-3307 Twill Rinse,PO-66120,Khaki,104,95,3,2,,,
2026-09-18,23:00-00:00,CWL-1,Allover Hand Sand,ST-3307 Twill Rinse,PO-66120,Khaki,13,12,0,0,30,Machine breakdown,
2026-09-18,00:00-01:00,CWL-1,Allover Hand Sand,ST-5120 Acid Blast,PO-88010,Acid Black,74,71,2,1,,,
2026-09-18,01:00-02:00,CWL-1,Allover Hand Sand,ST-5120 Acid Blast,PO-88010,Acid Black,95,89,1,1,,,
2026-09-18,02:00-03:00,CWL-1,Allover Hand Sand,ST-5120 Acid Blast,PO-88010,Acid Black,95,90,2,1,,,
2026-09-18,03:00-04:00,CWL-1,Allover Hand Sand,ST-5120 Acid Blast,PO-88010,Acid Black,100,94,1,1,,,
2026-09-18,04:00-05:00,CWL-1,Allover Hand Sand,ST-5120 Acid Blast,PO-88010,Acid Black,89,87,2,1,,,
2026-09-18,05:00-06:00,CWL-1,Allover Hand Sand,ST-5120 Acid Blast,PO-88010,Acid Black,94,91,2,0,,,
2026-09-18,06:00-07:00,CWL-1,Allover Hand Sand,ST-5120 Acid Blast,PO-88010,Acid Black,101,96,2,1,,,
2026-09-18,07:00-08:00,CWL-1,Allover Hand Sand,ST-5120 Acid Blast,PO-88010,Acid Black,106,103,1,1,,,
2026-09-18,08:00-09:00,CWL-1,Tagging,ST-3307 Twill Rinse,PO-66120,Khaki,590,588,13,11,,,
2026-09-18,09:00-10:00,CWL-1,Tagging,ST-3307 Twill Rinse,PO-66120,Khaki,756,760,8,4,,,
2026-09-18,10:00-11:00,CWL-1,Tagging,ST-3307 Twill Rinse,PO-66120,Khaki,699,654,20,13,,,
2026-09-18,11:00-12:00,CWL-1,Tagging,ST-3307 Twill Rinse,PO-66120,Khaki,830,841,17,8,,,
2026-09-18,12:00-13:00,CWL-1,Tagging,ST-3307 Twill Rinse,PO-66120,Khaki,753,690,6,13,,,
2026-09-18,13:00-14:00,CWL-1,Tagging,ST-3307 Twill Rinse,PO-66120,Khaki,799,794,21,8,,,
2026-09-18,14:00-15:00,CWL-1,Tagging,ST-3307 Twill Rinse,PO-66120,Khaki,801,754,13,8,,,
2026-09-18,15:00-16:00,CWL-1,Tagging,ST-3307 Twill Rinse,PO-66120,Khaki,779,729,12,5,,,
2026-09-18,16:00-17:00,CWL-1,Tagging,ST-5120 Acid Blast,PO-88010,Acid Black,678,688,7,9,,,
2026-09-18,17:00-18:00,CWL-1,Tagging,ST-5120 Acid Blast,PO-88010,Acid Black,668,655,11,7,,,
2026-09-18,18:00-19:00,CWL-1,Tagging,ST-5120 Acid Blast,PO-88010,Acid Black,829,801,7,10,,,
2026-09-18,19:00-20:00,CWL-1,Tagging,ST-5120 Acid Blast,PO-88010,Acid Black,903,843,9,6,,,
2026-09-18,20:00-21:00,CWL-1,Tagging,ST-5120 Acid Blast,PO-88010,Acid Black,813,808,16,7,,,
2026-09-18,21:00-22:00,CWL-1,Tagging,ST-5120 Acid Blast,PO-88010,Acid Black,706,699,18,13,,,
2026-09-18,22:00-23:00,CWL-1,Tagging,ST-5120 Acid Blast,PO-88010,Acid Black,697,706,8,12,,,
2026-09-18,23:00-00:00,CWL-1,Tagging,ST-5120 Acid Blast,PO-88010,Acid Black,859,810,20,8,,,
2026-09-18,00:00-01:00,CWL-1,Tagging,ST-4430 Mid Blue,PO-77210,Mid Blue,654,618,7,7,,,
2026-09-18,01:00-02:00,CWL-1,Tagging,ST-4430 Mid Blue,PO-77210,Mid Blue,777,766,8,12,,,
2026-09-18,02:00-03:00,CWL-1,Tagging,ST-4430 Mid Blue,PO-77210,Mid Blue,116,107,2,2,45,Other,
2026-09-18,03:00-04:00,CWL-1,Tagging,ST-4430 Mid Blue,PO-77210,Mid Blue,728,711,15,11,,,
2026-09-18,04:00-05:00,CWL-1,Tagging,ST-4430 Mid Blue,PO-77210,Mid Blue,737,721,15,7,,,
2026-09-18,05:00-06:00,CWL-1,Tagging,ST-4430 Mid Blue,PO-77210,Mid Blue,692,701,9,4,,,
2026-09-18,06:00-07:00,CWL-1,Tagging,ST-4430 Mid Blue,PO-77210,Mid Blue,823,777,16,16,,,
2026-09-18,07:00-08:00,CWL-1,Tagging,ST-4430 Mid Blue,PO-77210,Mid Blue,701,658,19,13,,,
2026-09-18,08:00-09:00,CWL-1,Grinding,ST-4412 Dark Stone,PO-77101,Dark Blue,206,207,6,2,,,
2026-09-18,09:00-10:00,CWL-1,Grinding,ST-4412 Dark Stone,PO-77101,Dark Blue,247,240,3,2,,,
2026-09-18,10:00-11:00,CWL-1,Grinding,ST-4412 Dark Stone,PO-77101,Dark Blue,255,243,3,5,,,
2026-09-18,11:00-12:00,CWL-1,Grinding,ST-4412 Dark Stone,PO-77101,Dark Blue,206,205,5,3,,,
2026-09-18,12:00-13:00,CWL-1,Grinding,ST-4412 Dark Stone,PO-77101,Dark Blue,207,199,5,3,,,
2026-09-18,13:00-14:00,CWL-1,Grinding,ST-4412 Dark Stone,PO-77101,Dark Blue,195,197,6,3,,,
2026-09-18,14:00-15:00,CWL-1,Grinding,ST-4412 Dark Stone,PO-77101,Dark Blue,254,241,7,2,,,
2026-09-18,15:00-16:00,CWL-1,Grinding,ST-4412 Dark Stone,PO-77101,Dark Blue,6,6,0,0,30,Power / utility,
2026-09-18,16:00-17:00,CWL-1,Grinding,ST-3307 Twill Rinse,PO-66120,Khaki,203,187,6,2,,,
2026-09-18,17:00-18:00,CWL-1,Grinding,ST-3307 Twill Rinse,PO-66120,Khaki,236,225,4,2,,,
2026-09-18,18:00-19:00,CWL-1,Grinding,ST-3307 Twill Rinse,PO-66120,Khaki,229,225,2,2,,,
2026-09-18,19:00-20:00,CWL-1,Grinding,ST-3307 Twill Rinse,PO-66120,Khaki,229,218,4,2,,,
2026-09-18,20:00-21:00,CWL-1,Grinding,ST-3307 Twill Rinse,PO-66120,Khaki,3,3,0,0,30,Quality hold,
2026-09-18,21:00-22:00,CWL-1,Grinding,ST-3307 Twill Rinse,PO-66120,Khaki,254,244,6,4,,,
2026-09-18,22:00-23:00,CWL-1,Grinding,ST-3307 Twill Rinse,PO-66120,Khaki,268,250,4,5,,,
2026-09-18,23:00-00:00,CWL-1,Grinding,ST-3307 Twill Rinse,PO-66120,Khaki,240,226,2,3,,,
2026-09-18,00:00-01:00,CWL-1,Grinding,ST-4412 Dark Stone,PO-77101,Dark Blue,205,204,4,3,,,
2026-09-18,01:00-02:00,CWL-1,Grinding,ST-4412 Dark Stone,PO-77101,Dark Blue,220,211,4,2,,,
2026-09-18,02:00-03:00,CWL-1,Grinding,ST-4412 Dark Stone,PO-77101,Dark Blue,247,231,7,1,,,
2026-09-18,03:00-04:00,CWL-1,Grinding,ST-4412 Dark Stone,PO-77101,Dark Blue,247,228,3,3,,,
2026-09-18,04:00-05:00,CWL-1,Grinding,ST-4412 Dark Stone,PO-77101,Dark Blue,243,232,6,3,,,
2026-09-18,05:00-06:00,CWL-1,Grinding,ST-4412 Dark Stone,PO-77101,Dark Blue,256,236,3,2,,,
2026-09-18,06:00-07:00,CWL-1,Grinding,ST-4412 Dark Stone,PO-77101,Dark Blue,241,230,2,2,,,
2026-09-18,07:00-08:00,CWL-1,Grinding,ST-4412 Dark Stone,PO-77101,Dark Blue,259,245,5,4,,,
2026-09-18,08:00-09:00,CWL-1,Destruction,ST-3307 Twill Rinse,PO-66120,Khaki,158,146,1,1,,,
2026-09-18,09:00-10:00,CWL-1,Destruction,ST-3307 Twill Rinse,PO-66120,Khaki,177,177,5,1,,,
2026-09-18,10:00-11:00,CWL-1,Destruction,ST-3307 Twill Rinse,PO-66120,Khaki,179,182,3,3,,,
2026-09-18,11:00-12:00,CWL-1,Destruction,ST-3307 Twill Rinse,PO-66120,Khaki,199,195,3,1,,,
2026-09-18,12:00-13:00,CWL-1,Destruction,ST-3307 Twill Rinse,PO-66120,Khaki,157,153,2,2,,,
2026-09-18,13:00-14:00,CWL-1,Destruction,ST-3307 Twill Rinse,PO-66120,Khaki,168,154,3,1,,,
2026-09-18,14:00-15:00,CWL-1,Destruction,ST-3307 Twill Rinse,PO-66120,Khaki,183,173,3,1,,,
2026-09-18,15:00-16:00,CWL-1,Destruction,ST-3307 Twill Rinse,PO-66120,Khaki,177,177,4,2,,,
2026-09-18,16:00-17:00,CWL-1,Destruction,ST-4430 Mid Blue,PO-77210,Mid Blue,156,159,2,2,,,
2026-09-18,17:00-18:00,CWL-1,Destruction,ST-4430 Mid Blue,PO-77210,Mid Blue,189,175,4,3,,,
2026-09-18,18:00-19:00,CWL-1,Destruction,ST-4430 Mid Blue,PO-77210,Mid Blue,192,190,4,1,,,
2026-09-18,19:00-20:00,CWL-1,Destruction,ST-4430 Mid Blue,PO-77210,Mid Blue,203,186,4,2,,,
2026-09-18,20:00-21:00,CWL-1,Destruction,ST-4430 Mid Blue,PO-77210,Mid Blue,165,155,2,2,,,
2026-09-18,21:00-22:00,CWL-1,Destruction,ST-4430 Mid Blue,PO-77210,Mid Blue,153,152,3,2,,,
2026-09-18,22:00-23:00,CWL-1,Destruction,ST-4430 Mid Blue,PO-77210,Mid Blue,199,184,2,2,,,
2026-09-18,23:00-00:00,CWL-1,Destruction,ST-4430 Mid Blue,PO-77210,Mid Blue,200,193,4,2,,,
2026-09-18,00:00-01:00,CWL-1,Destruction,ST-5120 Acid Blast,PO-88010,Acid Black,161,160,4,3,,,
2026-09-18,01:00-02:00,CWL-1,Destruction,ST-5120 Acid Blast,PO-88010,Acid Black,173,167,3,2,,,
2026-09-18,02:00-03:00,CWL-1,Destruction,ST-5120 Acid Blast,PO-88010,Acid Black,202,185,4,3,,,
2026-09-18,03:00-04:00,CWL-1,Destruction,ST-5120 Acid Blast,PO-88010,Acid Black,183,170,2,4,,,
2026-09-18,04:00-05:00,CWL-1,Destruction,ST-5120 Acid Blast,PO-88010,Acid Black,179,165,5,2,,,
2026-09-18,05:00-06:00,CWL-1,Destruction,ST-5120 Acid Blast,PO-88010,Acid Black,188,179,3,3,,,
2026-09-18,06:00-07:00,CWL-1,Destruction,ST-5120 Acid Blast,PO-88010,Acid Black,172,162,3,2,,,
2026-09-18,07:00-08:00,CWL-1,Destruction,ST-5120 Acid Blast,PO-88010,Acid Black,173,168,5,2,,,
2026-09-18,08:00-09:00,CWL-1,Cutting / Destroy,ST-4475 Vintage Wash,PO-77305,Vintage Indigo,321,312,7,4,,,
2026-09-18,09:00-10:00,CWL-1,Cutting / Destroy,ST-4475 Vintage Wash,PO-77305,Vintage Indigo,341,321,8,6,,,
2026-09-18,10:00-11:00,CWL-1,Cutting / Destroy,ST-4475 Vintage Wash,PO-77305,Vintage Indigo,337,330,10,3,,,
2026-09-18,11:00-12:00,CWL-1,Cutting / Destroy,ST-4475 Vintage Wash,PO-77305,Vintage Indigo,313,313,6,2,,,
2026-09-18,12:00-13:00,CWL-1,Cutting / Destroy,ST-4475 Vintage Wash,PO-77305,Vintage Indigo,369,337,7,6,,,
2026-09-18,13:00-14:00,CWL-1,Cutting / Destroy,ST-4475 Vintage Wash,PO-77305,Vintage Indigo,360,344,10,3,,,
2026-09-18,14:00-15:00,CWL-1,Cutting / Destroy,ST-4475 Vintage Wash,PO-77305,Vintage Indigo,391,365,7,3,,,
2026-09-18,15:00-16:00,CWL-1,Cutting / Destroy,ST-4475 Vintage Wash,PO-77305,Vintage Indigo,361,347,5,3,,,
2026-09-18,16:00-17:00,CWL-1,Cutting / Destroy,ST-5120 Acid Blast,PO-88010,Acid Black,264,258,6,2,,,
2026-09-18,17:00-18:00,CWL-1,Cutting / Destroy,ST-5120 Acid Blast,PO-88010,Acid Black,396,370,8,8,,,
2026-09-18,18:00-19:00,CWL-1,Cutting / Destroy,ST-5120 Acid Blast,PO-88010,Acid Black,351,334,5,4,,,
2026-09-18,19:00-20:00,CWL-1,Cutting / Destroy,ST-5120 Acid Blast,PO-88010,Acid Black,84,85,2,1,45,Waiting for material,
2026-09-18,20:00-21:00,CWL-1,Cutting / Destroy,ST-5120 Acid Blast,PO-88010,Acid Black,333,320,5,4,,,
2026-09-18,21:00-22:00,CWL-1,Cutting / Destroy,ST-5120 Acid Blast,PO-88010,Acid Black,358,348,9,7,,,
2026-09-18,22:00-23:00,CWL-1,Cutting / Destroy,ST-5120 Acid Blast,PO-88010,Acid Black,391,363,7,2,,,
2026-09-18,23:00-00:00,CWL-1,Cutting / Destroy,ST-5120 Acid Blast,PO-88010,Acid Black,385,361,4,8,,,
2026-09-18,00:00-01:00,CWL-1,Cutting / Destroy,ST-4412 Dark Stone,PO-77101,Dark Blue,294,299,5,5,,,
2026-09-18,01:00-02:00,CWL-1,Cutting / Destroy,ST-4412 Dark Stone,PO-77101,Dark Blue,308,307,5,3,,,
2026-09-18,02:00-03:00,CWL-1,Cutting / Destroy,ST-4412 Dark Stone,PO-77101,Dark Blue,352,339,4,5,,,
2026-09-18,03:00-04:00,CWL-1,Cutting / Destroy,ST-4412 Dark Stone,PO-77101,Dark Blue,394,382,6,7,,,
2026-09-18,04:00-05:00,CWL-1,Cutting / Destroy,ST-4412 Dark Stone,PO-77101,Dark Blue,298,295,3,5,,,
2026-09-18,05:00-06:00,CWL-1,Cutting / Destroy,ST-4412 Dark Stone,PO-77101,Dark Blue,403,378,5,5,,,
2026-09-18,06:00-07:00,CWL-1,Cutting / Destroy,ST-4412 Dark Stone,PO-77101,Dark Blue,296,295,6,6,,,
2026-09-18,07:00-08:00,CWL-1,Cutting / Destroy,ST-4412 Dark Stone,PO-77101,Dark Blue,367,372,9,4,,,
2026-09-18,08:00-09:00,CWL-1,Air Blowing,ST-4430 Mid Blue,PO-77210,Mid Blue,392,377,9,3,,,
2026-09-18,09:00-10:00,CWL-1,Air Blowing,ST-4430 Mid Blue,PO-77210,Mid Blue,46,45,1,1,15,Operator shortage,
2026-09-18,10:00-11:00,CWL-1,Air Blowing,ST-4430 Mid Blue,PO-77210,Mid Blue,68,65,2,0,30,Changeover / setup,
2026-09-18,11:00-12:00,CWL-1,Air Blowing,ST-4430 Mid Blue,PO-77210,Mid Blue,457,424,6,7,,,
2026-09-18,12:00-13:00,CWL-1,Air Blowing,ST-4430 Mid Blue,PO-77210,Mid Blue,376,344,4,6,,,
2026-09-18,13:00-14:00,CWL-1,Air Blowing,ST-4430 Mid Blue,PO-77210,Mid Blue,370,361,6,6,,,
2026-09-18,14:00-15:00,CWL-1,Air Blowing,ST-4430 Mid Blue,PO-77210,Mid Blue,410,390,7,3,,,
2026-09-18,15:00-16:00,CWL-1,Air Blowing,ST-4430 Mid Blue,PO-77210,Mid Blue,364,347,5,5,,,
2026-09-18,16:00-17:00,CWL-1,Air Blowing,ST-4475 Vintage Wash,PO-77305,Vintage Indigo,283,289,7,2,,,
2026-09-18,17:00-18:00,CWL-1,Air Blowing,ST-4475 Vintage Wash,PO-77305,Vintage Indigo,428,431,5,5,,,
2026-09-18,18:00-19:00,CWL-1,Air Blowing,ST-4475 Vintage Wash,PO-77305,Vintage Indigo,458,420,9,5,,,
2026-09-18,19:00-20:00,CWL-1,Air Blowing,ST-4475 Vintage Wash,PO-77305,Vintage Indigo,363,350,4,4,,,
2026-09-18,20:00-21:00,CWL-1,Air Blowing,ST-4475 Vintage Wash,PO-77305,Vintage Indigo,425,396,10,5,,,
2026-09-18,21:00-22:00,CWL-1,Air Blowing,ST-4475 Vintage Wash,PO-77305,Vintage Indigo,377,370,6,5,,,
2026-09-18,22:00-23:00,CWL-1,Air Blowing,ST-4475 Vintage Wash,PO-77305,Vintage Indigo,347,338,8,2,,,
2026-09-18,23:00-00:00,CWL-1,Air Blowing,ST-4475 Vintage Wash,PO-77305,Vintage Indigo,440,438,9,7,,,
2026-09-18,00:00-01:00,CWL-1,Air Blowing,ST-4475 Vintage Wash,PO-77305,Vintage Indigo,354,353,6,6,,,
2026-09-18,01:00-02:00,CWL-1,Air Blowing,ST-4475 Vintage Wash,PO-77305,Vintage Indigo,427,398,7,7,,,
2026-09-18,02:00-03:00,CWL-1,Air Blowing,ST-4475 Vintage Wash,PO-77305,Vintage Indigo,421,405,5,3,,,
2026-09-18,03:00-04:00,CWL-1,Air Blowing,ST-4475 Vintage Wash,PO-77305,Vintage Indigo,364,346,10,4,,,
2026-09-18,04:00-05:00,CWL-1,Air Blowing,ST-4475 Vintage Wash,PO-77305,Vintage Indigo,370,345,9,2,,,
2026-09-18,05:00-06:00,CWL-1,Air Blowing,ST-4475 Vintage Wash,PO-77305,Vintage Indigo,417,391,9,4,,,
2026-09-18,06:00-07:00,CWL-1,Air Blowing,ST-4475 Vintage Wash,PO-77305,Vintage Indigo,392,359,5,7,,,
2026-09-18,07:00-08:00,CWL-1,Air Blowing,ST-4475 Vintage Wash,PO-77305,Vintage Indigo,408,398,4,4,,,
2026-09-18,08:00-09:00,CWL-1,PP Spray (Front & Back),ST-3307 Twill Rinse,PO-66120,Khaki,767,782,13,13,,,
2026-09-18,09:00-10:00,CWL-1,PP Spray (Front & Back),ST-3307 Twill Rinse,PO-66120,Khaki,944,917,24,9,,,
2026-09-18,10:00-11:00,CWL-1,PP Spray (Front & Back),ST-3307 Twill Rinse,PO-66120,Khaki,1025,1000,27,18,,,
2026-09-18,11:00-12:00,CWL-1,PP Spray (Front & Back),ST-3307 Twill Rinse,PO-66120,Khaki,927,895,19,11,,,
2026-09-18,12:00-13:00,CWL-1,PP Spray (Front & Back),ST-3307 Twill Rinse,PO-66120,Khaki,968,903,19,18,,,
2026-09-18,13:00-14:00,CWL-1,PP Spray (Front & Back),ST-3307 Twill Rinse,PO-66120,Khaki,975,965,19,6,,,
2026-09-18,14:00-15:00,CWL-1,PP Spray (Front & Back),ST-3307 Twill Rinse,PO-66120,Khaki,862,785,9,10,,,
2026-09-18,15:00-16:00,CWL-1,PP Spray (Front & Back),ST-3307 Twill Rinse,PO-66120,Khaki,842,835,22,15,,,
2026-09-18,16:00-17:00,CWL-1,PP Spray (Front & Back),ST-4430 Mid Blue,PO-77210,Mid Blue,739,716,9,10,,,
2026-09-18,17:00-18:00,CWL-1,PP Spray (Front & Back),ST-4430 Mid Blue,PO-77210,Mid Blue,918,869,22,10,,,
2026-09-18,18:00-19:00,CWL-1,PP Spray (Front & Back),ST-4430 Mid Blue,PO-77210,Mid Blue,946,862,23,4,,,
2026-09-18,19:00-20:00,CWL-1,PP Spray (Front & Back),ST-4430 Mid Blue,PO-77210,Mid Blue,911,857,12,6,,,
2026-09-18,20:00-21:00,CWL-1,PP Spray (Front & Back),ST-4430 Mid Blue,PO-77210,Mid Blue,844,839,19,14,,,
2026-09-18,21:00-22:00,CWL-1,PP Spray (Front & Back),ST-4430 Mid Blue,PO-77210,Mid Blue,1001,940,24,14,,,
2026-09-18,22:00-23:00,CWL-1,PP Spray (Front & Back),ST-4430 Mid Blue,PO-77210,Mid Blue,1049,1005,16,10,,,
2026-09-18,23:00-00:00,CWL-1,PP Spray (Front & Back),ST-4430 Mid Blue,PO-77210,Mid Blue,1035,964,19,8,,,
2026-09-18,00:00-01:00,CWL-1,PP Spray (Front & Back),ST-5120 Acid Blast,PO-88010,Acid Black,741,702,12,11,,,
2026-09-18,01:00-02:00,CWL-1,PP Spray (Front & Back),ST-5120 Acid Blast,PO-88010,Acid Black,862,799,14,11,,,
2026-09-18,02:00-03:00,CWL-1,PP Spray (Front & Back),ST-5120 Acid Blast,PO-88010,Acid Black,939,921,17,16,,,
2026-09-18,03:00-04:00,CWL-1,PP Spray (Front & Back),ST-5120 Acid Blast,PO-88010,Acid Black,978,910,24,7,,,
2026-09-18,04:00-05:00,CWL-1,PP Spray (Front & Back),ST-5120 Acid Blast,PO-88010,Acid Black,774,773,21,16,,,
2026-09-18,05:00-06:00,CWL-1,PP Spray (Front & Back),ST-5120 Acid Blast,PO-88010,Acid Black,913,901,18,18,,,
2026-09-18,06:00-07:00,CWL-1,PP Spray (Front & Back),ST-5120 Acid Blast,PO-88010,Acid Black,1008,998,16,17,,,
2026-09-18,07:00-08:00,CWL-1,PP Spray (Front & Back),ST-5120 Acid Blast,PO-88010,Acid Black,875,878,19,7,,,
2026-09-18,08:00-09:00,CWL-1,Allover PP Spray,ST-3307 Twill Rinse,PO-66120,Khaki,313,292,7,2,,,
2026-09-18,09:00-10:00,CWL-1,Allover PP Spray,ST-3307 Twill Rinse,PO-66120,Khaki,335,310,7,4,,,
2026-09-18,10:00-11:00,CWL-1,Allover PP Spray,ST-3307 Twill Rinse,PO-66120,Khaki,372,361,5,5,,,
2026-09-18,11:00-12:00,CWL-1,Allover PP Spray,ST-3307 Twill Rinse,PO-66120,Khaki,320,303,9,5,,,
2026-09-18,12:00-13:00,CWL-1,Allover PP Spray,ST-3307 Twill Rinse,PO-66120,Khaki,328,331,8,2,,,
2026-09-18,13:00-14:00,CWL-1,Allover PP Spray,ST-3307 Twill Rinse,PO-66120,Khaki,353,341,7,3,,,
2026-09-18,14:00-15:00,CWL-1,Allover PP Spray,ST-3307 Twill Rinse,PO-66120,Khaki,310,284,2,5,,,
2026-09-18,15:00-16:00,CWL-1,Allover PP Spray,ST-3307 Twill Rinse,PO-66120,Khaki,286,291,7,1,,,
2026-09-18,16:00-17:00,CWL-1,Allover PP Spray,ST-5120 Acid Blast,PO-88010,Acid Black,265,247,3,4,,,
2026-09-18,17:00-18:00,CWL-1,Allover PP Spray,ST-5120 Acid Blast,PO-88010,Acid Black,351,343,7,7,,,
2026-09-18,18:00-19:00,CWL-1,Allover PP Spray,ST-5120 Acid Blast,PO-88010,Acid Black,368,345,8,6,,,
2026-09-18,19:00-20:00,CWL-1,Allover PP Spray,ST-5120 Acid Blast,PO-88010,Acid Black,294,282,8,5,,,
2026-09-18,20:00-21:00,CWL-1,Allover PP Spray,ST-5120 Acid Blast,PO-88010,Acid Black,320,312,4,3,,,
2026-09-18,21:00-22:00,CWL-1,Allover PP Spray,ST-5120 Acid Blast,PO-88010,Acid Black,383,360,4,6,,,
2026-09-18,22:00-23:00,CWL-1,Allover PP Spray,ST-5120 Acid Blast,PO-88010,Acid Black,328,334,4,3,,,
2026-09-18,23:00-00:00,CWL-1,Allover PP Spray,ST-5120 Acid Blast,PO-88010,Acid Black,376,356,10,2,,,
2026-09-18,00:00-01:00,CWL-1,Allover PP Spray,ST-5120 Acid Blast,PO-88010,Acid Black,4,4,0,0,15,Power / utility,
2026-09-18,01:00-02:00,CWL-1,Allover PP Spray,ST-5120 Acid Blast,PO-88010,Acid Black,370,351,6,3,,,
2026-09-18,02:00-03:00,CWL-1,Allover PP Spray,ST-5120 Acid Blast,PO-88010,Acid Black,351,351,8,7,,,
2026-09-18,03:00-04:00,CWL-1,Allover PP Spray,ST-5120 Acid Blast,PO-88010,Acid Black,308,304,3,4,,,
2026-09-18,04:00-05:00,CWL-1,Allover PP Spray,ST-5120 Acid Blast,PO-88010,Acid Black,371,356,3,2,,,
2026-09-18,05:00-06:00,CWL-1,Allover PP Spray,ST-5120 Acid Blast,PO-88010,Acid Black,338,342,5,6,,,
2026-09-18,06:00-07:00,CWL-1,Allover PP Spray,ST-5120 Acid Blast,PO-88010,Acid Black,309,309,3,4,,,
2026-09-18,07:00-08:00,CWL-1,Allover PP Spray,ST-5120 Acid Blast,PO-88010,Acid Black,357,330,9,6,,,
2026-09-18,08:00-09:00,CWL-1,PP Rubbing,ST-3307 Twill Rinse,PO-66120,Khaki,156,152,1,1,,,
2026-09-18,09:00-10:00,CWL-1,PP Rubbing,ST-3307 Twill Rinse,PO-66120,Khaki,193,179,4,3,,,
2026-09-18,10:00-11:00,CWL-1,PP Rubbing,ST-3307 Twill Rinse,PO-66120,Khaki,182,174,4,2,,,
2026-09-18,11:00-12:00,CWL-1,PP Rubbing,ST-3307 Twill Rinse,PO-66120,Khaki,190,176,4,1,,,
2026-09-18,12:00-13:00,CWL-1,PP Rubbing,ST-3307 Twill Rinse,PO-66120,Khaki,218,203,2,4,,,
2026-09-18,13:00-14:00,CWL-1,PP Rubbing,ST-3307 Twill Rinse,PO-66120,Khaki,215,208,6,4,,,
2026-09-18,14:00-15:00,CWL-1,PP Rubbing,ST-3307 Twill Rinse,PO-66120,Khaki,186,180,1,1,,,
2026-09-18,15:00-16:00,CWL-1,PP Rubbing,ST-3307 Twill Rinse,PO-66120,Khaki,191,186,4,2,,,
2026-09-18,16:00-17:00,CWL-1,PP Rubbing,ST-4475 Vintage Wash,PO-77305,Vintage Indigo,179,181,4,3,,,
2026-09-18,17:00-18:00,CWL-1,PP Rubbing,ST-4475 Vintage Wash,PO-77305,Vintage Indigo,223,206,4,4,,,
2026-09-18,18:00-19:00,CWL-1,PP Rubbing,ST-4475 Vintage Wash,PO-77305,Vintage Indigo,186,184,3,2,,,
2026-09-18,19:00-20:00,CWL-1,PP Rubbing,ST-4475 Vintage Wash,PO-77305,Vintage Indigo,208,202,5,1,,,
2026-09-18,20:00-21:00,CWL-1,PP Rubbing,ST-4475 Vintage Wash,PO-77305,Vintage Indigo,217,207,1,3,,,
2026-09-18,21:00-22:00,CWL-1,PP Rubbing,ST-4475 Vintage Wash,PO-77305,Vintage Indigo,165,164,4,3,,,
2026-09-18,22:00-23:00,CWL-1,PP Rubbing,ST-4475 Vintage Wash,PO-77305,Vintage Indigo,166,167,2,3,,,
2026-09-18,23:00-00:00,CWL-1,PP Rubbing,ST-4475 Vintage Wash,PO-77305,Vintage Indigo,206,188,5,3,,,
2026-09-18,00:00-01:00,CWL-1,PP Rubbing,ST-5120 Acid Blast,PO-88010,Acid Black,154,148,4,2,,,
2026-09-18,01:00-02:00,CWL-1,PP Rubbing,ST-5120 Acid Blast,PO-88010,Acid Black,189,172,2,2,,,
2026-09-18,02:00-03:00,CWL-1,PP Rubbing,ST-5120 Acid Blast,PO-88010,Acid Black,205,209,4,2,,,
2026-09-18,03:00-04:00,CWL-1,PP Rubbing,ST-5120 Acid Blast,PO-88010,Acid Black,203,190,2,2,,,
2026-09-18,04:00-05:00,CWL-1,PP Rubbing,ST-5120 Acid Blast,PO-88010,Acid Black,63,60,1,0,45,Waiting for input,
2026-09-18,05:00-06:00,CWL-1,PP Rubbing,ST-5120 Acid Blast,PO-88010,Acid Black,190,185,4,3,,,
2026-09-18,06:00-07:00,CWL-1,PP Rubbing,ST-5120 Acid Blast,PO-88010,Acid Black,172,172,2,2,,,
2026-09-18,07:00-08:00,CWL-1,PP Rubbing,ST-5120 Acid Blast,PO-88010,Acid Black,215,196,3,2,,,
2026-09-18,08:00-09:00,CWL-1,Machine 3D,ST-4412 Dark Stone,PO-77101,Dark Blue,253,249,7,2,,,
2026-09-18,09:00-10:00,CWL-1,Machine 3D,ST-4412 Dark Stone,PO-77101,Dark Blue,286,265,3,3,,,
2026-09-18,10:00-11:00,CWL-1,Machine 3D,ST-4412 Dark Stone,PO-77101,Dark Blue,299,290,6,3,,,
2026-09-18,11:00-12:00,CWL-1,Machine 3D,ST-4412 Dark Stone,PO-77101,Dark Blue,307,305,4,5,,,
2026-09-18,12:00-13:00,CWL-1,Machine 3D,ST-4412 Dark Stone,PO-77101,Dark Blue,281,274,5,4,,,
2026-09-18,13:00-14:00,CWL-1,Machine 3D,ST-4412 Dark Stone,PO-77101,Dark Blue,300,297,7,2,,,
2026-09-18,14:00-15:00,CWL-1,Machine 3D,ST-4412 Dark Stone,PO-77101,Dark Blue,340,319,5,4,,,
2026-09-18,15:00-16:00,CWL-1,Machine 3D,ST-4412 Dark Stone,PO-77101,Dark Blue,326,302,4,3,,,
2026-09-18,16:00-17:00,CWL-1,Machine 3D,ST-3307 Twill Rinse,PO-66120,Khaki,93,86,2,2,30,Power / utility,
2026-09-18,17:00-18:00,CWL-1,Machine 3D,ST-3307 Twill Rinse,PO-66120,Khaki,290,277,7,3,,,
2026-09-18,18:00-19:00,CWL-1,Machine 3D,ST-3307 Twill Rinse,PO-66120,Khaki,297,274,4,2,,,
2026-09-18,19:00-20:00,CWL-1,Machine 3D,ST-3307 Twill Rinse,PO-66120,Khaki,274,253,3,2,,,
2026-09-18,20:00-21:00,CWL-1,Machine 3D,ST-3307 Twill Rinse,PO-66120,Khaki,302,298,5,5,,,
2026-09-18,21:00-22:00,CWL-1,Machine 3D,ST-3307 Twill Rinse,PO-66120,Khaki,268,272,3,2,,,
2026-09-18,22:00-23:00,CWL-1,Machine 3D,ST-3307 Twill Rinse,PO-66120,Khaki,337,306,7,1,,,
2026-09-18,23:00-00:00,CWL-1,Machine 3D,ST-3307 Twill Rinse,PO-66120,Khaki,272,255,4,4,,,
2026-09-18,00:00-01:00,CWL-1,Machine 3D,ST-4412 Dark Stone,PO-77101,Dark Blue,262,251,2,2,,,
2026-09-18,01:00-02:00,CWL-1,Machine 3D,ST-4412 Dark Stone,PO-77101,Dark Blue,329,322,7,3,,,
2026-09-18,02:00-03:00,CWL-1,Machine 3D,ST-4412 Dark Stone,PO-77101,Dark Blue,116,110,3,1,45,Other,
2026-09-18,03:00-04:00,CWL-1,Machine 3D,ST-4412 Dark Stone,PO-77101,Dark Blue,267,257,7,3,,,
2026-09-18,04:00-05:00,CWL-1,Machine 3D,ST-4412 Dark Stone,PO-77101,Dark Blue,14,14,0,0,30,Waiting for material,
2026-09-18,05:00-06:00,CWL-1,Machine 3D,ST-4412 Dark Stone,PO-77101,Dark Blue,302,298,4,5,,,
2026-09-18,06:00-07:00,CWL-1,Machine 3D,ST-4412 Dark Stone,PO-77101,Dark Blue,268,255,4,4,,,
2026-09-18,07:00-08:00,CWL-1,Machine 3D,ST-4412 Dark Stone,PO-77101,Dark Blue,301,306,4,5,,,
2026-09-18,08:00-09:00,CWL-1,Iron 3D,ST-4475 Vintage Wash,PO-77305,Vintage Indigo,212,207,1,4,,,
2026-09-18,09:00-10:00,CWL-1,Iron 3D,ST-4475 Vintage Wash,PO-77305,Vintage Indigo,288,280,8,4,,,
2026-09-18,10:00-11:00,CWL-1,Iron 3D,ST-4475 Vintage Wash,PO-77305,Vintage Indigo,246,245,5,1,,,
2026-09-18,11:00-12:00,CWL-1,Iron 3D,ST-4475 Vintage Wash,PO-77305,Vintage Indigo,101,97,3,0,15,Other,
2026-09-18,12:00-13:00,CWL-1,Iron 3D,ST-4475 Vintage Wash,PO-77305,Vintage Indigo,320,296,7,3,,,
2026-09-18,13:00-14:00,CWL-1,Iron 3D,ST-4475 Vintage Wash,PO-77305,Vintage Indigo,290,274,7,4,,,
2026-09-18,14:00-15:00,CWL-1,Iron 3D,ST-4475 Vintage Wash,PO-77305,Vintage Indigo,264,246,6,4,,,
2026-09-18,15:00-16:00,CWL-1,Iron 3D,ST-4475 Vintage Wash,PO-77305,Vintage Indigo,287,262,6,4,,,
2026-09-18,16:00-17:00,CWL-1,Iron 3D,ST-4412 Dark Stone,PO-77101,Dark Blue,27,27,0,0,45,Operator shortage,
2026-09-18,17:00-18:00,CWL-1,Iron 3D,ST-4412 Dark Stone,PO-77101,Dark Blue,294,276,7,5,,,
2026-09-18,18:00-19:00,CWL-1,Iron 3D,ST-4412 Dark Stone,PO-77101,Dark Blue,292,285,6,2,,,
2026-09-18,19:00-20:00,CWL-1,Iron 3D,ST-4412 Dark Stone,PO-77101,Dark Blue,305,298,7,5,,,
2026-09-18,20:00-21:00,CWL-1,Iron 3D,ST-4412 Dark Stone,PO-77101,Dark Blue,262,250,5,2,,,
2026-09-18,21:00-22:00,CWL-1,Iron 3D,ST-4412 Dark Stone,PO-77101,Dark Blue,274,271,3,5,,,
2026-09-18,22:00-23:00,CWL-1,Iron 3D,ST-4412 Dark Stone,PO-77101,Dark Blue,258,241,3,2,,,
2026-09-18,23:00-00:00,CWL-1,Iron 3D,ST-4412 Dark Stone,PO-77101,Dark Blue,255,239,2,4,,,
2026-09-18,00:00-01:00,CWL-1,Iron 3D,ST-4412 Dark Stone,PO-77101,Dark Blue,248,252,4,3,,,
2026-09-18,01:00-02:00,CWL-1,Iron 3D,ST-4412 Dark Stone,PO-77101,Dark Blue,314,286,3,2,,,
2026-09-18,02:00-03:00,CWL-1,Iron 3D,ST-4412 Dark Stone,PO-77101,Dark Blue,245,234,6,3,,,
2026-09-18,03:00-04:00,CWL-1,Iron 3D,ST-4412 Dark Stone,PO-77101,Dark Blue,21,21,0,0,45,Operator shortage,
2026-09-18,04:00-05:00,CWL-1,Iron 3D,ST-4412 Dark Stone,PO-77101,Dark Blue,269,255,5,4,,,
2026-09-18,05:00-06:00,CWL-1,Iron 3D,ST-4412 Dark Stone,PO-77101,Dark Blue,233,235,4,4,,,
2026-09-18,06:00-07:00,CWL-1,Iron 3D,ST-4412 Dark Stone,PO-77101,Dark Blue,244,239,5,2,,,
2026-09-18,07:00-08:00,CWL-1,Iron 3D,ST-4412 Dark Stone,PO-77101,Dark Blue,297,292,7,2,,,
2026-09-19,08:00-09:00,CWL-1,Laser Whisker,ST-4412 Dark Stone,PO-77101,Dark Blue,25,24,1,0,,,
2026-09-19,09:00-10:00,CWL-1,Laser Whisker,ST-4412 Dark Stone,PO-77101,Dark Blue,34,31,1,0,,,
2026-09-19,10:00-11:00,CWL-1,Laser Whisker,ST-4412 Dark Stone,PO-77101,Dark Blue,32,29,1,1,,,
2026-09-19,11:00-12:00,CWL-1,Laser Whisker,ST-4412 Dark Stone,PO-77101,Dark Blue,33,31,0,0,,,
2026-09-19,12:00-13:00,CWL-1,Laser Whisker,ST-4412 Dark Stone,PO-77101,Dark Blue,31,29,1,0,,,
2026-09-19,13:00-14:00,CWL-1,Laser Whisker,ST-4412 Dark Stone,PO-77101,Dark Blue,29,28,1,0,,,
2026-09-19,14:00-15:00,CWL-1,Laser Whisker,ST-4412 Dark Stone,PO-77101,Dark Blue,37,35,2,1,,,
2026-09-19,15:00-16:00,CWL-1,Laser Whisker,ST-4412 Dark Stone,PO-77101,Dark Blue,29,27,1,0,,,
2026-09-19,16:00-17:00,CWL-1,Laser Whisker,ST-2285 Dye Black,PO-99040,Jet Black,31,29,1,0,,,
2026-09-19,17:00-18:00,CWL-1,Laser Whisker,ST-2285 Dye Black,PO-99040,Jet Black,31,29,1,0,,,
2026-09-19,18:00-19:00,CWL-1,Laser Whisker,ST-2285 Dye Black,PO-99040,Jet Black,34,33,0,1,,,
2026-09-19,19:00-20:00,CWL-1,Laser Whisker,ST-2285 Dye Black,PO-99040,Jet Black,30,30,0,0,,,
2026-09-19,20:00-21:00,CWL-1,Laser Whisker,ST-2285 Dye Black,PO-99040,Jet Black,36,33,1,0,,,
2026-09-19,21:00-22:00,CWL-1,Laser Whisker,ST-2285 Dye Black,PO-99040,Jet Black,32,31,0,0,,,
2026-09-19,22:00-23:00,CWL-1,Laser Whisker,ST-2285 Dye Black,PO-99040,Jet Black,32,29,0,0,,,
2026-09-19,23:00-00:00,CWL-1,Laser Whisker,ST-2285 Dye Black,PO-99040,Jet Black,31,30,1,1,,,
2026-09-19,00:00-01:00,CWL-1,Laser Whisker,ST-3307 Twill Rinse,PO-66120,Khaki,28,28,1,0,,,
2026-09-19,01:00-02:00,CWL-1,Laser Whisker,ST-3307 Twill Rinse,PO-66120,Khaki,38,35,1,0,,,
2026-09-19,02:00-03:00,CWL-1,Laser Whisker,ST-3307 Twill Rinse,PO-66120,Khaki,30,30,1,1,,,
2026-09-19,03:00-04:00,CWL-1,Laser Whisker,ST-3307 Twill Rinse,PO-66120,Khaki,32,32,1,1,,,
2026-09-19,04:00-05:00,CWL-1,Laser Whisker,ST-3307 Twill Rinse,PO-66120,Khaki,33,31,0,1,,,
2026-09-19,05:00-06:00,CWL-1,Laser Whisker,ST-3307 Twill Rinse,PO-66120,Khaki,31,30,1,1,,,
2026-09-19,06:00-07:00,CWL-1,Laser Whisker,ST-3307 Twill Rinse,PO-66120,Khaki,34,32,1,0,,,
2026-09-19,07:00-08:00,CWL-1,Laser Whisker,ST-3307 Twill Rinse,PO-66120,Khaki,30,29,1,1,,,
2026-09-19,08:00-09:00,CWL-1,Laser Mark Destroy,ST-3307 Twill Rinse,PO-66120,Khaki,78,76,2,1,,,
2026-09-19,09:00-10:00,CWL-1,Laser Mark Destroy,ST-3307 Twill Rinse,PO-66120,Khaki,95,90,2,2,,,
2026-09-19,10:00-11:00,CWL-1,Laser Mark Destroy,ST-3307 Twill Rinse,PO-66120,Khaki,97,91,1,1,,,
2026-09-19,11:00-12:00,CWL-1,Laser Mark Destroy,ST-3307 Twill Rinse,PO-66120,Khaki,104,104,2,1,,,
2026-09-19,12:00-13:00,CWL-1,Laser Mark Destroy,ST-3307 Twill Rinse,PO-66120,Khaki,110,104,2,2,,,
2026-09-19,13:00-14:00,CWL-1,Laser Mark Destroy,ST-3307 Twill Rinse,PO-66120,Khaki,87,80,1,1,,,
2026-09-19,14:00-15:00,CWL-1,Laser Mark Destroy,ST-3307 Twill Rinse,PO-66120,Khaki,89,89,2,1,,,
2026-09-19,15:00-16:00,CWL-1,Laser Mark Destroy,ST-3307 Twill Rinse,PO-66120,Khaki,98,94,1,2,,,
2026-09-19,16:00-17:00,CWL-1,Laser Mark Destroy,ST-3307 Twill Rinse,PO-66120,Khaki,84,84,1,1,,,
2026-09-19,17:00-18:00,CWL-1,Laser Mark Destroy,ST-3307 Twill Rinse,PO-66120,Khaki,102,94,2,2,,,
2026-09-19,18:00-19:00,CWL-1,Laser Mark Destroy,ST-3307 Twill Rinse,PO-66120,Khaki,105,98,2,1,,,
2026-09-19,19:00-20:00,CWL-1,Laser Mark Destroy,ST-3307 Twill Rinse,PO-66120,Khaki,84,80,1,1,,,
2026-09-19,20:00-21:00,CWL-1,Laser Mark Destroy,ST-3307 Twill Rinse,PO-66120,Khaki,88,89,2,1,,,
2026-09-19,21:00-22:00,CWL-1,Laser Mark Destroy,ST-3307 Twill Rinse,PO-66120,Khaki,84,79,2,0,,,
2026-09-19,22:00-23:00,CWL-1,Laser Mark Destroy,ST-3307 Twill Rinse,PO-66120,Khaki,91,86,1,1,,,
2026-09-19,23:00-00:00,CWL-1,Laser Mark Destroy,ST-3307 Twill Rinse,PO-66120,Khaki,99,95,1,1,,,
2026-09-19,00:00-01:00,CWL-1,Laser Mark Destroy,ST-4412 Dark Stone,PO-77101,Dark Blue,89,85,2,2,,,
2026-09-19,01:00-02:00,CWL-1,Laser Mark Destroy,ST-4412 Dark Stone,PO-77101,Dark Blue,98,94,1,1,,,
2026-09-19,02:00-03:00,CWL-1,Laser Mark Destroy,ST-4412 Dark Stone,PO-77101,Dark Blue,95,93,2,0,,,
2026-09-19,03:00-04:00,CWL-1,Laser Mark Destroy,ST-4412 Dark Stone,PO-77101,Dark Blue,86,83,1,0,,,
2026-09-19,04:00-05:00,CWL-1,Laser Mark Destroy,ST-4412 Dark Stone,PO-77101,Dark Blue,8,8,0,0,45,Operator shortage,
2026-09-19,05:00-06:00,CWL-1,Laser Mark Destroy,ST-4412 Dark Stone,PO-77101,Dark Blue,95,97,1,2,,,
2026-09-19,06:00-07:00,CWL-1,Laser Mark Destroy,ST-4412 Dark Stone,PO-77101,Dark Blue,106,100,3,1,,,
2026-09-19,07:00-08:00,CWL-1,Laser Mark Destroy,ST-4412 Dark Stone,PO-77101,Dark Blue,92,89,2,1,,,
2026-09-19,08:00-09:00,CWL-1,Pattern Whisker,ST-5120 Acid Blast,PO-88010,Acid Black,1019,1037,13,16,,,
2026-09-19,09:00-10:00,CWL-1,Pattern Whisker,ST-5120 Acid Blast,PO-88010,Acid Black,1132,1128,26,6,,,
2026-09-19,10:00-11:00,CWL-1,Pattern Whisker,ST-5120 Acid Blast,PO-88010,Acid Black,1235,1184,21,23,,,
2026-09-19,11:00-12:00,CWL-1,Pattern Whisker,ST-5120 Acid Blast,PO-88010,Acid Black,1200,1136,18,18,,,
2026-09-19,12:00-13:00,CWL-1,Pattern Whisker,ST-5120 Acid Blast,PO-88010,Acid Black,1227,1157,12,23,,,
2026-09-19,13:00-14:00,CWL-1,Pattern Whisker,ST-5120 Acid Blast,PO-88010,Acid Black,1162,1092,16,6,,,
2026-09-19,14:00-15:00,CWL-1,Pattern Whisker,ST-5120 Acid Blast,PO-88010,Acid Black,1284,1223,17,21,,,
2026-09-19,15:00-16:00,CWL-1,Pattern Whisker,ST-5120 Acid Blast,PO-88010,Acid Black,1134,1094,21,14,,,
2026-09-19,16:00-17:00,CWL-1,Pattern Whisker,ST-2285 Dye Black,PO-99040,Jet Black,1067,973,15,9,,,
2026-09-19,17:00-18:00,CWL-1,Pattern Whisker,ST-2285 Dye Black,PO-99040,Jet Black,1155,1121,23,9,,,
2026-09-19,18:00-19:00,CWL-1,Pattern Whisker,ST-2285 Dye Black,PO-99040,Jet Black,1115,1074,31,12,,,
2026-09-19,19:00-20:00,CWL-1,Pattern Whisker,ST-2285 Dye Black,PO-99040,Jet Black,48,45,1,0,15,Waiting for input,
2026-09-19,20:00-21:00,CWL-1,Pattern Whisker,ST-2285 Dye Black,PO-99040,Jet Black,1263,1285,17,19,,,
2026-09-19,21:00-22:00,CWL-1,Pattern Whisker,ST-2285 Dye Black,PO-99040,Jet Black,1286,1224,34,11,,,
2026-09-19,22:00-23:00,CWL-1,Pattern Whisker,ST-2285 Dye Black,PO-99040,Jet Black,1147,1145,16,5,,,
2026-09-19,23:00-00:00,CWL-1,Pattern Whisker,ST-2285 Dye Black,PO-99040,Jet Black,1432,1303,29,14,,,
2026-09-19,00:00-01:00,CWL-1,Pattern Whisker,ST-4475 Vintage Wash,PO-77305,Vintage Indigo,1153,1071,28,6,,,
2026-09-19,01:00-02:00,CWL-1,Pattern Whisker,ST-4475 Vintage Wash,PO-77305,Vintage Indigo,1253,1159,18,20,,,
2026-09-19,02:00-03:00,CWL-1,Pattern Whisker,ST-4475 Vintage Wash,PO-77305,Vintage Indigo,1332,1217,26,23,,,
2026-09-19,03:00-04:00,CWL-1,Pattern Whisker,ST-4475 Vintage Wash,PO-77305,Vintage Indigo,1109,1074,11,19,,,
2026-09-19,04:00-05:00,CWL-1,Pattern Whisker,ST-4475 Vintage Wash,PO-77305,Vintage Indigo,1322,1226,20,7,,,
2026-09-19,05:00-06:00,CWL-1,Pattern Whisker,ST-4475 Vintage Wash,PO-77305,Vintage Indigo,1398,1332,16,20,,,
2026-09-19,06:00-07:00,CWL-1,Pattern Whisker,ST-4475 Vintage Wash,PO-77305,Vintage Indigo,1449,1340,25,27,,,
2026-09-19,07:00-08:00,CWL-1,Pattern Whisker,ST-4475 Vintage Wash,PO-77305,Vintage Indigo,1385,1352,34,14,,,
2026-09-19,08:00-09:00,CWL-1,Hand Sand (Front & Back),ST-2285 Dye Black,PO-99040,Jet Black,534,487,9,5,,,
2026-09-19,09:00-10:00,CWL-1,Hand Sand (Front & Back),ST-2285 Dye Black,PO-99040,Jet Black,641,641,13,6,,,
2026-09-19,10:00-11:00,CWL-1,Hand Sand (Front & Back),ST-2285 Dye Black,PO-99040,Jet Black,635,586,8,11,,,
2026-09-19,11:00-12:00,CWL-1,Hand Sand (Front & Back),ST-2285 Dye Black,PO-99040,Jet Black,202,195,2,2,45,Operator shortage,
2026-09-19,12:00-13:00,CWL-1,Hand Sand (Front & Back),ST-2285 Dye Black,PO-99040,Jet Black,668,649,12,7,,,
2026-09-19,13:00-14:00,CWL-1,Hand Sand (Front & Back),ST-2285 Dye Black,PO-99040,Jet Black,525,521,5,8,,,
2026-09-19,14:00-15:00,CWL-1,Hand Sand (Front & Back),ST-2285 Dye Black,PO-99040,Jet Black,618,579,16,8,,,
2026-09-19,15:00-16:00,CWL-1,Hand Sand (Front & Back),ST-2285 Dye Black,PO-99040,Jet Black,39,36,1,1,30,Other,
2026-09-19,16:00-17:00,CWL-1,Hand Sand (Front & Back),ST-4412 Dark Stone,PO-77101,Dark Blue,571,552,8,11,,,
2026-09-19,17:00-18:00,CWL-1,Hand Sand (Front & Back),ST-4412 Dark Stone,PO-77101,Dark Blue,625,622,14,5,,,
2026-09-19,18:00-19:00,CWL-1,Hand Sand (Front & Back),ST-4412 Dark Stone,PO-77101,Dark Blue,615,623,11,12,,,
2026-09-19,19:00-20:00,CWL-1,Hand Sand (Front & Back),ST-4412 Dark Stone,PO-77101,Dark Blue,564,529,7,3,,,
2026-09-19,20:00-21:00,CWL-1,Hand Sand (Front & Back),ST-4412 Dark Stone,PO-77101,Dark Blue,592,548,9,10,,,
2026-09-19,21:00-22:00,CWL-1,Hand Sand (Front & Back),ST-4412 Dark Stone,PO-77101,Dark Blue,525,534,9,3,,,
2026-09-19,22:00-23:00,CWL-1,Hand Sand (Front & Back),ST-4412 Dark Stone,PO-77101,Dark Blue,569,564,8,8,,,
2026-09-19,23:00-00:00,CWL-1,Hand Sand (Front & Back),ST-4412 Dark Stone,PO-77101,Dark Blue,590,560,14,9,,,
2026-09-19,00:00-01:00,CWL-1,Hand Sand (Front & Back),ST-4475 Vintage Wash,PO-77305,Vintage Indigo,426,434,12,8,,,
2026-09-19,01:00-02:00,CWL-1,Hand Sand (Front & Back),ST-4475 Vintage Wash,PO-77305,Vintage Indigo,662,655,13,10,,,
2026-09-19,02:00-03:00,CWL-1,Hand Sand (Front & Back),ST-4475 Vintage Wash,PO-77305,Vintage Indigo,600,555,9,7,,,
2026-09-19,03:00-04:00,CWL-1,Hand Sand (Front & Back),ST-4475 Vintage Wash,PO-77305,Vintage Indigo,644,588,15,10,,,
2026-09-19,04:00-05:00,CWL-1,Hand Sand (Front & Back),ST-4475 Vintage Wash,PO-77305,Vintage Indigo,644,606,15,10,,,
2026-09-19,05:00-06:00,CWL-1,Hand Sand (Front & Back),ST-4475 Vintage Wash,PO-77305,Vintage Indigo,618,593,17,4,,,
2026-09-19,06:00-07:00,CWL-1,Hand Sand (Front & Back),ST-4475 Vintage Wash,PO-77305,Vintage Indigo,634,605,9,6,,,
2026-09-19,07:00-08:00,CWL-1,Hand Sand (Front & Back),ST-4475 Vintage Wash,PO-77305,Vintage Indigo,600,582,16,4,,,
2026-09-19,08:00-09:00,CWL-1,Allover Hand Sand,ST-5120 Acid Blast,PO-88010,Acid Black,81,75,1,1,,,
2026-09-19,09:00-10:00,CWL-1,Allover Hand Sand,ST-5120 Acid Blast,PO-88010,Acid Black,98,92,3,2,,,
2026-09-19,10:00-11:00,CWL-1,Allover Hand Sand,ST-5120 Acid Blast,PO-88010,Acid Black,87,85,1,0,,,
2026-09-19,11:00-12:00,CWL-1,Allover Hand Sand,ST-5120 Acid Blast,PO-88010,Acid Black,37,34,1,0,30,Changeover / setup,
2026-09-19,12:00-13:00,CWL-1,Allover Hand Sand,ST-5120 Acid Blast,PO-88010,Acid Black,34,31,1,0,30,Quality hold,
2026-09-19,13:00-14:00,CWL-1,Allover Hand Sand,ST-5120 Acid Blast,PO-88010,Acid Black,93,86,1,1,,,
2026-09-19,14:00-15:00,CWL-1,Allover Hand Sand,ST-5120 Acid Blast,PO-88010,Acid Black,101,101,2,1,,,
2026-09-19,15:00-16:00,CWL-1,Allover Hand Sand,ST-5120 Acid Blast,PO-88010,Acid Black,85,85,2,2,,,
2026-09-19,16:00-17:00,CWL-1,Allover Hand Sand,ST-3307 Twill Rinse,PO-66120,Khaki,80,81,1,1,,,
2026-09-19,17:00-18:00,CWL-1,Allover Hand Sand,ST-3307 Twill Rinse,PO-66120,Khaki,91,90,1,1,,,
2026-09-19,18:00-19:00,CWL-1,Allover Hand Sand,ST-3307 Twill Rinse,PO-66120,Khaki,98,93,2,1,,,
2026-09-19,19:00-20:00,CWL-1,Allover Hand Sand,ST-3307 Twill Rinse,PO-66120,Khaki,105,104,2,1,,,
2026-09-19,20:00-21:00,CWL-1,Allover Hand Sand,ST-3307 Twill Rinse,PO-66120,Khaki,30,27,1,0,15,Power / utility,
2026-09-19,21:00-22:00,CWL-1,Allover Hand Sand,ST-3307 Twill Rinse,PO-66120,Khaki,91,86,1,1,,,
2026-09-19,22:00-23:00,CWL-1,Allover Hand Sand,ST-3307 Twill Rinse,PO-66120,Khaki,108,106,2,1,,,
2026-09-19,23:00-00:00,CWL-1,Allover Hand Sand,ST-3307 Twill Rinse,PO-66120,Khaki,102,98,3,2,,,
2026-09-19,00:00-01:00,CWL-1,Allover Hand Sand,ST-4430 Mid Blue,PO-77210,Mid Blue,97,89,2,2,,,
2026-09-19,01:00-02:00,CWL-1,Allover Hand Sand,ST-4430 Mid Blue,PO-77210,Mid Blue,108,102,2,1,,,
2026-09-19,02:00-03:00,CWL-1,Allover Hand Sand,ST-4430 Mid Blue,PO-77210,Mid Blue,108,101,2,1,,,
2026-09-19,03:00-04:00,CWL-1,Allover Hand Sand,ST-4430 Mid Blue,PO-77210,Mid Blue,106,102,2,1,,,
2026-09-19,04:00-05:00,CWL-1,Allover Hand Sand,ST-4430 Mid Blue,PO-77210,Mid Blue,98,94,1,1,,,
2026-09-19,05:00-06:00,CWL-1,Allover Hand Sand,ST-4430 Mid Blue,PO-77210,Mid Blue,89,90,2,1,,,
2026-09-19,06:00-07:00,CWL-1,Allover Hand Sand,ST-4430 Mid Blue,PO-77210,Mid Blue,106,98,3,2,,,
2026-09-19,07:00-08:00,CWL-1,Allover Hand Sand,ST-4430 Mid Blue,PO-77210,Mid Blue,90,83,2,2,,,
2026-09-19,08:00-09:00,CWL-1,Tagging,ST-5120 Acid Blast,PO-88010,Acid Black,739,672,12,5,,,
2026-09-19,09:00-10:00,CWL-1,Tagging,ST-5120 Acid Blast,PO-88010,Acid Black,872,834,14,8,,,
2026-09-19,10:00-11:00,CWL-1,Tagging,ST-5120 Acid Blast,PO-88010,Acid Black,768,751,20,6,,,
2026-09-19,11:00-12:00,CWL-1,Tagging,ST-5120 Acid Blast,PO-88010,Acid Black,278,282,8,5,15,Power / utility,
2026-09-19,12:00-13:00,CWL-1,Tagging,ST-5120 Acid Blast,PO-88010,Acid Black,817,778,17,12,,,
2026-09-19,13:00-14:00,CWL-1,Tagging,ST-5120 Acid Blast,PO-88010,Acid Black,676,653,17,9,,,
2026-09-19,14:00-15:00,CWL-1,Tagging,ST-5120 Acid Blast,PO-88010,Acid Black,684,662,14,10,,,
2026-09-19,15:00-16:00,CWL-1,Tagging,ST-5120 Acid Blast,PO-88010,Acid Black,686,683,13,14,,,
2026-09-19,16:00-17:00,CWL-1,Tagging,ST-4475 Vintage Wash,PO-77305,Vintage Indigo,554,555,14,6,,,
2026-09-19,17:00-18:00,CWL-1,Tagging,ST-4475 Vintage Wash,PO-77305,Vintage Indigo,758,697,8,5,,,
2026-09-19,18:00-19:00,CWL-1,Tagging,ST-4475 Vintage Wash,PO-77305,Vintage Indigo,806,818,9,13,,,
2026-09-19,19:00-20:00,CWL-1,Tagging,ST-4475 Vintage Wash,PO-77305,Vintage Indigo,784,790,20,6,,,
2026-09-19,20:00-21:00,CWL-1,Tagging,ST-4475 Vintage Wash,PO-77305,Vintage Indigo,694,685,16,7,,,
2026-09-19,21:00-22:00,CWL-1,Tagging,ST-4475 Vintage Wash,PO-77305,Vintage Indigo,890,818,25,15,,,
2026-09-19,22:00-23:00,CWL-1,Tagging,ST-4475 Vintage Wash,PO-77305,Vintage Indigo,764,737,14,6,,,
2026-09-19,23:00-00:00,CWL-1,Tagging,ST-4475 Vintage Wash,PO-77305,Vintage Indigo,808,761,18,10,,,
2026-09-19,00:00-01:00,CWL-1,Tagging,ST-4430 Mid Blue,PO-77210,Mid Blue,586,589,16,6,,,
2026-09-19,01:00-02:00,CWL-1,Tagging,ST-4430 Mid Blue,PO-77210,Mid Blue,813,780,6,10,,,
2026-09-19,02:00-03:00,CWL-1,Tagging,ST-4430 Mid Blue,PO-77210,Mid Blue,924,849,22,15,,,
2026-09-19,03:00-04:00,CWL-1,Tagging,ST-4430 Mid Blue,PO-77210,Mid Blue,687,696,14,4,,,
2026-09-19,04:00-05:00,CWL-1,Tagging,ST-4430 Mid Blue,PO-77210,Mid Blue,846,794,18,7,,,
2026-09-19,05:00-06:00,CWL-1,Tagging,ST-4430 Mid Blue,PO-77210,Mid Blue,807,806,12,7,,,
2026-09-19,06:00-07:00,CWL-1,Tagging,ST-4430 Mid Blue,PO-77210,Mid Blue,874,826,23,16,,,
2026-09-19,07:00-08:00,CWL-1,Tagging,ST-4430 Mid Blue,PO-77210,Mid Blue,809,792,18,13,,,
2026-09-19,08:00-09:00,CWL-1,Grinding,ST-4412 Dark Stone,PO-77101,Dark Blue,211,196,4,1,,,
2026-09-19,09:00-10:00,CWL-1,Grinding,ST-4412 Dark Stone,PO-77101,Dark Blue,257,239,7,4,,,
2026-09-19,10:00-11:00,CWL-1,Grinding,ST-4412 Dark Stone,PO-77101,Dark Blue,212,207,4,4,,,
2026-09-19,11:00-12:00,CWL-1,Grinding,ST-4412 Dark Stone,PO-77101,Dark Blue,242,241,2,3,,,
2026-09-19,12:00-13:00,CWL-1,Grinding,ST-4412 Dark Stone,PO-77101,Dark Blue,261,237,5,4,,,
2026-09-19,13:00-14:00,CWL-1,Grinding,ST-4412 Dark Stone,PO-77101,Dark Blue,227,226,3,4,,,
2026-09-19,14:00-15:00,CWL-1,Grinding,ST-4412 Dark Stone,PO-77101,Dark Blue,222,217,5,3,,,
2026-09-19,15:00-16:00,CWL-1,Grinding,ST-4412 Dark Stone,PO-77101,Dark Blue,255,239,6,4,,,
2026-09-19,16:00-17:00,CWL-1,Grinding,ST-4475 Vintage Wash,PO-77305,Vintage Indigo,202,203,4,2,,,
2026-09-19,17:00-18:00,CWL-1,Grinding,ST-4475 Vintage Wash,PO-77305,Vintage Indigo,201,202,2,4,,,
2026-09-19,18:00-19:00,CWL-1,Grinding,ST-4475 Vintage Wash,PO-77305,Vintage Indigo,202,200,3,3,,,
2026-09-19,19:00-20:00,CWL-1,Grinding,ST-4475 Vintage Wash,PO-77305,Vintage Indigo,216,203,3,3,,,
2026-09-19,20:00-21:00,CWL-1,Grinding,ST-4475 Vintage Wash,PO-77305,Vintage Indigo,211,215,7,1,,,
2026-09-19,21:00-22:00,CWL-1,Grinding,ST-4475 Vintage Wash,PO-77305,Vintage Indigo,270,255,2,3,,,
2026-09-19,22:00-23:00,CWL-1,Grinding,ST-4475 Vintage Wash,PO-77305,Vintage Indigo,262,246,4,3,,,
2026-09-19,23:00-00:00,CWL-1,Grinding,ST-4475 Vintage Wash,PO-77305,Vintage Indigo,276,258,5,4,,,
2026-09-19,00:00-01:00,CWL-1,Grinding,ST-5120 Acid Blast,PO-88010,Acid Black,192,192,5,2,,,
2026-09-19,01:00-02:00,CWL-1,Grinding,ST-5120 Acid Blast,PO-88010,Acid Black,235,219,3,4,,,
2026-09-19,02:00-03:00,CWL-1,Grinding,ST-5120 Acid Blast,PO-88010,Acid Black,260,251,8,4,,,
2026-09-19,03:00-04:00,CWL-1,Grinding,ST-5120 Acid Blast,PO-88010,Acid Black,238,225,4,4,,,
2026-09-19,04:00-05:00,CWL-1,Grinding,ST-5120 Acid Blast,PO-88010,Acid Black,232,218,6,4,,,
2026-09-19,05:00-06:00,CWL-1,Grinding,ST-5120 Acid Blast,PO-88010,Acid Black,232,226,7,3,,,
2026-09-19,06:00-07:00,CWL-1,Grinding,ST-5120 Acid Blast,PO-88010,Acid Black,251,250,6,1,,,
2026-09-19,07:00-08:00,CWL-1,Grinding,ST-5120 Acid Blast,PO-88010,Acid Black,253,249,3,4,,,
2026-09-19,08:00-09:00,CWL-1,Destruction,ST-4430 Mid Blue,PO-77210,Mid Blue,130,130,2,1,,,
2026-09-19,09:00-10:00,CWL-1,Destruction,ST-4430 Mid Blue,PO-77210,Mid Blue,170,171,4,1,,,
2026-09-19,10:00-11:00,CWL-1,Destruction,ST-4430 Mid Blue,PO-77210,Mid Blue,205,195,3,2,,,
2026-09-19,11:00-12:00,CWL-1,Destruction,ST-4430 Mid Blue,PO-77210,Mid Blue,164,160,3,2,,,
2026-09-19,12:00-13:00,CWL-1,Destruction,ST-4430 Mid Blue,PO-77210,Mid Blue,26,26,0,0,15,Power / utility,
2026-09-19,13:00-14:00,CWL-1,Destruction,ST-4430 Mid Blue,PO-77210,Mid Blue,190,193,2,1,,,
2026-09-19,14:00-15:00,CWL-1,Destruction,ST-4430 Mid Blue,PO-77210,Mid Blue,167,153,2,0,,,
2026-09-19,15:00-16:00,CWL-1,Destruction,ST-4430 Mid Blue,PO-77210,Mid Blue,191,177,2,1,,,
2026-09-19,16:00-17:00,CWL-1,Destruction,ST-4412 Dark Stone,PO-77101,Dark Blue,154,149,4,2,,,
2026-09-19,17:00-18:00,CWL-1,Destruction,ST-4412 Dark Stone,PO-77101,Dark Blue,169,167,3,1,,,
2026-09-19,18:00-19:00,CWL-1,Destruction,ST-4412 Dark Stone,PO-77101,Dark Blue,186,173,3,3,,,
2026-09-19,19:00-20:00,CWL-1,Destruction,ST-4412 Dark Stone,PO-77101,Dark Blue,187,190,4,3,,,
2026-09-19,20:00-21:00,CWL-1,Destruction,ST-4412 Dark Stone,PO-77101,Dark Blue,61,56,1,0,15,Machine breakdown,
2026-09-19,21:00-22:00,CWL-1,Destruction,ST-4412 Dark Stone,PO-77101,Dark Blue,150,152,4,2,,,
2026-09-19,22:00-23:00,CWL-1,Destruction,ST-4412 Dark Stone,PO-77101,Dark Blue,50,49,1,1,15,Machine breakdown,
2026-09-19,23:00-00:00,CWL-1,Destruction,ST-4412 Dark Stone,PO-77101,Dark Blue,177,168,3,2,,,
2026-09-19,00:00-01:00,CWL-1,Destruction,ST-4475 Vintage Wash,PO-77305,Vintage Indigo,146,141,4,1,,,
2026-09-19,01:00-02:00,CWL-1,Destruction,ST-4475 Vintage Wash,PO-77305,Vintage Indigo,188,186,2,3,,,
2026-09-19,02:00-03:00,CWL-1,Destruction,ST-4475 Vintage Wash,PO-77305,Vintage Indigo,198,189,5,2,,,
2026-09-19,03:00-04:00,CWL-1,Destruction,ST-4475 Vintage Wash,PO-77305,Vintage Indigo,184,179,4,1,,,
2026-09-19,04:00-05:00,CWL-1,Destruction,ST-4475 Vintage Wash,PO-77305,Vintage Indigo,156,157,3,2,,,
2026-09-19,05:00-06:00,CWL-1,Destruction,ST-4475 Vintage Wash,PO-77305,Vintage Indigo,166,156,2,2,,,
2026-09-19,06:00-07:00,CWL-1,Destruction,ST-4475 Vintage Wash,PO-77305,Vintage Indigo,204,190,5,3,,,
2026-09-19,07:00-08:00,CWL-1,Destruction,ST-4475 Vintage Wash,PO-77305,Vintage Indigo,157,156,5,2,,,
2026-09-19,08:00-09:00,CWL-1,Cutting / Destroy,ST-4430 Mid Blue,PO-77210,Mid Blue,266,264,5,5,,,
2026-09-19,09:00-10:00,CWL-1,Cutting / Destroy,ST-4430 Mid Blue,PO-77210,Mid Blue,345,324,9,4,,,
2026-09-19,10:00-11:00,CWL-1,Cutting / Destroy,ST-4430 Mid Blue,PO-77210,Mid Blue,317,320,8,6,,,
2026-09-19,11:00-12:00,CWL-1,Cutting / Destroy,ST-4430 Mid Blue,PO-77210,Mid Blue,311,315,9,3,,,
2026-09-19,12:00-13:00,CWL-1,Cutting / Destroy,ST-4430 Mid Blue,PO-77210,Mid Blue,344,335,9,6,,,
2026-09-19,13:00-14:00,CWL-1,Cutting / Destroy,ST-4430 Mid Blue,PO-77210,Mid Blue,353,337,8,5,,,
2026-09-19,14:00-15:00,CWL-1,Cutting / Destroy,ST-4430 Mid Blue,PO-77210,Mid Blue,338,323,8,5,,,
2026-09-19,15:00-16:00,CWL-1,Cutting / Destroy,ST-4430 Mid Blue,PO-77210,Mid Blue,370,354,9,4,,,
2026-09-19,16:00-17:00,CWL-1,Cutting / Destroy,ST-2285 Dye Black,PO-99040,Jet Black,305,279,7,3,,,
2026-09-19,17:00-18:00,CWL-1,Cutting / Destroy,ST-2285 Dye Black,PO-99040,Jet Black,362,337,8,5,,,
2026-09-19,18:00-19:00,CWL-1,Cutting / Destroy,ST-2285 Dye Black,PO-99040,Jet Black,296,300,8,3,,,
2026-09-19,19:00-20:00,CWL-1,Cutting / Destroy,ST-2285 Dye Black,PO-99040,Jet Black,391,366,9,5,,,
2026-09-19,20:00-21:00,CWL-1,Cutting / Destroy,ST-2285 Dye Black,PO-99040,Jet Black,400,373,9,3,,,
2026-09-19,21:00-22:00,CWL-1,Cutting / Destroy,ST-2285 Dye Black,PO-99040,Jet Black,385,372,7,6,,,
2026-09-19,22:00-23:00,CWL-1,Cutting / Destroy,ST-2285 Dye Black,PO-99040,Jet Black,351,320,10,1,,,
2026-09-19,23:00-00:00,CWL-1,Cutting / Destroy,ST-2285 Dye Black,PO-99040,Jet Black,356,363,5,4,,,
2026-09-19,00:00-01:00,CWL-1,Cutting / Destroy,ST-2285 Dye Black,PO-99040,Jet Black,338,314,8,5,,,
2026-09-19,01:00-02:00,CWL-1,Cutting / Destroy,ST-2285 Dye Black,PO-99040,Jet Black,355,348,10,3,,,
2026-09-19,02:00-03:00,CWL-1,Cutting / Destroy,ST-2285 Dye Black,PO-99040,Jet Black,310,313,4,6,,,
2026-09-19,03:00-04:00,CWL-1,Cutting / Destroy,ST-2285 Dye Black,PO-99040,Jet Black,350,352,8,7,,,
2026-09-19,04:00-05:00,CWL-1,Cutting / Destroy,ST-2285 Dye Black,PO-99040,Jet Black,367,367,8,2,,,
2026-09-19,05:00-06:00,CWL-1,Cutting / Destroy,ST-2285 Dye Black,PO-99040,Jet Black,109,100,1,1,30,Waiting for material,
2026-09-19,06:00-07:00,CWL-1,Cutting / Destroy,ST-2285 Dye Black,PO-99040,Jet Black,354,326,5,5,,,
2026-09-19,07:00-08:00,CWL-1,Cutting / Destroy,ST-2285 Dye Black,PO-99040,Jet Black,373,359,3,4,,,
2026-09-19,08:00-09:00,CWL-1,Air Blowing,ST-3307 Twill Rinse,PO-66120,Khaki,372,375,3,4,,,
2026-09-19,09:00-10:00,CWL-1,Air Blowing,ST-3307 Twill Rinse,PO-66120,Khaki,413,408,9,5,,,
2026-09-19,10:00-11:00,CWL-1,Air Blowing,ST-3307 Twill Rinse,PO-66120,Khaki,365,350,4,5,,,
2026-09-19,11:00-12:00,CWL-1,Air Blowing,ST-3307 Twill Rinse,PO-66120,Khaki,421,426,9,7,,,
2026-09-19,12:00-13:00,CWL-1,Air Blowing,ST-3307 Twill Rinse,PO-66120,Khaki,414,412,12,3,,,
2026-09-19,13:00-14:00,CWL-1,Air Blowing,ST-3307 Twill Rinse,PO-66120,Khaki,361,341,4,4,,,
2026-09-19,14:00-15:00,CWL-1,Air Blowing,ST-3307 Twill Rinse,PO-66120,Khaki,433,408,9,5,,,
2026-09-19,15:00-16:00,CWL-1,Air Blowing,ST-3307 Twill Rinse,PO-66120,Khaki,366,371,5,4,,,
2026-09-19,16:00-17:00,CWL-1,Air Blowing,ST-3307 Twill Rinse,PO-66120,Khaki,337,308,4,2,,,
2026-09-19,17:00-18:00,CWL-1,Air Blowing,ST-3307 Twill Rinse,PO-66120,Khaki,356,343,3,5,,,
2026-09-19,18:00-19:00,CWL-1,Air Blowing,ST-3307 Twill Rinse,PO-66120,Khaki,398,400,9,3,,,
2026-09-19,19:00-20:00,CWL-1,Air Blowing,ST-3307 Twill Rinse,PO-66120,Khaki,373,340,7,2,,,
2026-09-19,20:00-21:00,CWL-1,Air Blowing,ST-3307 Twill Rinse,PO-66120,Khaki,386,383,6,3,,,
2026-09-19,21:00-22:00,CWL-1,Air Blowing,ST-3307 Twill Rinse,PO-66120,Khaki,425,424,9,6,,,
2026-09-19,22:00-23:00,CWL-1,Air Blowing,ST-3307 Twill Rinse,PO-66120,Khaki,410,407,10,6,,,
2026-09-19,23:00-00:00,CWL-1,Air Blowing,ST-3307 Twill Rinse,PO-66120,Khaki,418,425,5,3,,,
2026-09-19,00:00-01:00,CWL-1,Air Blowing,ST-4475 Vintage Wash,PO-77305,Vintage Indigo,397,363,7,3,,,
2026-09-19,01:00-02:00,CWL-1,Air Blowing,ST-4475 Vintage Wash,PO-77305,Vintage Indigo,394,390,9,7,,,
2026-09-19,02:00-03:00,CWL-1,Air Blowing,ST-4475 Vintage Wash,PO-77305,Vintage Indigo,401,392,6,4,,,
2026-09-19,03:00-04:00,CWL-1,Air Blowing,ST-4475 Vintage Wash,PO-77305,Vintage Indigo,93,86,3,0,15,Waiting for input,
2026-09-19,04:00-05:00,CWL-1,Air Blowing,ST-4475 Vintage Wash,PO-77305,Vintage Indigo,412,388,7,3,,,
2026-09-19,05:00-06:00,CWL-1,Air Blowing,ST-4475 Vintage Wash,PO-77305,Vintage Indigo,473,439,9,8,,,
2026-09-19,06:00-07:00,CWL-1,Air Blowing,ST-4475 Vintage Wash,PO-77305,Vintage Indigo,442,404,5,4,,,
2026-09-19,07:00-08:00,CWL-1,Air Blowing,ST-4475 Vintage Wash,PO-77305,Vintage Indigo,381,373,3,5,,,
2026-09-19,08:00-09:00,CWL-1,PP Spray (Front & Back),ST-5120 Acid Blast,PO-88010,Acid Black,848,832,24,11,,,
2026-09-19,09:00-10:00,CWL-1,PP Spray (Front & Back),ST-5120 Acid Blast,PO-88010,Acid Black,956,884,15,16,,,
2026-09-19,10:00-11:00,CWL-1,PP Spray (Front & Back),ST-5120 Acid Blast,PO-88010,Acid Black,914,866,19,12,,,
2026-09-19,11:00-12:00,CWL-1,PP Spray (Front & Back),ST-5120 Acid Blast,PO-88010,Acid Black,929,885,7,9,,,
2026-09-19,12:00-13:00,CWL-1,PP Spray (Front & Back),ST-5120 Acid Blast,PO-88010,Acid Black,908,834,24,15,,,
2026-09-19,13:00-14:00,CWL-1,PP Spray (Front & Back),ST-5120 Acid Blast,PO-88010,Acid Black,814,823,24,8,,,
2026-09-19,14:00-15:00,CWL-1,PP Spray (Front & Back),ST-5120 Acid Blast,PO-88010,Acid Black,1054,964,11,8,,,
2026-09-19,15:00-16:00,CWL-1,PP Spray (Front & Back),ST-5120 Acid Blast,PO-88010,Acid Black,987,922,13,13,,,
2026-09-19,16:00-17:00,CWL-1,PP Spray (Front & Back),ST-4412 Dark Stone,PO-77101,Dark Blue,819,808,16,9,,,
2026-09-19,17:00-18:00,CWL-1,PP Spray (Front & Back),ST-4412 Dark Stone,PO-77101,Dark Blue,998,938,23,10,,,
2026-09-19,18:00-19:00,CWL-1,PP Spray (Front & Back),ST-4412 Dark Stone,PO-77101,Dark Blue,945,879,20,18,,,
2026-09-19,19:00-20:00,CWL-1,PP Spray (Front & Back),ST-4412 Dark Stone,PO-77101,Dark Blue,1016,943,17,14,,,
2026-09-19,20:00-21:00,CWL-1,PP Spray (Front & Back),ST-4412 Dark Stone,PO-77101,Dark Blue,887,825,16,8,,,
2026-09-19,21:00-22:00,CWL-1,PP Spray (Front & Back),ST-4412 Dark Stone,PO-77101,Dark Blue,851,857,11,5,,,
2026-09-19,22:00-23:00,CWL-1,PP Spray (Front & Back),ST-4412 Dark Stone,PO-77101,Dark Blue,964,961,14,7,,,
2026-09-19,23:00-00:00,CWL-1,PP Spray (Front & Back),ST-4412 Dark Stone,PO-77101,Dark Blue,416,405,9,6,30,Changeover / setup,
2026-09-19,00:00-01:00,CWL-1,PP Spray (Front & Back),ST-5120 Acid Blast,PO-88010,Acid Black,824,764,9,7,,,
2026-09-19,01:00-02:00,CWL-1,PP Spray (Front & Back),ST-5120 Acid Blast,PO-88010,Acid Black,845,816,11,14,,,
2026-09-19,02:00-03:00,CWL-1,PP Spray (Front & Back),ST-5120 Acid Blast,PO-88010,Acid Black,780,769,11,4,,,
2026-09-19,03:00-04:00,CWL-1,PP Spray (Front & Back),ST-5120 Acid Blast,PO-88010,Acid Black,1046,982,20,12,,,
2026-09-19,04:00-05:00,CWL-1,PP Spray (Front & Back),ST-5120 Acid Blast,PO-88010,Acid Black,965,924,23,12,,,
2026-09-19,05:00-06:00,CWL-1,PP Spray (Front & Back),ST-5120 Acid Blast,PO-88010,Acid Black,907,836,20,9,,,
2026-09-19,06:00-07:00,CWL-1,PP Spray (Front & Back),ST-5120 Acid Blast,PO-88010,Acid Black,1051,965,25,13,,,
2026-09-19,07:00-08:00,CWL-1,PP Spray (Front & Back),ST-5120 Acid Blast,PO-88010,Acid Black,1082,986,14,6,,,
2026-09-19,08:00-09:00,CWL-1,Allover PP Spray,ST-4475 Vintage Wash,PO-77305,Vintage Indigo,7,7,0,0,45,Waiting for input,
2026-09-19,09:00-10:00,CWL-1,Allover PP Spray,ST-4475 Vintage Wash,PO-77305,Vintage Indigo,306,306,7,2,,,
2026-09-19,10:00-11:00,CWL-1,Allover PP Spray,ST-4475 Vintage Wash,PO-77305,Vintage Indigo,339,336,8,2,,,
2026-09-19,11:00-12:00,CWL-1,Allover PP Spray,ST-4475 Vintage Wash,PO-77305,Vintage Indigo,366,344,6,2,,,
2026-09-19,12:00-13:00,CWL-1,Allover PP Spray,ST-4475 Vintage Wash,PO-77305,Vintage Indigo,318,308,4,4,,,
2026-09-19,13:00-14:00,CWL-1,Allover PP Spray,ST-4475 Vintage Wash,PO-77305,Vintage Indigo,304,282,5,4,,,
2026-09-19,14:00-15:00,CWL-1,Allover PP Spray,ST-4475 Vintage Wash,PO-77305,Vintage Indigo,366,335,4,4,,,
2026-09-19,15:00-16:00,CWL-1,Allover PP Spray,ST-4475 Vintage Wash,PO-77305,Vintage Indigo,348,342,6,2,,,
2026-09-19,16:00-17:00,CWL-1,Allover PP Spray,ST-3307 Twill Rinse,PO-66120,Khaki,315,292,9,3,,,
2026-09-19,17:00-18:00,CWL-1,Allover PP Spray,ST-3307 Twill Rinse,PO-66120,Khaki,297,283,3,5,,,
2026-09-19,18:00-19:00,CWL-1,Allover PP Spray,ST-3307 Twill Rinse,PO-66120,Khaki,282,286,7,5,,,
2026-09-19,19:00-20:00,CWL-1,Allover PP Spray,ST-3307 Twill Rinse,PO-66120,Khaki,329,319,6,5,,,
2026-09-19,20:00-21:00,CWL-1,Allover PP Spray,ST-3307 Twill Rinse,PO-66120,Khaki,341,332,7,3,,,
2026-09-19,21:00-22:00,CWL-1,Allover PP Spray,ST-3307 Twill Rinse,PO-66120,Khaki,330,331,8,5,,,
2026-09-19,22:00-23:00,CWL-1,Allover PP Spray,ST-3307 Twill Rinse,PO-66120,Khaki,307,305,7,4,,,
2026-09-19,23:00-00:00,CWL-1,Allover PP Spray,ST-3307 Twill Rinse,PO-66120,Khaki,292,289,8,2,,,
2026-09-19,00:00-01:00,CWL-1,Allover PP Spray,ST-3307 Twill Rinse,PO-66120,Khaki,246,247,8,3,,,
2026-09-19,01:00-02:00,CWL-1,Allover PP Spray,ST-3307 Twill Rinse,PO-66120,Khaki,299,303,4,3,,,
2026-09-19,02:00-03:00,CWL-1,Allover PP Spray,ST-3307 Twill Rinse,PO-66120,Khaki,288,289,4,3,,,
2026-09-19,03:00-04:00,CWL-1,Allover PP Spray,ST-3307 Twill Rinse,PO-66120,Khaki,307,295,4,3,,,
2026-09-19,04:00-05:00,CWL-1,Allover PP Spray,ST-3307 Twill Rinse,PO-66120,Khaki,326,309,3,5,,,
2026-09-19,05:00-06:00,CWL-1,Allover PP Spray,ST-3307 Twill Rinse,PO-66120,Khaki,324,317,6,1,,,
2026-09-19,06:00-07:00,CWL-1,Allover PP Spray,ST-3307 Twill Rinse,PO-66120,Khaki,285,281,2,2,,,
2026-09-19,07:00-08:00,CWL-1,Allover PP Spray,ST-3307 Twill Rinse,PO-66120,Khaki,383,350,11,7,,,
2026-09-19,08:00-09:00,CWL-1,PP Rubbing,ST-5120 Acid Blast,PO-88010,Acid Black,150,145,3,2,,,
2026-09-19,09:00-10:00,CWL-1,PP Rubbing,ST-5120 Acid Blast,PO-88010,Acid Black,215,198,6,2,,,
2026-09-19,10:00-11:00,CWL-1,PP Rubbing,ST-5120 Acid Blast,PO-88010,Acid Black,208,198,5,1,,,
2026-09-19,11:00-12:00,CWL-1,PP Rubbing,ST-5120 Acid Blast,PO-88010,Acid Black,170,173,3,3,,,
2026-09-19,12:00-13:00,CWL-1,PP Rubbing,ST-5120 Acid Blast,PO-88010,Acid Black,204,190,4,4,,,
2026-09-19,13:00-14:00,CWL-1,PP Rubbing,ST-5120 Acid Blast,PO-88010,Acid Black,178,164,4,2,,,
2026-09-19,14:00-15:00,CWL-1,PP Rubbing,ST-5120 Acid Blast,PO-88010,Acid Black,206,202,6,3,,,
2026-09-19,15:00-16:00,CWL-1,PP Rubbing,ST-5120 Acid Blast,PO-88010,Acid Black,199,183,2,2,,,
2026-09-19,16:00-17:00,CWL-1,PP Rubbing,ST-3307 Twill Rinse,PO-66120,Khaki,141,142,4,1,,,
2026-09-19,17:00-18:00,CWL-1,PP Rubbing,ST-3307 Twill Rinse,PO-66120,Khaki,225,211,5,1,,,
2026-09-19,18:00-19:00,CWL-1,PP Rubbing,ST-3307 Twill Rinse,PO-66120,Khaki,199,194,3,3,,,
2026-09-19,19:00-20:00,CWL-1,PP Rubbing,ST-3307 Twill Rinse,PO-66120,Khaki,193,183,2,2,,,
2026-09-19,20:00-21:00,CWL-1,PP Rubbing,ST-3307 Twill Rinse,PO-66120,Khaki,210,198,2,1,,,
2026-09-19,21:00-22:00,CWL-1,PP Rubbing,ST-3307 Twill Rinse,PO-66120,Khaki,201,199,3,3,,,
2026-09-19,22:00-23:00,CWL-1,PP Rubbing,ST-3307 Twill Rinse,PO-66120,Khaki,199,185,2,2,,,
2026-09-19,23:00-00:00,CWL-1,PP Rubbing,ST-3307 Twill Rinse,PO-66120,Khaki,170,164,5,3,,,
2026-09-19,00:00-01:00,CWL-1,PP Rubbing,ST-4430 Mid Blue,PO-77210,Mid Blue,177,180,4,2,,,
2026-09-19,01:00-02:00,CWL-1,PP Rubbing,ST-4430 Mid Blue,PO-77210,Mid Blue,225,214,5,3,,,
2026-09-19,02:00-03:00,CWL-1,PP Rubbing,ST-4430 Mid Blue,PO-77210,Mid Blue,194,178,4,4,,,
2026-09-19,03:00-04:00,CWL-1,PP Rubbing,ST-4430 Mid Blue,PO-77210,Mid Blue,179,171,3,1,,,
2026-09-19,04:00-05:00,CWL-1,PP Rubbing,ST-4430 Mid Blue,PO-77210,Mid Blue,200,204,4,2,,,
2026-09-19,05:00-06:00,CWL-1,PP Rubbing,ST-4430 Mid Blue,PO-77210,Mid Blue,194,190,4,1,,,
2026-09-19,06:00-07:00,CWL-1,PP Rubbing,ST-4430 Mid Blue,PO-77210,Mid Blue,181,179,3,2,,,
2026-09-19,07:00-08:00,CWL-1,PP Rubbing,ST-4430 Mid Blue,PO-77210,Mid Blue,213,199,2,1,,,
2026-09-19,08:00-09:00,CWL-1,Machine 3D,ST-2285 Dye Black,PO-99040,Jet Black,273,266,6,5,,,
2026-09-19,09:00-10:00,CWL-1,Machine 3D,ST-2285 Dye Black,PO-99040,Jet Black,277,280,6,2,,,
2026-09-19,10:00-11:00,CWL-1,Machine 3D,ST-2285 Dye Black,PO-99040,Jet Black,320,298,4,5,,,
2026-09-19,11:00-12:00,CWL-1,Machine 3D,ST-2285 Dye Black,PO-99040,Jet Black,308,304,9,4,,,
2026-09-19,12:00-13:00,CWL-1,Machine 3D,ST-2285 Dye Black,PO-99040,Jet Black,313,295,4,4,,,
2026-09-19,13:00-14:00,CWL-1,Machine 3D,ST-2285 Dye Black,PO-99040,Jet Black,270,263,5,3,,,
2026-09-19,14:00-15:00,CWL-1,Machine 3D,ST-2285 Dye Black,PO-99040,Jet Black,306,287,4,3,,,
2026-09-19,15:00-16:00,CWL-1,Machine 3D,ST-2285 Dye Black,PO-99040,Jet Black,247,248,3,4,,,
2026-09-19,16:00-17:00,CWL-1,Machine 3D,ST-4412 Dark Stone,PO-77101,Dark Blue,235,214,4,4,,,
2026-09-19,17:00-18:00,CWL-1,Machine 3D,ST-4412 Dark Stone,PO-77101,Dark Blue,328,308,5,3,,,
2026-09-19,18:00-19:00,CWL-1,Machine 3D,ST-4412 Dark Stone,PO-77101,Dark Blue,297,279,7,4,,,
2026-09-19,19:00-20:00,CWL-1,Machine 3D,ST-4412 Dark Stone,PO-77101,Dark Blue,347,320,4,2,,,
2026-09-19,20:00-21:00,CWL-1,Machine 3D,ST-4412 Dark Stone,PO-77101,Dark Blue,327,304,3,5,,,
2026-09-19,21:00-22:00,CWL-1,Machine 3D,ST-4412 Dark Stone,PO-77101,Dark Blue,322,318,5,3,,,
2026-09-19,22:00-23:00,CWL-1,Machine 3D,ST-4412 Dark Stone,PO-77101,Dark Blue,270,268,7,4,,,
2026-09-19,23:00-00:00,CWL-1,Machine 3D,ST-4412 Dark Stone,PO-77101,Dark Blue,260,249,2,3,,,
2026-09-19,00:00-01:00,CWL-1,Machine 3D,ST-5120 Acid Blast,PO-88010,Acid Black,250,247,5,3,,,
2026-09-19,01:00-02:00,CWL-1,Machine 3D,ST-5120 Acid Blast,PO-88010,Acid Black,320,296,7,4,,,
2026-09-19,02:00-03:00,CWL-1,Machine 3D,ST-5120 Acid Blast,PO-88010,Acid Black,268,266,5,4,,,
2026-09-19,03:00-04:00,CWL-1,Machine 3D,ST-5120 Acid Blast,PO-88010,Acid Black,303,280,7,4,,,
2026-09-19,04:00-05:00,CWL-1,Machine 3D,ST-5120 Acid Blast,PO-88010,Acid Black,338,314,5,5,,,
2026-09-19,05:00-06:00,CWL-1,Machine 3D,ST-5120 Acid Blast,PO-88010,Acid Black,292,274,4,2,,,
2026-09-19,06:00-07:00,CWL-1,Machine 3D,ST-5120 Acid Blast,PO-88010,Acid Black,317,317,6,2,,,
2026-09-19,07:00-08:00,CWL-1,Machine 3D,ST-5120 Acid Blast,PO-88010,Acid Black,337,313,4,5,,,
2026-09-19,08:00-09:00,CWL-1,Iron 3D,ST-5120 Acid Blast,PO-88010,Acid Black,219,214,2,1,,,
2026-09-19,09:00-10:00,CWL-1,Iron 3D,ST-5120 Acid Blast,PO-88010,Acid Black,310,291,5,5,,,
2026-09-19,10:00-11:00,CWL-1,Iron 3D,ST-5120 Acid Blast,PO-88010,Acid Black,296,282,7,3,,,
2026-09-19,11:00-12:00,CWL-1,Iron 3D,ST-5120 Acid Blast,PO-88010,Acid Black,306,289,3,5,,,
2026-09-19,12:00-13:00,CWL-1,Iron 3D,ST-5120 Acid Blast,PO-88010,Acid Black,253,231,6,4,,,
2026-09-19,13:00-14:00,CWL-1,Iron 3D,ST-5120 Acid Blast,PO-88010,Acid Black,247,246,3,4,,,
2026-09-19,14:00-15:00,CWL-1,Iron 3D,ST-5120 Acid Blast,PO-88010,Acid Black,301,290,6,3,,,
2026-09-19,15:00-16:00,CWL-1,Iron 3D,ST-5120 Acid Blast,PO-88010,Acid Black,292,294,3,6,,,
2026-09-19,16:00-17:00,CWL-1,Iron 3D,ST-3307 Twill Rinse,PO-66120,Khaki,242,240,3,3,,,
2026-09-19,17:00-18:00,CWL-1,Iron 3D,ST-3307 Twill Rinse,PO-66120,Khaki,271,269,5,5,,,
2026-09-19,18:00-19:00,CWL-1,Iron 3D,ST-3307 Twill Rinse,PO-66120,Khaki,267,245,5,2,,,
2026-09-19,19:00-20:00,CWL-1,Iron 3D,ST-3307 Twill Rinse,PO-66120,Khaki,270,275,5,4,,,
2026-09-19,20:00-21:00,CWL-1,Iron 3D,ST-3307 Twill Rinse,PO-66120,Khaki,293,269,5,4,,,
2026-09-19,21:00-22:00,CWL-1,Iron 3D,ST-3307 Twill Rinse,PO-66120,Khaki,230,230,4,4,,,
2026-09-19,22:00-23:00,CWL-1,Iron 3D,ST-3307 Twill Rinse,PO-66120,Khaki,249,240,7,5,,,
2026-09-19,23:00-00:00,CWL-1,Iron 3D,ST-3307 Twill Rinse,PO-66120,Khaki,265,268,8,4,,,
2026-09-19,00:00-01:00,CWL-1,Iron 3D,ST-4412 Dark Stone,PO-77101,Dark Blue,255,249,5,5,,,
2026-09-19,01:00-02:00,CWL-1,Iron 3D,ST-4412 Dark Stone,PO-77101,Dark Blue,300,288,5,4,,,
2026-09-19,02:00-03:00,CWL-1,Iron 3D,ST-4412 Dark Stone,PO-77101,Dark Blue,299,286,3,3,,,
2026-09-19,03:00-04:00,CWL-1,Iron 3D,ST-4412 Dark Stone,PO-77101,Dark Blue,235,237,4,3,,,
2026-09-19,04:00-05:00,CWL-1,Iron 3D,ST-4412 Dark Stone,PO-77101,Dark Blue,285,286,7,2,,,
2026-09-19,05:00-06:00,CWL-1,Iron 3D,ST-4412 Dark Stone,PO-77101,Dark Blue,266,251,3,3,,,
2026-09-19,06:00-07:00,CWL-1,Iron 3D,ST-4412 Dark Stone,PO-77101,Dark Blue,265,252,3,1,,,
2026-09-19,07:00-08:00,CWL-1,Iron 3D,ST-4412 Dark Stone,PO-77101,Dark Blue,249,232,6,3,,,
2026-09-20,08:00-09:00,CWL-1,Laser Whisker,ST-4475 Vintage Wash,PO-77305,Vintage Indigo,25,24,0,0,,,
2026-09-20,09:00-10:00,CWL-1,Laser Whisker,ST-4475 Vintage Wash,PO-77305,Vintage Indigo,34,33,1,1,,,
2026-09-20,10:00-11:00,CWL-1,Laser Whisker,ST-4475 Vintage Wash,PO-77305,Vintage Indigo,33,34,0,0,,,
2026-09-20,11:00-12:00,CWL-1,Laser Whisker,ST-4475 Vintage Wash,PO-77305,Vintage Indigo,28,27,0,0,,,
2026-09-20,12:00-13:00,CWL-1,Laser Whisker,ST-4475 Vintage Wash,PO-77305,Vintage Indigo,29,27,1,1,,,
2026-09-20,13:00-14:00,CWL-1,Laser Whisker,ST-4475 Vintage Wash,PO-77305,Vintage Indigo,32,32,0,0,,,
2026-09-20,14:00-15:00,CWL-1,Laser Whisker,ST-4475 Vintage Wash,PO-77305,Vintage Indigo,34,34,1,0,,,
2026-09-20,15:00-16:00,CWL-1,Laser Whisker,ST-4475 Vintage Wash,PO-77305,Vintage Indigo,35,34,0,0,,,
2026-09-20,16:00-17:00,CWL-1,Laser Whisker,ST-4412 Dark Stone,PO-77101,Dark Blue,7,7,0,0,15,Other,
2026-09-20,17:00-18:00,CWL-1,Laser Whisker,ST-4412 Dark Stone,PO-77101,Dark Blue,35,33,0,0,,,
2026-09-20,18:00-19:00,CWL-1,Laser Whisker,ST-4412 Dark Stone,PO-77101,Dark Blue,29,27,1,1,,,
2026-09-20,19:00-20:00,CWL-1,Laser Whisker,ST-4412 Dark Stone,PO-77101,Dark Blue,11,10,0,1,15,Changeover / setup,
2026-09-20,20:00-21:00,CWL-1,Laser Whisker,ST-4412 Dark Stone,PO-77101,Dark Blue,29,28,1,1,,,
2026-09-20,21:00-22:00,CWL-1,Laser Whisker,ST-4412 Dark Stone,PO-77101,Dark Blue,30,30,0,0,,,
2026-09-20,22:00-23:00,CWL-1,Laser Whisker,ST-4412 Dark Stone,PO-77101,Dark Blue,28,27,1,0,,,
2026-09-20,23:00-00:00,CWL-1,Laser Whisker,ST-4412 Dark Stone,PO-77101,Dark Blue,28,26,0,0,,,
2026-09-20,00:00-01:00,CWL-1,Laser Whisker,ST-4475 Vintage Wash,PO-77305,Vintage Indigo,30,29,1,0,,,
2026-09-20,01:00-02:00,CWL-1,Laser Whisker,ST-4475 Vintage Wash,PO-77305,Vintage Indigo,33,31,0,0,,,
2026-09-20,02:00-03:00,CWL-1,Laser Whisker,ST-4475 Vintage Wash,PO-77305,Vintage Indigo,34,32,0,0,,,
2026-09-20,03:00-04:00,CWL-1,Laser Whisker,ST-4475 Vintage Wash,PO-77305,Vintage Indigo,33,30,1,0,,,
2026-09-20,04:00-05:00,CWL-1,Laser Whisker,ST-4475 Vintage Wash,PO-77305,Vintage Indigo,32,30,0,1,,,
2026-09-20,05:00-06:00,CWL-1,Laser Whisker,ST-4475 Vintage Wash,PO-77305,Vintage Indigo,33,30,0,0,,,
2026-09-20,06:00-07:00,CWL-1,Laser Whisker,ST-4475 Vintage Wash,PO-77305,Vintage Indigo,32,32,0,0,,,
2026-09-20,07:00-08:00,CWL-1,Laser Whisker,ST-4475 Vintage Wash,PO-77305,Vintage Indigo,33,31,1,1,,,
2026-09-20,08:00-09:00,CWL-1,Laser Mark Destroy,ST-4430 Mid Blue,PO-77210,Mid Blue,79,77,1,1,,,
2026-09-20,09:00-10:00,CWL-1,Laser Mark Destroy,ST-4430 Mid Blue,PO-77210,Mid Blue,94,86,1,1,,,
2026-09-20,10:00-11:00,CWL-1,Laser Mark Destroy,ST-4430 Mid Blue,PO-77210,Mid Blue,104,103,3,1,,,
2026-09-20,11:00-12:00,CWL-1,Laser Mark Destroy,ST-4430 Mid Blue,PO-77210,Mid Blue,41,42,1,0,30,Waiting for material,
2026-09-20,12:00-13:00,CWL-1,Laser Mark Destroy,ST-4430 Mid Blue,PO-77210,Mid Blue,6,6,0,0,15,Operator shortage,
2026-09-20,13:00-14:00,CWL-1,Laser Mark Destroy,ST-4430 Mid Blue,PO-77210,Mid Blue,96,98,2,1,,,
2026-09-20,14:00-15:00,CWL-1,Laser Mark Destroy,ST-4430 Mid Blue,PO-77210,Mid Blue,112,104,2,1,,,
2026-09-20,15:00-16:00,CWL-1,Laser Mark Destroy,ST-4430 Mid Blue,PO-77210,Mid Blue,89,84,2,2,,,
2026-09-20,16:00-17:00,CWL-1,Laser Mark Destroy,ST-4412 Dark Stone,PO-77101,Dark Blue,77,78,1,2,,,
2026-09-20,17:00-18:00,CWL-1,Laser Mark Destroy,ST-4412 Dark Stone,PO-77101,Dark Blue,104,97,2,1,,,
2026-09-20,18:00-19:00,CWL-1,Laser Mark Destroy,ST-4412 Dark Stone,PO-77101,Dark Blue,109,100,1,1,,,
2026-09-20,19:00-20:00,CWL-1,Laser Mark Destroy,ST-4412 Dark Stone,PO-77101,Dark Blue,97,95,0,2,,,
2026-09-20,20:00-21:00,CWL-1,Laser Mark Destroy,ST-4412 Dark Stone,PO-77101,Dark Blue,85,80,1,1,,,
2026-09-20,21:00-22:00,CWL-1,Laser Mark Destroy,ST-4412 Dark Stone,PO-77101,Dark Blue,23,23,1,0,45,Power / utility,
2026-09-20,22:00-23:00,CWL-1,Laser Mark Destroy,ST-4412 Dark Stone,PO-77101,Dark Blue,93,86,3,1,,,
2026-09-20,23:00-00:00,CWL-1,Laser Mark Destroy,ST-4412 Dark Stone,PO-77101,Dark Blue,94,90,3,1,,,
2026-09-20,00:00-01:00,CWL-1,Laser Mark Destroy,ST-2285 Dye Black,PO-99040,Jet Black,90,85,1,1,,,
2026-09-20,01:00-02:00,CWL-1,Laser Mark Destroy,ST-2285 Dye Black,PO-99040,Jet Black,98,93,1,1,,,
2026-09-20,02:00-03:00,CWL-1,Laser Mark Destroy,ST-2285 Dye Black,PO-99040,Jet Black,89,86,2,1,,,
2026-09-20,03:00-04:00,CWL-1,Laser Mark Destroy,ST-2285 Dye Black,PO-99040,Jet Black,103,95,2,2,,,
2026-09-20,04:00-05:00,CWL-1,Laser Mark Destroy,ST-2285 Dye Black,PO-99040,Jet Black,97,89,1,1,,,
2026-09-20,05:00-06:00,CWL-1,Laser Mark Destroy,ST-2285 Dye Black,PO-99040,Jet Black,80,81,2,1,,,
2026-09-20,06:00-07:00,CWL-1,Laser Mark Destroy,ST-2285 Dye Black,PO-99040,Jet Black,99,95,2,1,,,
2026-09-20,07:00-08:00,CWL-1,Laser Mark Destroy,ST-2285 Dye Black,PO-99040,Jet Black,93,86,2,0,,,
2026-09-20,08:00-09:00,CWL-1,Pattern Whisker,ST-4475 Vintage Wash,PO-77305,Vintage Indigo,935,945,21,7,,,
2026-09-20,09:00-10:00,CWL-1,Pattern Whisker,ST-4475 Vintage Wash,PO-77305,Vintage Indigo,1125,1068,10,10,,,
2026-09-20,10:00-11:00,CWL-1,Pattern Whisker,ST-4475 Vintage Wash,PO-77305,Vintage Indigo,1171,1125,10,15,,,
2026-09-20,11:00-12:00,CWL-1,Pattern Whisker,ST-4475 Vintage Wash,PO-77305,Vintage Indigo,1172,1162,25,22,,,
2026-09-20,12:00-13:00,CWL-1,Pattern Whisker,ST-4475 Vintage Wash,PO-77305,Vintage Indigo,1378,1358,13,20,,,
2026-09-20,13:00-14:00,CWL-1,Pattern Whisker,ST-4475 Vintage Wash,PO-77305,Vintage Indigo,1094,1108,23,14,,,
2026-09-20,14:00-15:00,CWL-1,Pattern Whisker,ST-4475 Vintage Wash,PO-77305,Vintage Indigo,1268,1269,23,8,,,
2026-09-20,15:00-16:00,CWL-1,Pattern Whisker,ST-4475 Vintage Wash,PO-77305,Vintage Indigo,1271,1292,30,8,,,
2026-09-20,16:00-17:00,CWL-1,Pattern Whisker,ST-4412 Dark Stone,PO-77101,Dark Blue,1141,1072,31,20,,,
2026-09-20,17:00-18:00,CWL-1,Pattern Whisker,ST-4412 Dark Stone,PO-77101,Dark Blue,1376,1323,14,12,,,
2026-09-20,18:00-19:00,CWL-1,Pattern Whisker,ST-4412 Dark Stone,PO-77101,Dark Blue,1059,1072,18,7,,,
2026-09-20,19:00-20:00,CWL-1,Pattern Whisker,ST-4412 Dark Stone,PO-77101,Dark Blue,1193,1147,10,8,,,
2026-09-20,20:00-21:00,CWL-1,Pattern Whisker,ST-4412 Dark Stone,PO-77101,Dark Blue,1202,1144,26,22,,,
2026-09-20,21:00-22:00,CWL-1,Pattern Whisker,ST-4412 Dark Stone,PO-77101,Dark Blue,1180,1115,11,10,,,
2026-09-20,22:00-23:00,CWL-1,Pattern Whisker,ST-4412 Dark Stone,PO-77101,Dark Blue,241,231,2,2,45,Waiting for input,
2026-09-20,23:00-00:00,CWL-1,Pattern Whisker,ST-4412 Dark Stone,PO-77101,Dark Blue,1335,1322,24,17,,,
2026-09-20,00:00-01:00,CWL-1,Pattern Whisker,ST-2285 Dye Black,PO-99040,Jet Black,995,925,20,7,,,
2026-09-20,01:00-02:00,CWL-1,Pattern Whisker,ST-2285 Dye Black,PO-99040,Jet Black,1429,1326,15,17,,,
2026-09-20,02:00-03:00,CWL-1,Pattern Whisker,ST-2285 Dye Black,PO-99040,Jet Black,1370,1250,19,11,,,
2026-09-20,03:00-04:00,CWL-1,Pattern Whisker,ST-2285 Dye Black,PO-99040,Jet Black,1293,1288,16,19,,,
2026-09-20,04:00-05:00,CWL-1,Pattern Whisker,ST-2285 Dye Black,PO-99040,Jet Black,1337,1317,29,20,,,
2026-09-20,05:00-06:00,CWL-1,Pattern Whisker,ST-2285 Dye Black,PO-99040,Jet Black,1246,1179,28,9,,,
2026-09-20,06:00-07:00,CWL-1,Pattern Whisker,ST-2285 Dye Black,PO-99040,Jet Black,1397,1307,33,19,,,
2026-09-20,07:00-08:00,CWL-1,Pattern Whisker,ST-2285 Dye Black,PO-99040,Jet Black,354,360,4,5,15,Other,
2026-09-20,08:00-09:00,CWL-1,Hand Sand (Front & Back),ST-2285 Dye Black,PO-99040,Jet Black,535,533,6,10,,,
2026-09-20,09:00-10:00,CWL-1,Hand Sand (Front & Back),ST-2285 Dye Black,PO-99040,Jet Black,617,570,16,10,,,
2026-09-20,10:00-11:00,CWL-1,Hand Sand (Front & Back),ST-2285 Dye Black,PO-99040,Jet Black,567,541,12,8,,,
2026-09-20,11:00-12:00,CWL-1,Hand Sand (Front & Back),ST-2285 Dye Black,PO-99040,Jet Black,618,610,11,6,,,
2026-09-20,12:00-13:00,CWL-1,Hand Sand (Front & Back),ST-2285 Dye Black,PO-99040,Jet Black,92,86,2,1,30,Machine breakdown,
2026-09-20,13:00-14:00,CWL-1,Hand Sand (Front & Back),ST-2285 Dye Black,PO-99040,Jet Black,658,631,9,4,,,
2026-09-20,14:00-15:00,CWL-1,Hand Sand (Front & Back),ST-2285 Dye Black,PO-99040,Jet Black,545,533,7,3,,,
2026-09-20,15:00-16:00,CWL-1,Hand Sand (Front & Back),ST-2285 Dye Black,PO-99040,Jet Black,659,653,19,7,,,
2026-09-20,16:00-17:00,CWL-1,Hand Sand (Front & Back),ST-4475 Vintage Wash,PO-77305,Vintage Indigo,444,452,4,8,,,
2026-09-20,17:00-18:00,CWL-1,Hand Sand (Front & Back),ST-4475 Vintage Wash,PO-77305,Vintage Indigo,707,671,8,8,,,
2026-09-20,18:00-19:00,CWL-1,Hand Sand (Front & Back),ST-4475 Vintage Wash,PO-77305,Vintage Indigo,682,628,19,9,,,
2026-09-20,19:00-20:00,CWL-1,Hand Sand (Front & Back),ST-4475 Vintage Wash,PO-77305,Vintage Indigo,647,604,13,12,,,
2026-09-20,20:00-21:00,CWL-1,Hand Sand (Front & Back),ST-4475 Vintage Wash,PO-77305,Vintage Indigo,604,553,10,10,,,
2026-09-20,21:00-22:00,CWL-1,Hand Sand (Front & Back),ST-4475 Vintage Wash,PO-77305,Vintage Indigo,663,663,18,5,,,
2026-09-20,22:00-23:00,CWL-1,Hand Sand (Front & Back),ST-4475 Vintage Wash,PO-77305,Vintage Indigo,641,623,11,12,,,
2026-09-20,23:00-00:00,CWL-1,Hand Sand (Front & Back),ST-4475 Vintage Wash,PO-77305,Vintage Indigo,573,545,12,5,,,
2026-09-20,00:00-01:00,CWL-1,Hand Sand (Front & Back),ST-3307 Twill Rinse,PO-66120,Khaki,483,460,6,9,,,
2026-09-20,01:00-02:00,CWL-1,Hand Sand (Front & Back),ST-3307 Twill Rinse,PO-66120,Khaki,509,514,9,3,,,
2026-09-20,02:00-03:00,CWL-1,Hand Sand (Front & Back),ST-3307 Twill Rinse,PO-66120,Khaki,632,582,15,6,,,
2026-09-20,03:00-04:00,CWL-1,Hand Sand (Front & Back),ST-3307 Twill Rinse,PO-66120,Khaki,594,588,13,6,,,
2026-09-20,04:00-05:00,CWL-1,Hand Sand (Front & Back),ST-3307 Twill Rinse,PO-66120,Khaki,700,643,14,12,,,
2026-09-20,05:00-06:00,CWL-1,Hand Sand (Front & Back),ST-3307 Twill Rinse,PO-66120,Khaki,580,573,10,4,,,
2026-09-20,06:00-07:00,CWL-1,Hand Sand (Front & Back),ST-3307 Twill Rinse,PO-66120,Khaki,670,659,12,5,,,
2026-09-20,07:00-08:00,CWL-1,Hand Sand (Front & Back),ST-3307 Twill Rinse,PO-66120,Khaki,584,581,11,3,,,
2026-09-20,08:00-09:00,CWL-1,Allover Hand Sand,ST-3307 Twill Rinse,PO-66120,Khaki,74,71,1,1,,,
2026-09-20,09:00-10:00,CWL-1,Allover Hand Sand,ST-3307 Twill Rinse,PO-66120,Khaki,99,90,2,1,,,
2026-09-20,10:00-11:00,CWL-1,Allover Hand Sand,ST-3307 Twill Rinse,PO-66120,Khaki,103,101,2,1,,,
2026-09-20,11:00-12:00,CWL-1,Allover Hand Sand,ST-3307 Twill Rinse,PO-66120,Khaki,85,85,1,0,,,
2026-09-20,12:00-13:00,CWL-1,Allover Hand Sand,ST-3307 Twill Rinse,PO-66120,Khaki,89,83,1,1,,,
2026-09-20,13:00-14:00,CWL-1,Allover Hand Sand,ST-3307 Twill Rinse,PO-66120,Khaki,104,97,2,1,,,
2026-09-20,14:00-15:00,CWL-1,Allover Hand Sand,ST-3307 Twill Rinse,PO-66120,Khaki,93,93,2,1,,,
2026-09-20,15:00-16:00,CWL-1,Allover Hand Sand,ST-3307 Twill Rinse,PO-66120,Khaki,110,101,2,2,,,
2026-09-20,16:00-17:00,CWL-1,Allover Hand Sand,ST-2285 Dye Black,PO-99040,Jet Black,85,87,2,1,,,
2026-09-20,17:00-18:00,CWL-1,Allover Hand Sand,ST-2285 Dye Black,PO-99040,Jet Black,99,91,2,1,,,
2026-09-20,18:00-19:00,CWL-1,Allover Hand Sand,ST-2285 Dye Black,PO-99040,Jet Black,101,96,2,1,,,
2026-09-20,19:00-20:00,CWL-1,Allover Hand Sand,ST-2285 Dye Black,PO-99040,Jet Black,102,104,2,2,,,
2026-09-20,20:00-21:00,CWL-1,Allover Hand Sand,ST-2285 Dye Black,PO-99040,Jet Black,107,104,3,2,,,
2026-09-20,21:00-22:00,CWL-1,Allover Hand Sand,ST-2285 Dye Black,PO-99040,Jet Black,86,81,1,1,,,
2026-09-20,22:00-23:00,CWL-1,Allover Hand Sand,ST-2285 Dye Black,PO-99040,Jet Black,96,95,1,1,,,
2026-09-20,23:00-00:00,CWL-1,Allover Hand Sand,ST-2285 Dye Black,PO-99040,Jet Black,87,87,1,1,,,
2026-09-20,00:00-01:00,CWL-1,Allover Hand Sand,ST-4430 Mid Blue,PO-77210,Mid Blue,85,86,2,1,,,
2026-09-20,01:00-02:00,CWL-1,Allover Hand Sand,ST-4430 Mid Blue,PO-77210,Mid Blue,91,91,2,2,,,
2026-09-20,02:00-03:00,CWL-1,Allover Hand Sand,ST-4430 Mid Blue,PO-77210,Mid Blue,20,18,0,0,15,Waiting for material,
2026-09-20,03:00-04:00,CWL-1,Allover Hand Sand,ST-4430 Mid Blue,PO-77210,Mid Blue,84,83,2,1,,,
2026-09-20,04:00-05:00,CWL-1,Allover Hand Sand,ST-4430 Mid Blue,PO-77210,Mid Blue,102,97,2,1,,,
2026-09-20,05:00-06:00,CWL-1,Allover Hand Sand,ST-4430 Mid Blue,PO-77210,Mid Blue,94,95,2,1,,,
2026-09-20,06:00-07:00,CWL-1,Allover Hand Sand,ST-4430 Mid Blue,PO-77210,Mid Blue,88,83,1,1,,,
2026-09-20,07:00-08:00,CWL-1,Allover Hand Sand,ST-4430 Mid Blue,PO-77210,Mid Blue,97,92,1,1,,,
2026-09-20,08:00-09:00,CWL-1,Tagging,ST-4412 Dark Stone,PO-77101,Dark Blue,713,697,19,7,,,
2026-09-20,09:00-10:00,CWL-1,Tagging,ST-4412 Dark Stone,PO-77101,Dark Blue,848,787,7,14,,,
2026-09-20,10:00-11:00,CWL-1,Tagging,ST-4412 Dark Stone,PO-77101,Dark Blue,359,361,7,7,15,Operator shortage,
2026-09-20,11:00-12:00,CWL-1,Tagging,ST-4412 Dark Stone,PO-77101,Dark Blue,783,782,20,15,,,
2026-09-20,12:00-13:00,CWL-1,Tagging,ST-4412 Dark Stone,PO-77101,Dark Blue,729,689,9,8,,,
2026-09-20,13:00-14:00,CWL-1,Tagging,ST-4412 Dark Stone,PO-77101,Dark Blue,775,717,15,9,,,
2026-09-20,14:00-15:00,CWL-1,Tagging,ST-4412 Dark Stone,PO-77101,Dark Blue,878,854,17,5,,,
2026-09-20,15:00-16:00,CWL-1,Tagging,ST-4412 Dark Stone,PO-77101,Dark Blue,687,672,11,7,,,
2026-09-20,16:00-17:00,CWL-1,Tagging,ST-4475 Vintage Wash,PO-77305,Vintage Indigo,750,724,12,11,,,
2026-09-20,17:00-18:00,CWL-1,Tagging,ST-4475 Vintage Wash,PO-77305,Vintage Indigo,894,832,23,13,,,
2026-09-20,18:00-19:00,CWL-1,Tagging,ST-4475 Vintage Wash,PO-77305,Vintage Indigo,731,683,16,7,,,
2026-09-20,19:00-20:00,CWL-1,Tagging,ST-4475 Vintage Wash,PO-77305,Vintage Indigo,776,780,21,15,,,
2026-09-20,20:00-21:00,CWL-1,Tagging,ST-4475 Vintage Wash,PO-77305,Vintage Indigo,293,267,3,3,45,Operator shortage,
2026-09-20,21:00-22:00,CWL-1,Tagging,ST-4475 Vintage Wash,PO-77305,Vintage Indigo,853,817,7,6,,,
2026-09-20,22:00-23:00,CWL-1,Tagging,ST-4475 Vintage Wash,PO-77305,Vintage Indigo,846,824,20,9,,,
2026-09-20,23:00-00:00,CWL-1,Tagging,ST-4475 Vintage Wash,PO-77305,Vintage Indigo,859,824,10,14,,,
2026-09-20,00:00-01:00,CWL-1,Tagging,ST-4430 Mid Blue,PO-77210,Mid Blue,762,708,6,9,,,
2026-09-20,01:00-02:00,CWL-1,Tagging,ST-4430 Mid Blue,PO-77210,Mid Blue,831,761,8,15,,,
2026-09-20,02:00-03:00,CWL-1,Tagging,ST-4430 Mid Blue,PO-77210,Mid Blue,714,690,17,7,,,
2026-09-20,03:00-04:00,CWL-1,Tagging,ST-4430 Mid Blue,PO-77210,Mid Blue,731,690,20,7,,,
2026-09-20,04:00-05:00,CWL-1,Tagging,ST-4430 Mid Blue,PO-77210,Mid Blue,810,771,15,4,,,
2026-09-20,05:00-06:00,CWL-1,Tagging,ST-4430 Mid Blue,PO-77210,Mid Blue,887,820,10,9,,,
2026-09-20,06:00-07:00,CWL-1,Tagging,ST-4430 Mid Blue,PO-77210,Mid Blue,651,658,11,7,,,
2026-09-20,07:00-08:00,CWL-1,Tagging,ST-4430 Mid Blue,PO-77210,Mid Blue,822,819,12,16,,,
2026-09-20,08:00-09:00,CWL-1,Grinding,ST-5120 Acid Blast,PO-88010,Acid Black,214,203,5,2,,,
2026-09-20,09:00-10:00,CWL-1,Grinding,ST-5120 Acid Blast,PO-88010,Acid Black,262,239,3,2,,,
2026-09-20,10:00-11:00,CWL-1,Grinding,ST-5120 Acid Blast,PO-88010,Acid Black,208,199,3,3,,,
2026-09-20,11:00-12:00,CWL-1,Grinding,ST-5120 Acid Blast,PO-88010,Acid Black,254,241,6,5,,,
2026-09-20,12:00-13:00,CWL-1,Grinding,ST-5120 Acid Blast,PO-88010,Acid Black,232,219,2,3,,,
2026-09-20,13:00-14:00,CWL-1,Grinding,ST-5120 Acid Blast,PO-88010,Acid Black,238,238,5,2,,,
2026-09-20,14:00-15:00,CWL-1,Grinding,ST-5120 Acid Blast,PO-88010,Acid Black,266,244,6,2,,,
2026-09-20,15:00-16:00,CWL-1,Grinding,ST-5120 Acid Blast,PO-88010,Acid Black,235,226,2,3,,,
2026-09-20,16:00-17:00,CWL-1,Grinding,ST-2285 Dye Black,PO-99040,Jet Black,178,169,4,1,,,
2026-09-20,17:00-18:00,CWL-1,Grinding,ST-2285 Dye Black,PO-99040,Jet Black,213,201,4,2,,,
2026-09-20,18:00-19:00,CWL-1,Grinding,ST-2285 Dye Black,PO-99040,Jet Black,230,215,4,3,,,
2026-09-20,19:00-20:00,CWL-1,Grinding,ST-2285 Dye Black,PO-99040,Jet Black,273,258,6,3,,,
2026-09-20,20:00-21:00,CWL-1,Grinding,ST-2285 Dye Black,PO-99040,Jet Black,213,208,2,3,,,
2026-09-20,21:00-22:00,CWL-1,Grinding,ST-2285 Dye Black,PO-99040,Jet Black,243,241,3,5,,,
2026-09-20,22:00-23:00,CWL-1,Grinding,ST-2285 Dye Black,PO-99040,Jet Black,234,227,4,1,,,
2026-09-20,23:00-00:00,CWL-1,Grinding,ST-2285 Dye Black,PO-99040,Jet Black,13,13,0,0,30,Quality hold,
2026-09-20,00:00-01:00,CWL-1,Grinding,ST-3307 Twill Rinse,PO-66120,Khaki,240,219,3,3,,,
2026-09-20,01:00-02:00,CWL-1,Grinding,ST-3307 Twill Rinse,PO-66120,Khaki,216,213,2,4,,,
2026-09-20,02:00-03:00,CWL-1,Grinding,ST-3307 Twill Rinse,PO-66120,Khaki,232,213,6,3,,,
2026-09-20,03:00-04:00,CWL-1,Grinding,ST-3307 Twill Rinse,PO-66120,Khaki,264,244,3,3,,,
2026-09-20,04:00-05:00,CWL-1,Grinding,ST-3307 Twill Rinse,PO-66120,Khaki,223,219,6,1,,,
2026-09-20,05:00-06:00,CWL-1,Grinding,ST-3307 Twill Rinse,PO-66120,Khaki,219,200,3,1,,,
2026-09-20,06:00-07:00,CWL-1,Grinding,ST-3307 Twill Rinse,PO-66120,Khaki,237,236,4,3,,,
2026-09-20,07:00-08:00,CWL-1,Grinding,ST-3307 Twill Rinse,PO-66120,Khaki,251,241,6,4,,,
2026-09-20,08:00-09:00,CWL-1,Destruction,ST-2285 Dye Black,PO-99040,Jet Black,148,145,3,3,,,
2026-09-20,09:00-10:00,CWL-1,Destruction,ST-2285 Dye Black,PO-99040,Jet Black,24,24,0,1,45,Power / utility,
2026-09-20,10:00-11:00,CWL-1,Destruction,ST-2285 Dye Black,PO-99040,Jet Black,193,181,1,3,,,
2026-09-20,11:00-12:00,CWL-1,Destruction,ST-2285 Dye Black,PO-99040,Jet Black,43,40,0,0,15,Other,
2026-09-20,12:00-13:00,CWL-1,Destruction,ST-2285 Dye Black,PO-99040,Jet Black,199,186,5,3,,,
2026-09-20,13:00-14:00,CWL-1,Destruction,ST-2285 Dye Black,PO-99040,Jet Black,196,185,4,4,,,
2026-09-20,14:00-15:00,CWL-1,Destruction,ST-2285 Dye Black,PO-99040,Jet Black,211,194,2,4,,,
2026-09-20,15:00-16:00,CWL-1,Destruction,ST-2285 Dye Black,PO-99040,Jet Black,192,185,4,4,,,
2026-09-20,16:00-17:00,CWL-1,Destruction,ST-3307 Twill Rinse,PO-66120,Khaki,156,148,3,1,,,
2026-09-20,17:00-18:00,CWL-1,Destruction,ST-3307 Twill Rinse,PO-66120,Khaki,151,153,2,1,,,
2026-09-20,18:00-19:00,CWL-1,Destruction,ST-3307 Twill Rinse,PO-66120,Khaki,181,171,4,2,,,
2026-09-20,19:00-20:00,CWL-1,Destruction,ST-3307 Twill Rinse,PO-66120,Khaki,177,171,2,1,,,
2026-09-20,20:00-21:00,CWL-1,Destruction,ST-3307 Twill Rinse,PO-66120,Khaki,165,166,3,3,,,
2026-09-20,21:00-22:00,CWL-1,Destruction,ST-3307 Twill Rinse,PO-66120,Khaki,157,153,3,2,,,
2026-09-20,22:00-23:00,CWL-1,Destruction,ST-3307 Twill Rinse,PO-66120,Khaki,168,153,3,3,,,
2026-09-20,23:00-00:00,CWL-1,Destruction,ST-3307 Twill Rinse,PO-66120,Khaki,192,196,3,3,,,
2026-09-20,00:00-01:00,CWL-1,Destruction,ST-5120 Acid Blast,PO-88010,Acid Black,154,146,4,2,,,
2026-09-20,01:00-02:00,CWL-1,Destruction,ST-5120 Acid Blast,PO-88010,Acid Black,174,159,3,2,,,
2026-09-20,02:00-03:00,CWL-1,Destruction,ST-5120 Acid Blast,PO-88010,Acid Black,195,188,4,3,,,
2026-09-20,03:00-04:00,CWL-1,Destruction,ST-5120 Acid Blast,PO-88010,Acid Black,200,193,5,1,,,
2026-09-20,04:00-05:00,CWL-1,Destruction,ST-5120 Acid Blast,PO-88010,Acid Black,175,166,3,2,,,
2026-09-20,05:00-06:00,CWL-1,Destruction,ST-5120 Acid Blast,PO-88010,Acid Black,166,161,2,1,,,
2026-09-20,06:00-07:00,CWL-1,Destruction,ST-5120 Acid Blast,PO-88010,Acid Black,170,165,4,3,,,
2026-09-20,07:00-08:00,CWL-1,Destruction,ST-5120 Acid Blast,PO-88010,Acid Black,153,153,3,1,,,
2026-09-20,08:00-09:00,CWL-1,Cutting / Destroy,ST-4475 Vintage Wash,PO-77305,Vintage Indigo,328,308,8,3,,,
2026-09-20,09:00-10:00,CWL-1,Cutting / Destroy,ST-4475 Vintage Wash,PO-77305,Vintage Indigo,391,366,4,5,,,
2026-09-20,10:00-11:00,CWL-1,Cutting / Destroy,ST-4475 Vintage Wash,PO-77305,Vintage Indigo,414,387,12,4,,,
2026-09-20,11:00-12:00,CWL-1,Cutting / Destroy,ST-4475 Vintage Wash,PO-77305,Vintage Indigo,334,338,10,3,,,
2026-09-20,12:00-13:00,CWL-1,Cutting / Destroy,ST-4475 Vintage Wash,PO-77305,Vintage Indigo,357,347,3,4,,,
2026-09-20,13:00-14:00,CWL-1,Cutting / Destroy,ST-4475 Vintage Wash,PO-77305,Vintage Indigo,392,374,4,4,,,
2026-09-20,14:00-15:00,CWL-1,Cutting / Destroy,ST-4475 Vintage Wash,PO-77305,Vintage Indigo,399,364,10,7,,,
2026-09-20,15:00-16:00,CWL-1,Cutting / Destroy,ST-4475 Vintage Wash,PO-77305,Vintage Indigo,311,314,7,3,,,
2026-09-20,16:00-17:00,CWL-1,Cutting / Destroy,ST-4475 Vintage Wash,PO-77305,Vintage Indigo,260,262,7,1,,,
2026-09-20,17:00-18:00,CWL-1,Cutting / Destroy,ST-4475 Vintage Wash,PO-77305,Vintage Indigo,327,322,4,6,,,
2026-09-20,18:00-19:00,CWL-1,Cutting / Destroy,ST-4475 Vintage Wash,PO-77305,Vintage Indigo,400,365,11,2,,,
2026-09-20,19:00-20:00,CWL-1,Cutting / Destroy,ST-4475 Vintage Wash,PO-77305,Vintage Indigo,382,385,11,2,,,
2026-09-20,20:00-21:00,CWL-1,Cutting / Destroy,ST-4475 Vintage Wash,PO-77305,Vintage Indigo,341,326,4,5,,,
2026-09-20,21:00-22:00,CWL-1,Cutting / Destroy,ST-4475 Vintage Wash,PO-77305,Vintage Indigo,362,356,6,4,,,
2026-09-20,22:00-23:00,CWL-1,Cutting / Destroy,ST-4475 Vintage Wash,PO-77305,Vintage Indigo,328,328,8,3,,,
2026-09-20,23:00-00:00,CWL-1,Cutting / Destroy,ST-4475 Vintage Wash,PO-77305,Vintage Indigo,397,383,9,4,,,
2026-09-20,00:00-01:00,CWL-1,Cutting / Destroy,ST-4475 Vintage Wash,PO-77305,Vintage Indigo,255,259,3,3,,,
2026-09-20,01:00-02:00,CWL-1,Cutting / Destroy,ST-4475 Vintage Wash,PO-77305,Vintage Indigo,344,330,3,6,,,
2026-09-20,02:00-03:00,CWL-1,Cutting / Destroy,ST-4475 Vintage Wash,PO-77305,Vintage Indigo,412,382,8,3,,,
2026-09-20,03:00-04:00,CWL-1,Cutting / Destroy,ST-4475 Vintage Wash,PO-77305,Vintage Indigo,61,59,2,1,45,Waiting for input,
2026-09-20,04:00-05:00,CWL-1,Cutting / Destroy,ST-4475 Vintage Wash,PO-77305,Vintage Indigo,343,325,7,3,,,
2026-09-20,05:00-06:00,CWL-1,Cutting / Destroy,ST-4475 Vintage Wash,PO-77305,Vintage Indigo,353,340,8,5,,,
2026-09-20,06:00-07:00,CWL-1,Cutting / Destroy,ST-4475 Vintage Wash,PO-77305,Vintage Indigo,317,304,4,4,,,
2026-09-20,07:00-08:00,CWL-1,Cutting / Destroy,ST-4475 Vintage Wash,PO-77305,Vintage Indigo,352,343,7,6,,,
2026-09-20,08:00-09:00,CWL-1,Air Blowing,ST-5120 Acid Blast,PO-88010,Acid Black,299,294,5,6,,,
2026-09-20,09:00-10:00,CWL-1,Air Blowing,ST-5120 Acid Blast,PO-88010,Acid Black,409,379,7,5,,,
2026-09-20,10:00-11:00,CWL-1,Air Blowing,ST-5120 Acid Blast,PO-88010,Acid Black,465,423,4,5,,,
2026-09-20,11:00-12:00,CWL-1,Air Blowing,ST-5120 Acid Blast,PO-88010,Acid Black,388,387,9,8,,,
2026-09-20,12:00-13:00,CWL-1,Air Blowing,ST-5120 Acid Blast,PO-88010,Acid Black,376,357,5,7,,,
2026-09-20,13:00-14:00,CWL-1,Air Blowing,ST-5120 Acid Blast,PO-88010,Acid Black,360,341,6,2,,,
2026-09-20,14:00-15:00,CWL-1,Air Blowing,ST-5120 Acid Blast,PO-88010,Acid Black,373,364,7,7,,,
2026-09-20,15:00-16:00,CWL-1,Air Blowing,ST-5120 Acid Blast,PO-88010,Acid Black,414,419,6,6,,,
2026-09-20,16:00-17:00,CWL-1,Air Blowing,ST-3307 Twill Rinse,PO-66120,Khaki,61,62,1,1,45,Machine breakdown,
2026-09-20,17:00-18:00,CWL-1,Air Blowing,ST-3307 Twill Rinse,PO-66120,Khaki,418,392,7,2,,,
2026-09-20,18:00-19:00,CWL-1,Air Blowing,ST-3307 Twill Rinse,PO-66120,Khaki,424,397,6,2,,,
2026-09-20,19:00-20:00,CWL-1,Air Blowing,ST-3307 Twill Rinse,PO-66120,Khaki,422,405,7,4,,,
2026-09-20,20:00-21:00,CWL-1,Air Blowing,ST-3307 Twill Rinse,PO-66120,Khaki,419,390,5,3,,,
2026-09-20,21:00-22:00,CWL-1,Air Blowing,ST-3307 Twill Rinse,PO-66120,Khaki,366,372,10,6,,,
2026-09-20,22:00-23:00,CWL-1,Air Blowing,ST-3307 Twill Rinse,PO-66120,Khaki,378,384,11,6,,,
2026-09-20,23:00-00:00,CWL-1,Air Blowing,ST-3307 Twill Rinse,PO-66120,Khaki,369,337,6,6,,,
2026-09-20,00:00-01:00,CWL-1,Air Blowing,ST-4475 Vintage Wash,PO-77305,Vintage Indigo,318,290,8,1,,,
2026-09-20,01:00-02:00,CWL-1,Air Blowing,ST-4475 Vintage Wash,PO-77305,Vintage Indigo,357,358,9,2,,,
2026-09-20,02:00-03:00,CWL-1,Air Blowing,ST-4475 Vintage Wash,PO-77305,Vintage Indigo,347,349,7,2,,,
2026-09-20,03:00-04:00,CWL-1,Air Blowing,ST-4475 Vintage Wash,PO-77305,Vintage Indigo,398,397,7,7,,,
2026-09-20,04:00-05:00,CWL-1,Air Blowing,ST-4475 Vintage Wash,PO-77305,Vintage Indigo,406,413,6,2,,,
2026-09-20,05:00-06:00,CWL-1,Air Blowing,ST-4475 Vintage Wash,PO-77305,Vintage Indigo,422,392,9,4,,,
2026-09-20,06:00-07:00,CWL-1,Air Blowing,ST-4475 Vintage Wash,PO-77305,Vintage Indigo,455,437,5,5,,,
2026-09-20,07:00-08:00,CWL-1,Air Blowing,ST-4475 Vintage Wash,PO-77305,Vintage Indigo,345,338,8,6,,,
2026-09-20,08:00-09:00,CWL-1,PP Spray (Front & Back),ST-2285 Dye Black,PO-99040,Jet Black,837,831,20,12,,,
2026-09-20,09:00-10:00,CWL-1,PP Spray (Front & Back),ST-2285 Dye Black,PO-99040,Jet Black,120,111,3,2,15,Operator shortage,
2026-09-20,10:00-11:00,CWL-1,PP Spray (Front & Back),ST-2285 Dye Black,PO-99040,Jet Black,941,959,9,17,,,
2026-09-20,11:00-12:00,CWL-1,PP Spray (Front & Back),ST-2285 Dye Black,PO-99040,Jet Black,850,841,11,15,,,
2026-09-20,12:00-13:00,CWL-1,PP Spray (Front & Back),ST-2285 Dye Black,PO-99040,Jet Black,1049,970,15,6,,,
2026-09-20,13:00-14:00,CWL-1,PP Spray (Front & Back),ST-2285 Dye Black,PO-99040,Jet Black,953,962,27,7,,,
2026-09-20,14:00-15:00,CWL-1,PP Spray (Front & Back),ST-2285 Dye Black,PO-99040,Jet Black,986,927,21,10,,,
2026-09-20,15:00-16:00,CWL-1,PP Spray (Front & Back),ST-2285 Dye Black,PO-99040,Jet Black,962,950,15,17,,,
2026-09-20,16:00-17:00,CWL-1,PP Spray (Front & Back),ST-4430 Mid Blue,PO-77210,Mid Blue,827,753,11,5,,,
2026-09-20,17:00-18:00,CWL-1,PP Spray (Front & Back),ST-4430 Mid Blue,PO-77210,Mid Blue,888,872,21,11,,,
2026-09-20,18:00-19:00,CWL-1,PP Spray (Front & Back),ST-4430 Mid Blue,PO-77210,Mid Blue,956,936,27,4,,,
2026-09-20,19:00-20:00,CWL-1,PP Spray (Front & Back),ST-4430 Mid Blue,PO-77210,Mid Blue,806,815,22,14,,,
2026-09-20,20:00-21:00,CWL-1,PP Spray (Front & Back),ST-4430 Mid Blue,PO-77210,Mid Blue,797,773,8,7,,,
2026-09-20,21:00-22:00,CWL-1,PP Spray (Front & Back),ST-4430 Mid Blue,PO-77210,Mid Blue,1022,980,23,10,,,
2026-09-20,22:00-23:00,CWL-1,PP Spray (Front & Back),ST-4430 Mid Blue,PO-77210,Mid Blue,943,871,25,7,,,
2026-09-20,23:00-00:00,CWL-1,PP Spray (Front & Back),ST-4430 Mid Blue,PO-77210,Mid Blue,1056,1002,15,16,,,
2026-09-20,00:00-01:00,CWL-1,PP Spray (Front & Back),ST-4430 Mid Blue,PO-77210,Mid Blue,160,146,4,2,15,Operator shortage,
2026-09-20,01:00-02:00,CWL-1,PP Spray (Front & Back),ST-4430 Mid Blue,PO-77210,Mid Blue,982,987,12,17,,,
2026-09-20,02:00-03:00,CWL-1,PP Spray (Front & Back),ST-4430 Mid Blue,PO-77210,Mid Blue,833,786,13,11,,,
2026-09-20,03:00-04:00,CWL-1,PP Spray (Front & Back),ST-4430 Mid Blue,PO-77210,Mid Blue,861,870,17,5,,,
2026-09-20,04:00-05:00,CWL-1,PP Spray (Front & Back),ST-4430 Mid Blue,PO-77210,Mid Blue,959,922,9,14,,,
2026-09-20,05:00-06:00,CWL-1,PP Spray (Front & Back),ST-4430 Mid Blue,PO-77210,Mid Blue,920,844,7,7,,,
2026-09-20,06:00-07:00,CWL-1,PP Spray (Front & Back),ST-4430 Mid Blue,PO-77210,Mid Blue,864,805,24,8,,,
2026-09-20,07:00-08:00,CWL-1,PP Spray (Front & Back),ST-4430 Mid Blue,PO-77210,Mid Blue,863,788,18,5,,,
2026-09-20,08:00-09:00,CWL-1,Allover PP Spray,ST-5120 Acid Blast,PO-88010,Acid Black,47,45,1,0,15,Quality hold,
2026-09-20,09:00-10:00,CWL-1,Allover PP Spray,ST-5120 Acid Blast,PO-88010,Acid Black,341,318,6,4,,,
2026-09-20,10:00-11:00,CWL-1,Allover PP Spray,ST-5120 Acid Blast,PO-88010,Acid Black,364,337,9,5,,,
2026-09-20,11:00-12:00,CWL-1,Allover PP Spray,ST-5120 Acid Blast,PO-88010,Acid Black,367,335,4,4,,,
2026-09-20,12:00-13:00,CWL-1,Allover PP Spray,ST-5120 Acid Blast,PO-88010,Acid Black,376,349,7,2,,,
2026-09-20,13:00-14:00,CWL-1,Allover PP Spray,ST-5120 Acid Blast,PO-88010,Acid Black,312,300,8,5,,,
2026-09-20,14:00-15:00,CWL-1,Allover PP Spray,ST-5120 Acid Blast,PO-88010,Acid Black,306,296,6,2,,,
2026-09-20,15:00-16:00,CWL-1,Allover PP Spray,ST-5120 Acid Blast,PO-88010,Acid Black,358,344,5,5,,,
2026-09-20,16:00-17:00,CWL-1,Allover PP Spray,ST-3307 Twill Rinse,PO-66120,Khaki,257,254,5,5,,,
2026-09-20,17:00-18:00,CWL-1,Allover PP Spray,ST-3307 Twill Rinse,PO-66120,Khaki,344,328,9,2,,,
2026-09-20,18:00-19:00,CWL-1,Allover PP Spray,ST-3307 Twill Rinse,PO-66120,Khaki,327,332,6,4,,,
2026-09-20,19:00-20:00,CWL-1,Allover PP Spray,ST-3307 Twill Rinse,PO-66120,Khaki,316,315,6,4,,,
2026-09-20,20:00-21:00,CWL-1,Allover PP Spray,ST-3307 Twill Rinse,PO-66120,Khaki,355,329,4,2,,,
2026-09-20,21:00-22:00,CWL-1,Allover PP Spray,ST-3307 Twill Rinse,PO-66120,Khaki,331,306,8,4,,,
2026-09-20,22:00-23:00,CWL-1,Allover PP Spray,ST-3307 Twill Rinse,PO-66120,Khaki,383,349,7,6,,,
2026-09-20,23:00-00:00,CWL-1,Allover PP Spray,ST-3307 Twill Rinse,PO-66120,Khaki,299,292,7,5,,,
2026-09-20,00:00-01:00,CWL-1,Allover PP Spray,ST-2285 Dye Black,PO-99040,Jet Black,337,307,8,3,,,
2026-09-20,01:00-02:00,CWL-1,Allover PP Spray,ST-2285 Dye Black,PO-99040,Jet Black,318,297,9,3,,,
2026-09-20,02:00-03:00,CWL-1,Allover PP Spray,ST-2285 Dye Black,PO-99040,Jet Black,345,347,3,4,,,
2026-09-20,03:00-04:00,CWL-1,Allover PP Spray,ST-2285 Dye Black,PO-99040,Jet Black,305,290,8,3,,,
2026-09-20,04:00-05:00,CWL-1,Allover PP Spray,ST-2285 Dye Black,PO-99040,Jet Black,364,335,5,4,,,
2026-09-20,05:00-06:00,CWL-1,Allover PP Spray,ST-2285 Dye Black,PO-99040,Jet Black,331,305,8,6,,,
2026-09-20,06:00-07:00,CWL-1,Allover PP Spray,ST-2285 Dye Black,PO-99040,Jet Black,324,299,5,4,,,
2026-09-20,07:00-08:00,CWL-1,Allover PP Spray,ST-2285 Dye Black,PO-99040,Jet Black,341,336,4,6,,,
2026-09-20,08:00-09:00,CWL-1,PP Rubbing,ST-5120 Acid Blast,PO-88010,Acid Black,165,150,2,3,,,
2026-09-20,09:00-10:00,CWL-1,PP Rubbing,ST-5120 Acid Blast,PO-88010,Acid Black,169,172,5,1,,,
2026-09-20,10:00-11:00,CWL-1,PP Rubbing,ST-5120 Acid Blast,PO-88010,Acid Black,175,177,5,2,,,
2026-09-20,11:00-12:00,CWL-1,PP Rubbing,ST-5120 Acid Blast,PO-88010,Acid Black,212,198,3,2,,,
2026-09-20,12:00-13:00,CWL-1,PP Rubbing,ST-5120 Acid Blast,PO-88010,Acid Black,228,213,5,2,,,
2026-09-20,13:00-14:00,CWL-1,PP Rubbing,ST-5120 Acid Blast,PO-88010,Acid Black,215,215,3,4,,,
2026-09-20,14:00-15:00,CWL-1,PP Rubbing,ST-5120 Acid Blast,PO-88010,Acid Black,219,211,5,1,,,
2026-09-20,15:00-16:00,CWL-1,PP Rubbing,ST-5120 Acid Blast,PO-88010,Acid Black,190,188,5,2,,,
2026-09-20,16:00-17:00,CWL-1,PP Rubbing,ST-4430 Mid Blue,PO-77210,Mid Blue,175,169,2,2,,,
2026-09-20,17:00-18:00,CWL-1,PP Rubbing,ST-4430 Mid Blue,PO-77210,Mid Blue,210,207,6,3,,,
2026-09-20,18:00-19:00,CWL-1,PP Rubbing,ST-4430 Mid Blue,PO-77210,Mid Blue,226,215,4,3,,,
2026-09-20,19:00-20:00,CWL-1,PP Rubbing,ST-4430 Mid Blue,PO-77210,Mid Blue,176,168,4,2,,,
2026-09-20,20:00-21:00,CWL-1,PP Rubbing,ST-4430 Mid Blue,PO-77210,Mid Blue,181,165,3,3,,,
2026-09-20,21:00-22:00,CWL-1,PP Rubbing,ST-4430 Mid Blue,PO-77210,Mid Blue,226,211,3,1,,,
2026-09-20,22:00-23:00,CWL-1,PP Rubbing,ST-4430 Mid Blue,PO-77210,Mid Blue,200,184,4,3,,,
2026-09-20,23:00-00:00,CWL-1,PP Rubbing,ST-4430 Mid Blue,PO-77210,Mid Blue,11,11,0,0,45,Machine breakdown,
2026-09-20,00:00-01:00,CWL-1,PP Rubbing,ST-4430 Mid Blue,PO-77210,Mid Blue,185,171,5,2,,,
2026-09-20,01:00-02:00,CWL-1,PP Rubbing,ST-4430 Mid Blue,PO-77210,Mid Blue,170,166,4,1,,,
2026-09-20,02:00-03:00,CWL-1,PP Rubbing,ST-4430 Mid Blue,PO-77210,Mid Blue,193,189,2,1,,,
2026-09-20,03:00-04:00,CWL-1,PP Rubbing,ST-4430 Mid Blue,PO-77210,Mid Blue,223,214,4,2,,,
2026-09-20,04:00-05:00,CWL-1,PP Rubbing,ST-4430 Mid Blue,PO-77210,Mid Blue,181,182,3,3,,,
2026-09-20,05:00-06:00,CWL-1,PP Rubbing,ST-4430 Mid Blue,PO-77210,Mid Blue,229,215,2,2,,,
2026-09-20,06:00-07:00,CWL-1,PP Rubbing,ST-4430 Mid Blue,PO-77210,Mid Blue,201,205,5,2,,,
2026-09-20,07:00-08:00,CWL-1,PP Rubbing,ST-4430 Mid Blue,PO-77210,Mid Blue,192,181,2,4,,,
2026-09-20,08:00-09:00,CWL-1,Machine 3D,ST-3307 Twill Rinse,PO-66120,Khaki,223,223,5,4,,,
2026-09-20,09:00-10:00,CWL-1,Machine 3D,ST-3307 Twill Rinse,PO-66120,Khaki,321,293,5,4,,,
2026-09-20,10:00-11:00,CWL-1,Machine 3D,ST-3307 Twill Rinse,PO-66120,Khaki,249,254,6,3,,,
2026-09-20,11:00-12:00,CWL-1,Machine 3D,ST-3307 Twill Rinse,PO-66120,Khaki,289,265,3,5,,,
2026-09-20,12:00-13:00,CWL-1,Machine 3D,ST-3307 Twill Rinse,PO-66120,Khaki,348,320,9,4,,,
2026-09-20,13:00-14:00,CWL-1,Machine 3D,ST-3307 Twill Rinse,PO-66120,Khaki,308,311,4,2,,,
2026-09-20,14:00-15:00,CWL-1,Machine 3D,ST-3307 Twill Rinse,PO-66120,Khaki,283,283,4,5,,,
2026-09-20,15:00-16:00,CWL-1,Machine 3D,ST-3307 Twill Rinse,PO-66120,Khaki,303,297,7,6,,,
2026-09-20,16:00-17:00,CWL-1,Machine 3D,ST-4430 Mid Blue,PO-77210,Mid Blue,260,250,3,4,,,
2026-09-20,17:00-18:00,CWL-1,Machine 3D,ST-4430 Mid Blue,PO-77210,Mid Blue,258,259,6,3,,,
2026-09-20,18:00-19:00,CWL-1,Machine 3D,ST-4430 Mid Blue,PO-77210,Mid Blue,310,304,3,5,,,
2026-09-20,19:00-20:00,CWL-1,Machine 3D,ST-4430 Mid Blue,PO-77210,Mid Blue,286,275,8,2,,,
2026-09-20,20:00-21:00,CWL-1,Machine 3D,ST-4430 Mid Blue,PO-77210,Mid Blue,275,270,4,4,,,
2026-09-20,21:00-22:00,CWL-1,Machine 3D,ST-4430 Mid Blue,PO-77210,Mid Blue,311,283,6,2,,,
2026-09-20,22:00-23:00,CWL-1,Machine 3D,ST-4430 Mid Blue,PO-77210,Mid Blue,316,302,5,3,,,
2026-09-20,23:00-00:00,CWL-1,Machine 3D,ST-4430 Mid Blue,PO-77210,Mid Blue,293,286,3,4,,,
2026-09-20,00:00-01:00,CWL-1,Machine 3D,ST-4430 Mid Blue,PO-77210,Mid Blue,277,271,6,2,,,
2026-09-20,01:00-02:00,CWL-1,Machine 3D,ST-4430 Mid Blue,PO-77210,Mid Blue,350,320,6,5,,,
2026-09-20,02:00-03:00,CWL-1,Machine 3D,ST-4430 Mid Blue,PO-77210,Mid Blue,319,325,9,6,,,
2026-09-20,03:00-04:00,CWL-1,Machine 3D,ST-4430 Mid Blue,PO-77210,Mid Blue,295,284,3,2,,,
2026-09-20,04:00-05:00,CWL-1,Machine 3D,ST-4430 Mid Blue,PO-77210,Mid Blue,53,50,1,1,15,Waiting for input,
2026-09-20,05:00-06:00,CWL-1,Machine 3D,ST-4430 Mid Blue,PO-77210,Mid Blue,13,13,0,0,45,Changeover / setup,
2026-09-20,06:00-07:00,CWL-1,Machine 3D,ST-4430 Mid Blue,PO-77210,Mid Blue,286,286,5,6,,,
2026-09-20,07:00-08:00,CWL-1,Machine 3D,ST-4430 Mid Blue,PO-77210,Mid Blue,305,303,4,2,,,
2026-09-20,08:00-09:00,CWL-1,Iron 3D,ST-2285 Dye Black,PO-99040,Jet Black,256,250,5,2,,,
2026-09-20,09:00-10:00,CWL-1,Iron 3D,ST-2285 Dye Black,PO-99040,Jet Black,321,298,6,3,,,
2026-09-20,10:00-11:00,CWL-1,Iron 3D,ST-2285 Dye Black,PO-99040,Jet Black,248,235,4,5,,,
2026-09-20,11:00-12:00,CWL-1,Iron 3D,ST-2285 Dye Black,PO-99040,Jet Black,273,254,4,3,,,
2026-09-20,12:00-13:00,CWL-1,Iron 3D,ST-2285 Dye Black,PO-99040,Jet Black,328,301,8,2,,,
2026-09-20,13:00-14:00,CWL-1,Iron 3D,ST-2285 Dye Black,PO-99040,Jet Black,281,264,4,2,,,
2026-09-20,14:00-15:00,CWL-1,Iron 3D,ST-2285 Dye Black,PO-99040,Jet Black,252,254,3,4,,,
2026-09-20,15:00-16:00,CWL-1,Iron 3D,ST-2285 Dye Black,PO-99040,Jet Black,308,299,9,4,,,
2026-09-20,16:00-17:00,CWL-1,Iron 3D,ST-3307 Twill Rinse,PO-66120,Khaki,247,229,2,2,,,
2026-09-20,17:00-18:00,CWL-1,Iron 3D,ST-3307 Twill Rinse,PO-66120,Khaki,271,253,6,4,,,
2026-09-20,18:00-19:00,CWL-1,Iron 3D,ST-3307 Twill Rinse,PO-66120,Khaki,249,230,5,3,,,
2026-09-20,19:00-20:00,CWL-1,Iron 3D,ST-3307 Twill Rinse,PO-66120,Khaki,11,10,0,0,45,Changeover / setup,
2026-09-20,20:00-21:00,CWL-1,Iron 3D,ST-3307 Twill Rinse,PO-66120,Khaki,96,97,2,2,15,Waiting for input,
2026-09-20,21:00-22:00,CWL-1,Iron 3D,ST-3307 Twill Rinse,PO-66120,Khaki,309,284,7,5,,,
2026-09-20,22:00-23:00,CWL-1,Iron 3D,ST-3307 Twill Rinse,PO-66120,Khaki,123,114,2,2,45,Other,
2026-09-20,23:00-00:00,CWL-1,Iron 3D,ST-3307 Twill Rinse,PO-66120,Khaki,266,263,6,2,,,
2026-09-20,00:00-01:00,CWL-1,Iron 3D,ST-4430 Mid Blue,PO-77210,Mid Blue,206,198,5,3,,,
2026-09-20,01:00-02:00,CWL-1,Iron 3D,ST-4430 Mid Blue,PO-77210,Mid Blue,315,286,5,2,,,
2026-09-20,02:00-03:00,CWL-1,Iron 3D,ST-4430 Mid Blue,PO-77210,Mid Blue,274,270,8,5,,,
2026-09-20,03:00-04:00,CWL-1,Iron 3D,ST-4430 Mid Blue,PO-77210,Mid Blue,275,254,2,5,,,
2026-09-20,04:00-05:00,CWL-1,Iron 3D,ST-4430 Mid Blue,PO-77210,Mid Blue,267,269,6,3,,,
2026-09-20,05:00-06:00,CWL-1,Iron 3D,ST-4430 Mid Blue,PO-77210,Mid Blue,252,253,2,4,,,
2026-09-20,06:00-07:00,CWL-1,Iron 3D,ST-4430 Mid Blue,PO-77210,Mid Blue,301,280,5,2,,,
2026-09-20,07:00-08:00,CWL-1,Iron 3D,ST-4430 Mid Blue,PO-77210,Mid Blue,283,275,4,3,,,
2026-09-21,08:00-09:00,CWL-1,Laser Whisker,ST-3350 Twill Garment Dye,PO-66180,Olive,1,1,0,0,15,Operator shortage,
2026-09-21,09:00-10:00,CWL-1,Laser Whisker,ST-3350 Twill Garment Dye,PO-66180,Olive,29,27,1,0,,,
2026-09-21,10:00-11:00,CWL-1,Laser Whisker,ST-3350 Twill Garment Dye,PO-66180,Olive,28,27,1,0,,,
2026-09-21,11:00-12:00,CWL-1,Laser Whisker,ST-3350 Twill Garment Dye,PO-66180,Olive,33,30,0,0,,,
2026-09-21,12:00-13:00,CWL-1,Laser Whisker,ST-3350 Twill Garment Dye,PO-66180,Olive,31,29,1,1,,,
2026-09-21,13:00-14:00,CWL-1,Laser Whisker,ST-3350 Twill Garment Dye,PO-66180,Olive,27,27,0,0,,,
2026-09-21,14:00-15:00,CWL-1,Laser Whisker,ST-3350 Twill Garment Dye,PO-66180,Olive,32,30,1,0,,,
2026-09-21,15:00-16:00,CWL-1,Laser Whisker,ST-3350 Twill Garment Dye,PO-66180,Olive,30,28,0,1,,,
2026-09-21,16:00-17:00,CWL-1,Laser Whisker,ST-5120 Acid Blast,PO-88010,Acid Black,24,23,1,0,,,
2026-09-21,17:00-18:00,CWL-1,Laser Whisker,ST-5120 Acid Blast,PO-88010,Acid Black,33,31,1,1,,,
2026-09-21,18:00-19:00,CWL-1,Laser Whisker,ST-5120 Acid Blast,PO-88010,Acid Black,37,34,1,1,,,
2026-09-21,19:00-20:00,CWL-1,Laser Whisker,ST-5120 Acid Blast,PO-88010,Acid Black,30,29,1,0,,,
2026-09-21,20:00-21:00,CWL-1,Laser Whisker,ST-5120 Acid Blast,PO-88010,Acid Black,32,32,1,1,,,
2026-09-21,21:00-22:00,CWL-1,Laser Whisker,ST-5120 Acid Blast,PO-88010,Acid Black,37,34,0,0,,,
2026-09-21,22:00-23:00,CWL-1,Laser Whisker,ST-5120 Acid Blast,PO-88010,Acid Black,26,27,0,1,,,
2026-09-21,23:00-00:00,CWL-1,Laser Whisker,ST-5120 Acid Blast,PO-88010,Acid Black,31,31,0,1,,,
2026-09-21,00:00-01:00,CWL-1,Laser Whisker,ST-2285 Dye Black,PO-99040,Jet Black,26,24,0,1,,,
2026-09-21,01:00-02:00,CWL-1,Laser Whisker,ST-2285 Dye Black,PO-99040,Jet Black,30,29,0,0,,,
2026-09-21,02:00-03:00,CWL-1,Laser Whisker,ST-2285 Dye Black,PO-99040,Jet Black,29,27,1,0,,,
2026-09-21,03:00-04:00,CWL-1,Laser Whisker,ST-2285 Dye Black,PO-99040,Jet Black,31,29,0,0,,,
2026-09-21,04:00-05:00,CWL-1,Laser Whisker,ST-2285 Dye Black,PO-99040,Jet Black,34,31,1,0,,,
2026-09-21,05:00-06:00,CWL-1,Laser Whisker,ST-2285 Dye Black,PO-99040,Jet Black,33,30,1,1,,,
2026-09-21,06:00-07:00,CWL-1,Laser Whisker,ST-2285 Dye Black,PO-99040,Jet Black,32,32,0,1,,,
2026-09-21,07:00-08:00,CWL-1,Laser Whisker,ST-2285 Dye Black,PO-99040,Jet Black,35,34,1,0,,,
2026-09-21,08:00-09:00,CWL-1,Laser Mark Destroy,ST-3350 Twill Garment Dye,PO-66180,Olive,83,78,2,0,,,
2026-09-21,09:00-10:00,CWL-1,Laser Mark Destroy,ST-3350 Twill Garment Dye,PO-66180,Olive,93,87,1,0,,,
2026-09-21,10:00-11:00,CWL-1,Laser Mark Destroy,ST-3350 Twill Garment Dye,PO-66180,Olive,92,88,0,1,,,
2026-09-21,11:00-12:00,CWL-1,Laser Mark Destroy,ST-3350 Twill Garment Dye,PO-66180,Olive,87,85,2,1,,,
2026-09-21,12:00-13:00,CWL-1,Laser Mark Destroy,ST-3350 Twill Garment Dye,PO-66180,Olive,97,89,2,1,,,
2026-09-21,13:00-14:00,CWL-1,Laser Mark Destroy,ST-3350 Twill Garment Dye,PO-66180,Olive,111,103,3,1,,,
2026-09-21,14:00-15:00,CWL-1,Laser Mark Destroy,ST-3350 Twill Garment Dye,PO-66180,Olive,94,91,3,2,,,
2026-09-21,15:00-16:00,CWL-1,Laser Mark Destroy,ST-3350 Twill Garment Dye,PO-66180,Olive,94,86,2,0,,,
2026-09-21,16:00-17:00,CWL-1,Laser Mark Destroy,ST-4475 Vintage Wash,PO-77305,Vintage Indigo,82,83,1,1,,,
2026-09-21,17:00-18:00,CWL-1,Laser Mark Destroy,ST-4475 Vintage Wash,PO-77305,Vintage Indigo,90,87,1,1,,,
2026-09-21,18:00-19:00,CWL-1,Laser Mark Destroy,ST-4475 Vintage Wash,PO-77305,Vintage Indigo,92,91,2,1,,,
2026-09-21,19:00-20:00,CWL-1,Laser Mark Destroy,ST-4475 Vintage Wash,PO-77305,Vintage Indigo,101,97,2,1,,,
2026-09-21,20:00-21:00,CWL-1,Laser Mark Destroy,ST-4475 Vintage Wash,PO-77305,Vintage Indigo,114,104,3,0,,,
2026-09-21,21:00-22:00,CWL-1,Laser Mark Destroy,ST-4475 Vintage Wash,PO-77305,Vintage Indigo,88,88,2,1,,,
2026-09-21,22:00-23:00,CWL-1,Laser Mark Destroy,ST-4475 Vintage Wash,PO-77305,Vintage Indigo,90,89,2,1,,,
2026-09-21,23:00-00:00,CWL-1,Laser Mark Destroy,ST-4475 Vintage Wash,PO-77305,Vintage Indigo,91,90,2,1,,,
2026-09-21,00:00-01:00,CWL-1,Laser Mark Destroy,ST-5120 Acid Blast,PO-88010,Acid Black,91,88,2,1,,,
2026-09-21,01:00-02:00,CWL-1,Laser Mark Destroy,ST-5120 Acid Blast,PO-88010,Acid Black,87,80,2,0,,,
2026-09-21,02:00-03:00,CWL-1,Laser Mark Destroy,ST-5120 Acid Blast,PO-88010,Acid Black,95,97,2,1,,,
2026-09-21,03:00-04:00,CWL-1,Laser Mark Destroy,ST-5120 Acid Blast,PO-88010,Acid Black,98,96,2,2,,,
2026-09-21,04:00-05:00,CWL-1,Laser Mark Destroy,ST-5120 Acid Blast,PO-88010,Acid Black,95,87,2,1,,,
2026-09-21,05:00-06:00,CWL-1,Laser Mark Destroy,ST-5120 Acid Blast,PO-88010,Acid Black,48,44,1,1,45,Waiting for input,
2026-09-21,06:00-07:00,CWL-1,Laser Mark Destroy,ST-5120 Acid Blast,PO-88010,Acid Black,110,101,3,2,,,
2026-09-21,07:00-08:00,CWL-1,Laser Mark Destroy,ST-5120 Acid Blast,PO-88010,Acid Black,99,100,2,2,,,
2026-09-21,08:00-09:00,CWL-1,Pattern Whisker,ST-3307 Twill Rinse,PO-66120,Khaki,1023,1034,12,9,,,
2026-09-21,09:00-10:00,CWL-1,Pattern Whisker,ST-3307 Twill Rinse,PO-66120,Khaki,1178,1091,31,15,,,
2026-09-21,10:00-11:00,CWL-1,Pattern Whisker,ST-3307 Twill Rinse,PO-66120,Khaki,1130,1083,9,6,,,
2026-09-21,11:00-12:00,CWL-1,Pattern Whisker,ST-3307 Twill Rinse,PO-66120,Khaki,1199,1100,10,9,,,
2026-09-21,12:00-13:00,CWL-1,Pattern Whisker,ST-3307 Twill Rinse,PO-66120,Khaki,1356,1276,11,17,,,
2026-09-21,13:00-14:00,CWL-1,Pattern Whisker,ST-3307 Twill Rinse,PO-66120,Khaki,1347,1262,33,23,,,
2026-09-21,14:00-15:00,CWL-1,Pattern Whisker,ST-3307 Twill Rinse,PO-66120,Khaki,1347,1370,27,21,,,
2026-09-21,15:00-16:00,CWL-1,Pattern Whisker,ST-3307 Twill Rinse,PO-66120,Khaki,1459,1365,14,27,,,
2026-09-21,16:00-17:00,CWL-1,Pattern Whisker,ST-3307 Twill Rinse,PO-66120,Khaki,1091,1008,20,15,,,
2026-09-21,17:00-18:00,CWL-1,Pattern Whisker,ST-3307 Twill Rinse,PO-66120,Khaki,1127,1132,15,12,,,
2026-09-21,18:00-19:00,CWL-1,Pattern Whisker,ST-3307 Twill Rinse,PO-66120,Khaki,1045,1065,23,20,,,
2026-09-21,19:00-20:00,CWL-1,Pattern Whisker,ST-3307 Twill Rinse,PO-66120,Khaki,1308,1198,36,9,,,
2026-09-21,20:00-21:00,CWL-1,Pattern Whisker,ST-3307 Twill Rinse,PO-66120,Khaki,513,521,8,9,15,Operator shortage,
2026-09-21,21:00-22:00,CWL-1,Pattern Whisker,ST-3307 Twill Rinse,PO-66120,Khaki,1199,1176,19,17,,,
2026-09-21,22:00-23:00,CWL-1,Pattern Whisker,ST-3307 Twill Rinse,PO-66120,Khaki,1441,1337,27,14,,,
2026-09-21,23:00-00:00,CWL-1,Pattern Whisker,ST-3307 Twill Rinse,PO-66120,Khaki,1177,1141,22,13,,,
2026-09-21,00:00-01:00,CWL-1,Pattern Whisker,ST-4412 Dark Stone,PO-77101,Dark Blue,1229,1139,12,15,,,
2026-09-21,01:00-02:00,CWL-1,Pattern Whisker,ST-4412 Dark Stone,PO-77101,Dark Blue,1100,1110,12,16,,,
2026-09-21,02:00-03:00,CWL-1,Pattern Whisker,ST-4412 Dark Stone,PO-77101,Dark Blue,1365,1297,16,18,,,
2026-09-21,03:00-04:00,CWL-1,Pattern Whisker,ST-4412 Dark Stone,PO-77101,Dark Blue,1452,1324,37,24,,,
2026-09-21,04:00-05:00,CWL-1,Pattern Whisker,ST-4412 Dark Stone,PO-77101,Dark Blue,1351,1255,11,25,,,
2026-09-21,05:00-06:00,CWL-1,Pattern Whisker,ST-4412 Dark Stone,PO-77101,Dark Blue,1252,1144,21,19,,,
2026-09-21,06:00-07:00,CWL-1,Pattern Whisker,ST-4412 Dark Stone,PO-77101,Dark Blue,1224,1126,18,14,,,
2026-09-21,07:00-08:00,CWL-1,Pattern Whisker,ST-4412 Dark Stone,PO-77101,Dark Blue,1364,1256,19,7,,,
2026-09-21,08:00-09:00,CWL-1,Hand Sand (Front & Back),ST-4475 Vintage Wash,PO-77305,Vintage Indigo,549,543,8,6,,,
2026-09-21,09:00-10:00,CWL-1,Hand Sand (Front & Back),ST-4475 Vintage Wash,PO-77305,Vintage Indigo,560,569,14,7,,,
2026-09-21,10:00-11:00,CWL-1,Hand Sand (Front & Back),ST-4475 Vintage Wash,PO-77305,Vintage Indigo,657,634,12,8,,,
2026-09-21,11:00-12:00,CWL-1,Hand Sand (Front & Back),ST-4475 Vintage Wash,PO-77305,Vintage Indigo,635,614,11,6,,,
2026-09-21,12:00-13:00,CWL-1,Hand Sand (Front & Back),ST-4475 Vintage Wash,PO-77305,Vintage Indigo,210,206,4,3,45,Quality hold,
2026-09-21,13:00-14:00,CWL-1,Hand Sand (Front & Back),ST-4475 Vintage Wash,PO-77305,Vintage Indigo,675,615,13,5,,,
2026-09-21,14:00-15:00,CWL-1,Hand Sand (Front & Back),ST-4475 Vintage Wash,PO-77305,Vintage Indigo,575,529,11,10,,,
2026-09-21,15:00-16:00,CWL-1,Hand Sand (Front & Back),ST-4475 Vintage Wash,PO-77305,Vintage Indigo,583,569,16,8,,,
2026-09-21,16:00-17:00,CWL-1,Hand Sand (Front & Back),ST-4412 Dark Stone,PO-77101,Dark Blue,528,485,10,5,,,
2026-09-21,17:00-18:00,CWL-1,Hand Sand (Front & Back),ST-4412 Dark Stone,PO-77101,Dark Blue,632,613,12,12,,,
2026-09-21,18:00-19:00,CWL-1,Hand Sand (Front & Back),ST-4412 Dark Stone,PO-77101,Dark Blue,729,669,8,7,,,
2026-09-21,19:00-20:00,CWL-1,Hand Sand (Front & Back),ST-4412 Dark Stone,PO-77101,Dark Blue,557,561,5,9,,,
2026-09-21,20:00-21:00,CWL-1,Hand Sand (Front & Back),ST-4412 Dark Stone,PO-77101,Dark Blue,551,554,8,11,,,
2026-09-21,21:00-22:00,CWL-1,Hand Sand (Front & Back),ST-4412 Dark Stone,PO-77101,Dark Blue,602,558,7,7,,,
2026-09-21,22:00-23:00,CWL-1,Hand Sand (Front & Back),ST-4412 Dark Stone,PO-77101,Dark Blue,587,557,16,9,,,
2026-09-21,23:00-00:00,CWL-1,Hand Sand (Front & Back),ST-4412 Dark Stone,PO-77101,Dark Blue,683,627,16,9,,,
2026-09-21,00:00-01:00,CWL-1,Hand Sand (Front & Back),ST-2285 Dye Black,PO-99040,Jet Black,57,54,1,0,45,Operator shortage,
2026-09-21,01:00-02:00,CWL-1,Hand Sand (Front & Back),ST-2285 Dye Black,PO-99040,Jet Black,675,654,18,5,,,
2026-09-21,02:00-03:00,CWL-1,Hand Sand (Front & Back),ST-2285 Dye Black,PO-99040,Jet Black,511,510,5,5,,,
2026-09-21,03:00-04:00,CWL-1,Hand Sand (Front & Back),ST-2285 Dye Black,PO-99040,Jet Black,572,554,5,3,,,
2026-09-21,04:00-05:00,CWL-1,Hand Sand (Front & Back),ST-2285 Dye Black,PO-99040,Jet Black,698,636,19,5,,,
2026-09-21,05:00-06:00,CWL-1,Hand Sand (Front & Back),ST-2285 Dye Black,PO-99040,Jet Black,689,640,8,5,,,
2026-09-21,06:00-07:00,CWL-1,Hand Sand (Front & Back),ST-2285 Dye Black,PO-99040,Jet Black,541,547,15,4,,,
2026-09-21,07:00-08:00,CWL-1,Hand Sand (Front & Back),ST-2285 Dye Black,PO-99040,Jet Black,524,525,6,4,,,
2026-09-21,08:00-09:00,CWL-1,Allover Hand Sand,ST-4430 Mid Blue,PO-77210,Mid Blue,87,88,2,0,,,
2026-09-21,09:00-10:00,CWL-1,Allover Hand Sand,ST-4430 Mid Blue,PO-77210,Mid Blue,85,82,2,1,,,
2026-09-21,10:00-11:00,CWL-1,Allover Hand Sand,ST-4430 Mid Blue,PO-77210,Mid Blue,113,103,2,2,,,
2026-09-21,11:00-12:00,CWL-1,Allover Hand Sand,ST-4430 Mid Blue,PO-77210,Mid Blue,96,92,2,1,,,
2026-09-21,12:00-13:00,CWL-1,Allover Hand Sand,ST-4430 Mid Blue,PO-77210,Mid Blue,108,100,2,1,,,
2026-09-21,13:00-14:00,CWL-1,Allover Hand Sand,ST-4430 Mid Blue,PO-77210,Mid Blue,85,82,1,1,,,
2026-09-21,14:00-15:00,CWL-1,Allover Hand Sand,ST-4430 Mid Blue,PO-77210,Mid Blue,106,105,2,0,,,
2026-09-21,15:00-16:00,CWL-1,Allover Hand Sand,ST-4430 Mid Blue,PO-77210,Mid Blue,99,93,2,1,,,
2026-09-21,16:00-17:00,CWL-1,Allover Hand Sand,ST-3307 Twill Rinse,PO-66120,Khaki,86,85,2,1,,,
2026-09-21,17:00-18:00,CWL-1,Allover Hand Sand,ST-3307 Twill Rinse,PO-66120,Khaki,103,100,2,1,,,
2026-09-21,18:00-19:00,CWL-1,Allover Hand Sand,ST-3307 Twill Rinse,PO-66120,Khaki,90,84,2,1,,,
2026-09-21,19:00-20:00,CWL-1,Allover Hand Sand,ST-3307 Twill Rinse,PO-66120,Khaki,87,82,1,2,,,
2026-09-21,20:00-21:00,CWL-1,Allover Hand Sand,ST-3307 Twill Rinse,PO-66120,Khaki,92,86,1,2,,,
2026-09-21,21:00-22:00,CWL-1,Allover Hand Sand,ST-3307 Twill Rinse,PO-66120,Khaki,101,98,3,1,,,
2026-09-21,22:00-23:00,CWL-1,Allover Hand Sand,ST-3307 Twill Rinse,PO-66120,Khaki,83,81,2,1,,,
2026-09-21,23:00-00:00,CWL-1,Allover Hand Sand,ST-3307 Twill Rinse,PO-66120,Khaki,101,94,2,1,,,
2026-09-21,00:00-01:00,CWL-1,Allover Hand Sand,ST-4475 Vintage Wash,PO-77305,Vintage Indigo,83,82,1,1,,,
2026-09-21,01:00-02:00,CWL-1,Allover Hand Sand,ST-4475 Vintage Wash,PO-77305,Vintage Indigo,105,96,2,2,,,
2026-09-21,02:00-03:00,CWL-1,Allover Hand Sand,ST-4475 Vintage Wash,PO-77305,Vintage Indigo,105,96,3,1,,,
2026-09-21,03:00-04:00,CWL-1,Allover Hand Sand,ST-4475 Vintage Wash,PO-77305,Vintage Indigo,108,101,2,2,,,
2026-09-21,04:00-05:00,CWL-1,Allover Hand Sand,ST-4475 Vintage Wash,PO-77305,Vintage Indigo,94,90,2,1,,,
2026-09-21,05:00-06:00,CWL-1,Allover Hand Sand,ST-4475 Vintage Wash,PO-77305,Vintage Indigo,99,92,2,1,,,
2026-09-21,06:00-07:00,CWL-1,Allover Hand Sand,ST-4475 Vintage Wash,PO-77305,Vintage Indigo,92,86,3,0,,,
2026-09-21,07:00-08:00,CWL-1,Allover Hand Sand,ST-4475 Vintage Wash,PO-77305,Vintage Indigo,103,96,3,2,,,
2026-09-21,08:00-09:00,CWL-1,Tagging,ST-4412 Dark Stone,PO-77101,Dark Blue,656,598,17,8,,,
2026-09-21,09:00-10:00,CWL-1,Tagging,ST-4412 Dark Stone,PO-77101,Dark Blue,705,703,7,7,,,
2026-09-21,10:00-11:00,CWL-1,Tagging,ST-4412 Dark Stone,PO-77101,Dark Blue,813,764,11,14,,,
2026-09-21,11:00-12:00,CWL-1,Tagging,ST-4412 Dark Stone,PO-77101,Dark Blue,817,787,11,14,,,
2026-09-21,12:00-13:00,CWL-1,Tagging,ST-4412 Dark Stone,PO-77101,Dark Blue,728,675,14,12,,,
2026-09-21,13:00-14:00,CWL-1,Tagging,ST-4412 Dark Stone,PO-77101,Dark Blue,810,801,22,8,,,
2026-09-21,14:00-15:00,CWL-1,Tagging,ST-4412 Dark Stone,PO-77101,Dark Blue,820,796,8,10,,,
2026-09-21,15:00-16:00,CWL-1,Tagging,ST-4412 Dark Stone,PO-77101,Dark Blue,867,793,15,10,,,
2026-09-21,16:00-17:00,CWL-1,Tagging,ST-2285 Dye Black,PO-99040,Jet Black,693,654,6,11,,,
2026-09-21,17:00-18:00,CWL-1,Tagging,ST-2285 Dye Black,PO-99040,Jet Black,809,758,8,9,,,
2026-09-21,18:00-19:00,CWL-1,Tagging,ST-2285 Dye Black,PO-99040,Jet Black,703,700,9,10,,,
2026-09-21,19:00-20:00,CWL-1,Tagging,ST-2285 Dye Black,PO-99040,Jet Black,824,817,15,7,,,
2026-09-21,20:00-21:00,CWL-1,Tagging,ST-2285 Dye Black,PO-99040,Jet Black,813,790,12,7,,,
2026-09-21,21:00-22:00,CWL-1,Tagging,ST-2285 Dye Black,PO-99040,Jet Black,846,819,10,11,,,
2026-09-21,22:00-23:00,CWL-1,Tagging,ST-2285 Dye Black,PO-99040,Jet Black,776,787,15,13,,,
2026-09-21,23:00-00:00,CWL-1,Tagging,ST-2285 Dye Black,PO-99040,Jet Black,719,727,11,11,,,
2026-09-21,00:00-01:00,CWL-1,Tagging,ST-2285 Dye Black,PO-99040,Jet Black,579,564,16,7,,,
2026-09-21,01:00-02:00,CWL-1,Tagging,ST-2285 Dye Black,PO-99040,Jet Black,664,662,10,11,,,
2026-09-21,02:00-03:00,CWL-1,Tagging,ST-2285 Dye Black,PO-99040,Jet Black,778,738,14,11,,,
2026-09-21,03:00-04:00,CWL-1,Tagging,ST-2285 Dye Black,PO-99040,Jet Black,868,811,10,14,,,
2026-09-21,04:00-05:00,CWL-1,Tagging,ST-2285 Dye Black,PO-99040,Jet Black,877,818,22,4,,,
2026-09-21,05:00-06:00,CWL-1,Tagging,ST-2285 Dye Black,PO-99040,Jet Black,827,816,18,12,,,
2026-09-21,06:00-07:00,CWL-1,Tagging,ST-2285 Dye Black,PO-99040,Jet Black,852,818,20,13,,,
2026-09-21,07:00-08:00,CWL-1,Tagging,ST-2285 Dye Black,PO-99040,Jet Black,855,795,17,14,,,
2026-09-21,08:00-09:00,CWL-1,Grinding,ST-4412 Dark Stone,PO-77101,Dark Blue,176,171,4,3,,,
2026-09-21,09:00-10:00,CWL-1,Grinding,ST-4412 Dark Stone,PO-77101,Dark Blue,229,219,2,3,,,
2026-09-21,10:00-11:00,CWL-1,Grinding,ST-4412 Dark Stone,PO-77101,Dark Blue,230,212,5,3,,,
2026-09-21,11:00-12:00,CWL-1,Grinding,ST-4412 Dark Stone,PO-77101,Dark Blue,217,214,4,4,,,
2026-09-21,12:00-13:00,CWL-1,Grinding,ST-4412 Dark Stone,PO-77101,Dark Blue,237,225,5,3,,,
2026-09-21,13:00-14:00,CWL-1,Grinding,ST-4412 Dark Stone,PO-77101,Dark Blue,60,60,1,1,15,Waiting for material,
2026-09-21,14:00-15:00,CWL-1,Grinding,ST-4412 Dark Stone,PO-77101,Dark Blue,265,248,2,3,,,
2026-09-21,15:00-16:00,CWL-1,Grinding,ST-4412 Dark Stone,PO-77101,Dark Blue,208,209,5,2,,,
2026-09-21,16:00-17:00,CWL-1,Grinding,ST-4412 Dark Stone,PO-77101,Dark Blue,39,37,1,0,15,Changeover / setup,
2026-09-21,17:00-18:00,CWL-1,Grinding,ST-4412 Dark Stone,PO-77101,Dark Blue,254,241,6,2,,,
2026-09-21,18:00-19:00,CWL-1,Grinding,ST-4412 Dark Stone,PO-77101,Dark Blue,225,206,4,4,,,
2026-09-21,19:00-20:00,CWL-1,Grinding,ST-4412 Dark Stone,PO-77101,Dark Blue,220,217,3,4,,,
2026-09-21,20:00-21:00,CWL-1,Grinding,ST-4412 Dark Stone,PO-77101,Dark Blue,212,210,4,2,,,
2026-09-21,21:00-22:00,CWL-1,Grinding,ST-4412 Dark Stone,PO-77101,Dark Blue,230,210,6,4,,,
2026-09-21,22:00-23:00,CWL-1,Grinding,ST-4412 Dark Stone,PO-77101,Dark Blue,260,253,5,3,,,
2026-09-21,23:00-00:00,CWL-1,Grinding,ST-4412 Dark Stone,PO-77101,Dark Blue,256,245,6,1,,,
2026-09-21,00:00-01:00,CWL-1,Grinding,ST-4475 Vintage Wash,PO-77305,Vintage Indigo,197,179,5,3,,,
2026-09-21,01:00-02:00,CWL-1,Grinding,ST-4475 Vintage Wash,PO-77305,Vintage Indigo,241,223,5,1,,,
2026-09-21,02:00-03:00,CWL-1,Grinding,ST-4475 Vintage Wash,PO-77305,Vintage Indigo,226,206,2,2,,,
2026-09-21,03:00-04:00,CWL-1,Grinding,ST-4475 Vintage Wash,PO-77305,Vintage Indigo,262,258,7,4,,,
2026-09-21,04:00-05:00,CWL-1,Grinding,ST-4475 Vintage Wash,PO-77305,Vintage Indigo,273,258,6,5,,,
2026-09-21,05:00-06:00,CWL-1,Grinding,ST-4475 Vintage Wash,PO-77305,Vintage Indigo,252,243,3,4,,,
2026-09-21,06:00-07:00,CWL-1,Grinding,ST-4475 Vintage Wash,PO-77305,Vintage Indigo,269,250,7,5,,,
2026-09-21,07:00-08:00,CWL-1,Grinding,ST-4475 Vintage Wash,PO-77305,Vintage Indigo,272,250,6,3,,,
2026-09-21,08:00-09:00,CWL-1,Destruction,ST-3307 Twill Rinse,PO-66120,Khaki,154,147,2,1,,,
2026-09-21,09:00-10:00,CWL-1,Destruction,ST-3307 Twill Rinse,PO-66120,Khaki,155,156,4,3,,,
2026-09-21,10:00-11:00,CWL-1,Destruction,ST-3307 Twill Rinse,PO-66120,Khaki,160,155,3,2,,,
2026-09-21,11:00-12:00,CWL-1,Destruction,ST-3307 Twill Rinse,PO-66120,Khaki,192,186,3,2,,,
2026-09-21,12:00-13:00,CWL-1,Destruction,ST-3307 Twill Rinse,PO-66120,Khaki,167,170,3,3,,,
2026-09-21,13:00-14:00,CWL-1,Destruction,ST-3307 Twill Rinse,PO-66120,Khaki,215,197,2,2,,,
2026-09-21,14:00-15:00,CWL-1,Destruction,ST-3307 Twill Rinse,PO-66120,Khaki,168,157,2,1,,,
2026-09-21,15:00-16:00,CWL-1,Destruction,ST-3307 Twill Rinse,PO-66120,Khaki,197,189,6,1,,,
2026-09-21,16:00-17:00,CWL-1,Destruction,ST-4430 Mid Blue,PO-77210,Mid Blue,142,135,1,1,,,
2026-09-21,17:00-18:00,CWL-1,Destruction,ST-4430 Mid Blue,PO-77210,Mid Blue,196,187,5,3,,,
2026-09-21,18:00-19:00,CWL-1,Destruction,ST-4430 Mid Blue,PO-77210,Mid Blue,185,184,5,4,,,
2026-09-21,19:00-20:00,CWL-1,Destruction,ST-4430 Mid Blue,PO-77210,Mid Blue,185,172,3,2,,,
2026-09-21,20:00-21:00,CWL-1,Destruction,ST-4430 Mid Blue,PO-77210,Mid Blue,168,163,3,3,,,
2026-09-21,21:00-22:00,CWL-1,Destruction,ST-4430 Mid Blue,PO-77210,Mid Blue,196,195,4,2,,,
2026-09-21,22:00-23:00,CWL-1,Destruction,ST-4430 Mid Blue,PO-77210,Mid Blue,163,154,3,3,,,
2026-09-21,23:00-00:00,CWL-1,Destruction,ST-4430 Mid Blue,PO-77210,Mid Blue,215,199,3,4,,,
2026-09-21,00:00-01:00,CWL-1,Destruction,ST-3307 Twill Rinse,PO-66120,Khaki,154,146,4,3,,,
2026-09-21,01:00-02:00,CWL-1,Destruction,ST-3307 Twill Rinse,PO-66120,Khaki,213,198,6,1,,,
2026-09-21,02:00-03:00,CWL-1,Destruction,ST-3307 Twill Rinse,PO-66120,Khaki,163,152,4,3,,,
2026-09-21,03:00-04:00,CWL-1,Destruction,ST-3307 Twill Rinse,PO-66120,Khaki,206,198,3,4,,,
2026-09-21,04:00-05:00,CWL-1,Destruction,ST-3307 Twill Rinse,PO-66120,Khaki,197,196,2,2,,,
2026-09-21,05:00-06:00,CWL-1,Destruction,ST-3307 Twill Rinse,PO-66120,Khaki,180,177,6,1,,,
2026-09-21,06:00-07:00,CWL-1,Destruction,ST-3307 Twill Rinse,PO-66120,Khaki,182,179,3,2,,,
2026-09-21,07:00-08:00,CWL-1,Destruction,ST-3307 Twill Rinse,PO-66120,Khaki,191,193,4,1,,,
2026-09-21,08:00-09:00,CWL-1,Cutting / Destroy,ST-4475 Vintage Wash,PO-77305,Vintage Indigo,278,265,4,5,,,
2026-09-21,09:00-10:00,CWL-1,Cutting / Destroy,ST-4475 Vintage Wash,PO-77305,Vintage Indigo,386,357,7,4,,,
2026-09-21,10:00-11:00,CWL-1,Cutting / Destroy,ST-4475 Vintage Wash,PO-77305,Vintage Indigo,351,348,9,3,,,
2026-09-21,11:00-12:00,CWL-1,Cutting / Destroy,ST-4475 Vintage Wash,PO-77305,Vintage Indigo,342,337,9,6,,,
2026-09-21,12:00-13:00,CWL-1,Cutting / Destroy,ST-4475 Vintage Wash,PO-77305,Vintage Indigo,416,381,10,6,,,
2026-09-21,13:00-14:00,CWL-1,Cutting / Destroy,ST-4475 Vintage Wash,PO-77305,Vintage Indigo,321,302,5,5,,,
2026-09-21,14:00-15:00,CWL-1,Cutting / Destroy,ST-4475 Vintage Wash,PO-77305,Vintage Indigo,389,358,3,3,,,
2026-09-21,15:00-16:00,CWL-1,Cutting / Destroy,ST-4475 Vintage Wash,PO-77305,Vintage Indigo,339,325,8,4,,,
2026-09-21,16:00-17:00,CWL-1,Cutting / Destroy,ST-4430 Mid Blue,PO-77210,Mid Blue,341,326,5,3,,,
2026-09-21,17:00-18:00,CWL-1,Cutting / Destroy,ST-4430 Mid Blue,PO-77210,Mid Blue,353,353,10,5,,,
2026-09-21,18:00-19:00,CWL-1,Cutting / Destroy,ST-4430 Mid Blue,PO-77210,Mid Blue,393,364,9,3,,,
2026-09-21,19:00-20:00,CWL-1,Cutting / Destroy,ST-4430 Mid Blue,PO-77210,Mid Blue,317,310,3,2,,,
2026-09-21,20:00-21:00,CWL-1,Cutting / Destroy,ST-4430 Mid Blue,PO-77210,Mid Blue,359,342,10,5,,,
2026-09-21,21:00-22:00,CWL-1,Cutting / Destroy,ST-4430 Mid Blue,PO-77210,Mid Blue,361,330,9,4,,,
2026-09-21,22:00-23:00,CWL-1,Cutting / Destroy,ST-4430 Mid Blue,PO-77210,Mid Blue,304,308,3,2,,,
2026-09-21,23:00-00:00,CWL-1,Cutting / Destroy,ST-4430 Mid Blue,PO-77210,Mid Blue,354,360,11,6,,,
2026-09-21,00:00-01:00,CWL-1,Cutting / Destroy,ST-4412 Dark Stone,PO-77101,Dark Blue,322,304,4,4,,,
2026-09-21,01:00-02:00,CWL-1,Cutting / Destroy,ST-4412 Dark Stone,PO-77101,Dark Blue,402,384,11,2,,,
2026-09-21,02:00-03:00,CWL-1,Cutting / Destroy,ST-4412 Dark Stone,PO-77101,Dark Blue,375,375,5,6,,,
2026-09-21,03:00-04:00,CWL-1,Cutting / Destroy,ST-4412 Dark Stone,PO-77101,Dark Blue,321,324,9,5,,,
2026-09-21,04:00-05:00,CWL-1,Cutting / Destroy,ST-4412 Dark Stone,PO-77101,Dark Blue,339,338,4,2,,,
2026-09-21,05:00-06:00,CWL-1,Cutting / Destroy,ST-4412 Dark Stone,PO-77101,Dark Blue,373,367,6,2,,,
2026-09-21,06:00-07:00,CWL-1,Cutting / Destroy,ST-4412 Dark Stone,PO-77101,Dark Blue,402,379,3,7,,,
2026-09-21,07:00-08:00,CWL-1,Cutting / Destroy,ST-4412 Dark Stone,PO-77101,Dark Blue,386,376,7,4,,,
2026-09-21,08:00-09:00,CWL-1,Air Blowing,ST-4412 Dark Stone,PO-77101,Dark Blue,316,297,3,4,,,
2026-09-21,09:00-10:00,CWL-1,Air Blowing,ST-4412 Dark Stone,PO-77101,Dark Blue,456,420,10,7,,,
2026-09-21,10:00-11:00,CWL-1,Air Blowing,ST-4412 Dark Stone,PO-77101,Dark Blue,346,337,9,4,,,
2026-09-21,11:00-12:00,CWL-1,Air Blowing,ST-4412 Dark Stone,PO-77101,Dark Blue,387,381,5,4,,,
2026-09-21,12:00-13:00,CWL-1,Air Blowing,ST-4412 Dark Stone,PO-77101,Dark Blue,364,356,3,3,,,
2026-09-21,13:00-14:00,CWL-1,Air Blowing,ST-4412 Dark Stone,PO-77101,Dark Blue,386,364,4,3,,,
2026-09-21,14:00-15:00,CWL-1,Air Blowing,ST-4412 Dark Stone,PO-77101,Dark Blue,353,346,7,4,,,
2026-09-21,15:00-16:00,CWL-1,Air Blowing,ST-4412 Dark Stone,PO-77101,Dark Blue,410,396,6,2,,,
2026-09-21,16:00-17:00,CWL-1,Air Blowing,ST-3307 Twill Rinse,PO-66120,Khaki,311,307,7,4,,,
2026-09-21,17:00-18:00,CWL-1,Air Blowing,ST-3307 Twill Rinse,PO-66120,Khaki,364,344,6,5,,,
2026-09-21,18:00-19:00,CWL-1,Air Blowing,ST-3307 Twill Rinse,PO-66120,Khaki,425,408,12,6,,,
2026-09-21,19:00-20:00,CWL-1,Air Blowing,ST-3307 Twill Rinse,PO-66120,Khaki,369,362,11,4,,,
2026-09-21,20:00-21:00,CWL-1,Air Blowing,ST-3307 Twill Rinse,PO-66120,Khaki,418,394,7,6,,,
2026-09-21,21:00-22:00,CWL-1,Air Blowing,ST-3307 Twill Rinse,PO-66120,Khaki,436,420,4,4,,,
2026-09-21,22:00-23:00,CWL-1,Air Blowing,ST-3307 Twill Rinse,PO-66120,Khaki,460,423,7,8,,,
2026-09-21,23:00-00:00,CWL-1,Air Blowing,ST-3307 Twill Rinse,PO-66120,Khaki,359,357,7,3,,,
2026-09-21,00:00-01:00,CWL-1,Air Blowing,ST-4412 Dark Stone,PO-77101,Dark Blue,388,373,4,7,,,
2026-09-21,01:00-02:00,CWL-1,Air Blowing,ST-4412 Dark Stone,PO-77101,Dark Blue,354,353,9,2,,,
2026-09-21,02:00-03:00,CWL-1,Air Blowing,ST-4412 Dark Stone,PO-77101,Dark Blue,419,391,7,3,,,
2026-09-21,03:00-04:00,CWL-1,Air Blowing,ST-4412 Dark Stone,PO-77101,Dark Blue,380,371,9,6,,,
2026-09-21,04:00-05:00,CWL-1,Air Blowing,ST-4412 Dark Stone,PO-77101,Dark Blue,358,347,4,6,,,
2026-09-21,05:00-06:00,CWL-1,Air Blowing,ST-4412 Dark Stone,PO-77101,Dark Blue,355,343,8,3,,,
2026-09-21,06:00-07:00,CWL-1,Air Blowing,ST-4412 Dark Stone,PO-77101,Dark Blue,345,345,10,5,,,
2026-09-21,07:00-08:00,CWL-1,Air Blowing,ST-4412 Dark Stone,PO-77101,Dark Blue,353,345,4,3,,,
2026-09-21,08:00-09:00,CWL-1,PP Spray (Front & Back),ST-4475 Vintage Wash,PO-77305,Vintage Indigo,155,154,2,1,45,Other,
2026-09-21,09:00-10:00,CWL-1,PP Spray (Front & Back),ST-4475 Vintage Wash,PO-77305,Vintage Indigo,1032,976,10,16,,,
2026-09-21,10:00-11:00,CWL-1,PP Spray (Front & Back),ST-4475 Vintage Wash,PO-77305,Vintage Indigo,890,868,8,13,,,
2026-09-21,11:00-12:00,CWL-1,PP Spray (Front & Back),ST-4475 Vintage Wash,PO-77305,Vintage Indigo,1045,996,24,17,,,
2026-09-21,12:00-13:00,CWL-1,PP Spray (Front & Back),ST-4475 Vintage Wash,PO-77305,Vintage Indigo,846,837,13,8,,,
2026-09-21,13:00-14:00,CWL-1,PP Spray (Front & Back),ST-4475 Vintage Wash,PO-77305,Vintage Indigo,1012,949,18,13,,,
2026-09-21,14:00-15:00,CWL-1,PP Spray (Front & Back),ST-4475 Vintage Wash,PO-77305,Vintage Indigo,883,888,18,15,,,
2026-09-21,15:00-16:00,CWL-1,PP Spray (Front & Back),ST-4475 Vintage Wash,PO-77305,Vintage Indigo,1063,974,21,10,,,
2026-09-21,16:00-17:00,CWL-1,PP Spray (Front & Back),ST-3307 Twill Rinse,PO-66120,Khaki,902,828,11,16,,,
2026-09-21,17:00-18:00,CWL-1,PP Spray (Front & Back),ST-3307 Twill Rinse,PO-66120,Khaki,890,865,10,8,,,
2026-09-21,18:00-19:00,CWL-1,PP Spray (Front & Back),ST-3307 Twill Rinse,PO-66120,Khaki,875,830,16,6,,,
2026-09-21,19:00-20:00,CWL-1,PP Spray (Front & Back),ST-3307 Twill Rinse,PO-66120,Khaki,885,881,25,11,,,
2026-09-21,20:00-21:00,CWL-1,PP Spray (Front & Back),ST-3307 Twill Rinse,PO-66120,Khaki,284,275,4,3,30,Changeover / setup,
2026-09-21,21:00-22:00,CWL-1,PP Spray (Front & Back),ST-3307 Twill Rinse,PO-66120,Khaki,882,883,12,12,,,
2026-09-21,22:00-23:00,CWL-1,PP Spray (Front & Back),ST-3307 Twill Rinse,PO-66120,Khaki,947,960,21,17,,,
2026-09-21,23:00-00:00,CWL-1,PP Spray (Front & Back),ST-3307 Twill Rinse,PO-66120,Khaki,1027,968,15,10,,,
2026-09-21,00:00-01:00,CWL-1,PP Spray (Front & Back),ST-3350 Twill Garment Dye,PO-66180,Olive,797,783,7,6,,,
2026-09-21,01:00-02:00,CWL-1,PP Spray (Front & Back),ST-3350 Twill Garment Dye,PO-66180,Olive,1025,953,9,4,,,
2026-09-21,02:00-03:00,CWL-1,PP Spray (Front & Back),ST-3350 Twill Garment Dye,PO-66180,Olive,1027,944,9,9,,,
2026-09-21,03:00-04:00,CWL-1,PP Spray (Front & Back),ST-3350 Twill Garment Dye,PO-66180,Olive,974,898,23,9,,,
2026-09-21,04:00-05:00,CWL-1,PP Spray (Front & Back),ST-3350 Twill Garment Dye,PO-66180,Olive,1016,930,18,9,,,
2026-09-21,05:00-06:00,CWL-1,PP Spray (Front & Back),ST-3350 Twill Garment Dye,PO-66180,Olive,930,871,20,8,,,
2026-09-21,06:00-07:00,CWL-1,PP Spray (Front & Back),ST-3350 Twill Garment Dye,PO-66180,Olive,985,960,29,14,,,
2026-09-21,07:00-08:00,CWL-1,PP Spray (Front & Back),ST-3350 Twill Garment Dye,PO-66180,Olive,986,996,24,14,,,
2026-09-21,08:00-09:00,CWL-1,Allover PP Spray,ST-3350 Twill Garment Dye,PO-66180,Olive,264,242,2,4,,,
2026-09-21,09:00-10:00,CWL-1,Allover PP Spray,ST-3350 Twill Garment Dye,PO-66180,Olive,352,329,10,6,,,
2026-09-21,10:00-11:00,CWL-1,Allover PP Spray,ST-3350 Twill Garment Dye,PO-66180,Olive,364,340,8,6,,,
2026-09-21,11:00-12:00,CWL-1,Allover PP Spray,ST-3350 Twill Garment Dye,PO-66180,Olive,368,337,2,4,,,
2026-09-21,12:00-13:00,CWL-1,Allover PP Spray,ST-3350 Twill Garment Dye,PO-66180,Olive,384,352,8,6,,,
2026-09-21,13:00-14:00,CWL-1,Allover PP Spray,ST-3350 Twill Garment Dye,PO-66180,Olive,338,329,6,6,,,
2026-09-21,14:00-15:00,CWL-1,Allover PP Spray,ST-3350 Twill Garment Dye,PO-66180,Olive,324,301,8,4,,,
2026-09-21,15:00-16:00,CWL-1,Allover PP Spray,ST-3350 Twill Garment Dye,PO-66180,Olive,381,348,8,4,,,
2026-09-21,16:00-17:00,CWL-1,Allover PP Spray,ST-4475 Vintage Wash,PO-77305,Vintage Indigo,315,290,8,5,,,
2026-09-21,17:00-18:00,CWL-1,Allover PP Spray,ST-4475 Vintage Wash,PO-77305,Vintage Indigo,321,320,3,6,,,
2026-09-21,18:00-19:00,CWL-1,Allover PP Spray,ST-4475 Vintage Wash,PO-77305,Vintage Indigo,356,344,10,5,,,
2026-09-21,19:00-20:00,CWL-1,Allover PP Spray,ST-4475 Vintage Wash,PO-77305,Vintage Indigo,312,314,7,2,,,
2026-09-21,20:00-21:00,CWL-1,Allover PP Spray,ST-4475 Vintage Wash,PO-77305,Vintage Indigo,370,364,7,7,,,
2026-09-21,21:00-22:00,CWL-1,Allover PP Spray,ST-4475 Vintage Wash,PO-77305,Vintage Indigo,124,123,4,1,30,Power / utility,
2026-09-21,22:00-23:00,CWL-1,Allover PP Spray,ST-4475 Vintage Wash,PO-77305,Vintage Indigo,297,279,6,6,,,
2026-09-21,23:00-00:00,CWL-1,Allover PP Spray,ST-4475 Vintage Wash,PO-77305,Vintage Indigo,349,325,10,2,,,
2026-09-21,00:00-01:00,CWL-1,Allover PP Spray,ST-4430 Mid Blue,PO-77210,Mid Blue,253,250,2,2,,,
2026-09-21,01:00-02:00,CWL-1,Allover PP Spray,ST-4430 Mid Blue,PO-77210,Mid Blue,317,298,7,2,,,
2026-09-21,02:00-03:00,CWL-1,Allover PP Spray,ST-4430 Mid Blue,PO-77210,Mid Blue,349,319,7,3,,,
2026-09-21,03:00-04:00,CWL-1,Allover PP Spray,ST-4430 Mid Blue,PO-77210,Mid Blue,325,299,8,1,,,
2026-09-21,04:00-05:00,CWL-1,Allover PP Spray,ST-4430 Mid Blue,PO-77210,Mid Blue,363,342,9,4,,,
2026-09-21,05:00-06:00,CWL-1,Allover PP Spray,ST-4430 Mid Blue,PO-77210,Mid Blue,320,310,9,2,,,
2026-09-21,06:00-07:00,CWL-1,Allover PP Spray,ST-4430 Mid Blue,PO-77210,Mid Blue,367,336,5,3,,,
2026-09-21,07:00-08:00,CWL-1,Allover PP Spray,ST-4430 Mid Blue,PO-77210,Mid Blue,368,343,4,6,,,
2026-09-21,08:00-09:00,CWL-1,PP Rubbing,ST-3307 Twill Rinse,PO-66120,Khaki,178,179,5,3,,,
2026-09-21,09:00-10:00,CWL-1,PP Rubbing,ST-3307 Twill Rinse,PO-66120,Khaki,214,205,6,4,,,
2026-09-21,10:00-11:00,CWL-1,PP Rubbing,ST-3307 Twill Rinse,PO-66120,Khaki,171,172,4,3,,,
2026-09-21,11:00-12:00,CWL-1,PP Rubbing,ST-3307 Twill Rinse,PO-66120,Khaki,199,187,4,4,,,
2026-09-21,12:00-13:00,CWL-1,PP Rubbing,ST-3307 Twill Rinse,PO-66120,Khaki,194,180,4,3,,,
2026-09-21,13:00-14:00,CWL-1,PP Rubbing,ST-3307 Twill Rinse,PO-66120,Khaki,205,194,3,2,,,
2026-09-21,14:00-15:00,CWL-1,PP Rubbing,ST-3307 Twill Rinse,PO-66120,Khaki,212,194,6,3,,,
2026-09-21,15:00-16:00,CWL-1,PP Rubbing,ST-3307 Twill Rinse,PO-66120,Khaki,182,180,5,3,,,
2026-09-21,16:00-17:00,CWL-1,PP Rubbing,ST-4412 Dark Stone,PO-77101,Dark Blue,178,175,3,1,,,
2026-09-21,17:00-18:00,CWL-1,PP Rubbing,ST-4412 Dark Stone,PO-77101,Dark Blue,210,201,4,4,,,
2026-09-21,18:00-19:00,CWL-1,PP Rubbing,ST-4412 Dark Stone,PO-77101,Dark Blue,211,215,4,1,,,
2026-09-21,19:00-20:00,CWL-1,PP Rubbing,ST-4412 Dark Stone,PO-77101,Dark Blue,201,204,3,2,,,
2026-09-21,20:00-21:00,CWL-1,PP Rubbing,ST-4412 Dark Stone,PO-77101,Dark Blue,216,206,4,2,,,
2026-09-21,21:00-22:00,CWL-1,PP Rubbing,ST-4412 Dark Stone,PO-77101,Dark Blue,172,169,1,3,,,
2026-09-21,22:00-23:00,CWL-1,PP Rubbing,ST-4412 Dark Stone,PO-77101,Dark Blue,172,164,1,1,,,
2026-09-21,23:00-00:00,CWL-1,PP Rubbing,ST-4412 Dark Stone,PO-77101,Dark Blue,171,166,3,1,,,
2026-09-21,00:00-01:00,CWL-1,PP Rubbing,ST-4475 Vintage Wash,PO-77305,Vintage Indigo,188,181,4,3,,,
2026-09-21,01:00-02:00,CWL-1,PP Rubbing,ST-4475 Vintage Wash,PO-77305,Vintage Indigo,202,185,4,2,,,
2026-09-21,02:00-03:00,CWL-1,PP Rubbing,ST-4475 Vintage Wash,PO-77305,Vintage Indigo,172,170,5,1,,,
2026-09-21,03:00-04:00,CWL-1,PP Rubbing,ST-4475 Vintage Wash,PO-77305,Vintage Indigo,204,207,3,1,,,
2026-09-21,04:00-05:00,CWL-1,PP Rubbing,ST-4475 Vintage Wash,PO-77305,Vintage Indigo,225,215,6,3,,,
2026-09-21,05:00-06:00,CWL-1,PP Rubbing,ST-4475 Vintage Wash,PO-77305,Vintage Indigo,190,187,4,3,,,
2026-09-21,06:00-07:00,CWL-1,PP Rubbing,ST-4475 Vintage Wash,PO-77305,Vintage Indigo,195,186,4,2,,,
2026-09-21,07:00-08:00,CWL-1,PP Rubbing,ST-4475 Vintage Wash,PO-77305,Vintage Indigo,196,179,3,2,,,
2026-09-21,08:00-09:00,CWL-1,Machine 3D,ST-2285 Dye Black,PO-99040,Jet Black,255,235,4,2,,,
2026-09-21,09:00-10:00,CWL-1,Machine 3D,ST-2285 Dye Black,PO-99040,Jet Black,302,284,3,6,,,
2026-09-21,10:00-11:00,CWL-1,Machine 3D,ST-2285 Dye Black,PO-99040,Jet Black,271,264,6,4,,,
2026-09-21,11:00-12:00,CWL-1,Machine 3D,ST-2285 Dye Black,PO-99040,Jet Black,116,113,2,1,15,Waiting for material,
2026-09-21,12:00-13:00,CWL-1,Machine 3D,ST-2285 Dye Black,PO-99040,Jet Black,285,289,3,3,,,
2026-09-21,13:00-14:00,CWL-1,Machine 3D,ST-2285 Dye Black,PO-99040,Jet Black,275,254,3,2,,,
2026-09-21,14:00-15:00,CWL-1,Machine 3D,ST-2285 Dye Black,PO-99040,Jet Black,274,255,5,3,,,
2026-09-21,15:00-16:00,CWL-1,Machine 3D,ST-2285 Dye Black,PO-99040,Jet Black,284,263,5,3,,,
2026-09-21,16:00-17:00,CWL-1,Machine 3D,ST-4430 Mid Blue,PO-77210,Mid Blue,224,215,2,3,,,
2026-09-21,17:00-18:00,CWL-1,Machine 3D,ST-4430 Mid Blue,PO-77210,Mid Blue,346,326,6,4,,,
2026-09-21,18:00-19:00,CWL-1,Machine 3D,ST-4430 Mid Blue,PO-77210,Mid Blue,289,293,2,5,,,
2026-09-21,19:00-20:00,CWL-1,Machine 3D,ST-4430 Mid Blue,PO-77210,Mid Blue,289,276,6,4,,,
2026-09-21,20:00-21:00,CWL-1,Machine 3D,ST-4430 Mid Blue,PO-77210,Mid Blue,268,271,5,4,,,
2026-09-21,21:00-22:00,CWL-1,Machine 3D,ST-4430 Mid Blue,PO-77210,Mid Blue,294,299,8,2,,,
2026-09-21,22:00-23:00,CWL-1,Machine 3D,ST-4430 Mid Blue,PO-77210,Mid Blue,319,293,6,5,,,
2026-09-21,23:00-00:00,CWL-1,Machine 3D,ST-4430 Mid Blue,PO-77210,Mid Blue,283,273,5,1,,,
2026-09-21,00:00-01:00,CWL-1,Machine 3D,ST-3307 Twill Rinse,PO-66120,Khaki,257,253,6,4,,,
2026-09-21,01:00-02:00,CWL-1,Machine 3D,ST-3307 Twill Rinse,PO-66120,Khaki,334,306,9,6,,,
2026-09-21,02:00-03:00,CWL-1,Machine 3D,ST-3307 Twill Rinse,PO-66120,Khaki,330,321,9,4,,,
2026-09-21,03:00-04:00,CWL-1,Machine 3D,ST-3307 Twill Rinse,PO-66120,Khaki,347,317,8,2,,,
2026-09-21,04:00-05:00,CWL-1,Machine 3D,ST-3307 Twill Rinse,PO-66120,Khaki,64,64,1,1,15,Changeover / setup,
2026-09-21,05:00-06:00,CWL-1,Machine 3D,ST-3307 Twill Rinse,PO-66120,Khaki,298,290,5,5,,,
2026-09-21,06:00-07:00,CWL-1,Machine 3D,ST-3307 Twill Rinse,PO-66120,Khaki,253,253,4,3,,,
2026-09-21,07:00-08:00,CWL-1,Machine 3D,ST-3307 Twill Rinse,PO-66120,Khaki,268,261,5,3,,,
2026-09-21,08:00-09:00,CWL-1,Iron 3D,ST-4430 Mid Blue,PO-77210,Mid Blue,235,232,5,3,,,
2026-09-21,09:00-10:00,CWL-1,Iron 3D,ST-4430 Mid Blue,PO-77210,Mid Blue,298,272,8,4,,,
2026-09-21,10:00-11:00,CWL-1,Iron 3D,ST-4430 Mid Blue,PO-77210,Mid Blue,259,254,7,4,,,
2026-09-21,11:00-12:00,CWL-1,Iron 3D,ST-4430 Mid Blue,PO-77210,Mid Blue,328,298,6,5,,,
2026-09-21,12:00-13:00,CWL-1,Iron 3D,ST-4430 Mid Blue,PO-77210,Mid Blue,288,283,4,2,,,
2026-09-21,13:00-14:00,CWL-1,Iron 3D,ST-4430 Mid Blue,PO-77210,Mid Blue,297,297,9,2,,,
2026-09-21,14:00-15:00,CWL-1,Iron 3D,ST-4430 Mid Blue,PO-77210,Mid Blue,271,264,4,5,,,
2026-09-21,15:00-16:00,CWL-1,Iron 3D,ST-4430 Mid Blue,PO-77210,Mid Blue,257,236,5,2,,,
2026-09-21,16:00-17:00,CWL-1,Iron 3D,ST-2285 Dye Black,PO-99040,Jet Black,239,219,6,2,,,
2026-09-21,17:00-18:00,CWL-1,Iron 3D,ST-2285 Dye Black,PO-99040,Jet Black,265,248,6,4,,,
2026-09-21,18:00-19:00,CWL-1,Iron 3D,ST-2285 Dye Black,PO-99040,Jet Black,21,19,0,0,15,Power / utility,
2026-09-21,19:00-20:00,CWL-1,Iron 3D,ST-2285 Dye Black,PO-99040,Jet Black,311,295,3,3,,,
2026-09-21,20:00-21:00,CWL-1,Iron 3D,ST-2285 Dye Black,PO-99040,Jet Black,254,259,6,1,,,
2026-09-21,21:00-22:00,CWL-1,Iron 3D,ST-2285 Dye Black,PO-99040,Jet Black,284,262,6,3,,,
2026-09-21,22:00-23:00,CWL-1,Iron 3D,ST-2285 Dye Black,PO-99040,Jet Black,268,269,7,5,,,
2026-09-21,23:00-00:00,CWL-1,Iron 3D,ST-2285 Dye Black,PO-99040,Jet Black,106,105,2,2,15,Waiting for material,
2026-09-21,00:00-01:00,CWL-1,Iron 3D,ST-5120 Acid Blast,PO-88010,Acid Black,275,253,6,3,,,
2026-09-21,01:00-02:00,CWL-1,Iron 3D,ST-5120 Acid Blast,PO-88010,Acid Black,294,296,5,5,,,
2026-09-21,02:00-03:00,CWL-1,Iron 3D,ST-5120 Acid Blast,PO-88010,Acid Black,280,277,4,2,,,
2026-09-21,03:00-04:00,CWL-1,Iron 3D,ST-5120 Acid Blast,PO-88010,Acid Black,276,256,3,4,,,
2026-09-21,04:00-05:00,CWL-1,Iron 3D,ST-5120 Acid Blast,PO-88010,Acid Black,261,251,2,5,,,
2026-09-21,05:00-06:00,CWL-1,Iron 3D,ST-5120 Acid Blast,PO-88010,Acid Black,274,265,4,2,,,
2026-09-21,06:00-07:00,CWL-1,Iron 3D,ST-5120 Acid Blast,PO-88010,Acid Black,298,292,6,4,,,
2026-09-21,07:00-08:00,CWL-1,Iron 3D,ST-5120 Acid Blast,PO-88010,Acid Black,107,106,1,2,45,Quality hold,
2026-09-22,08:00-09:00,CWL-1,Laser Whisker,ST-4430 Mid Blue,PO-77210,Mid Blue,24,24,0,0,,,
2026-09-22,09:00-10:00,CWL-1,Laser Whisker,ST-4430 Mid Blue,PO-77210,Mid Blue,35,33,1,1,,,
2026-09-22,10:00-11:00,CWL-1,Laser Whisker,ST-4430 Mid Blue,PO-77210,Mid Blue,13,13,0,0,15,Machine breakdown,
2026-09-22,11:00-12:00,CWL-1,Laser Whisker,ST-4430 Mid Blue,PO-77210,Mid Blue,33,32,1,1,,,
2026-09-22,12:00-13:00,CWL-1,Laser Whisker,ST-4430 Mid Blue,PO-77210,Mid Blue,31,31,1,1,,,
2026-09-22,13:00-14:00,CWL-1,Laser Whisker,ST-4430 Mid Blue,PO-77210,Mid Blue,32,30,1,1,,,
2026-09-22,14:00-15:00,CWL-1,Laser Whisker,ST-4430 Mid Blue,PO-77210,Mid Blue,36,33,1,0,,,
2026-09-22,15:00-16:00,CWL-1,Laser Whisker,ST-4430 Mid Blue,PO-77210,Mid Blue,34,32,1,0,,,
2026-09-22,16:00-17:00,CWL-1,Laser Whisker,ST-5133 Snow Acid,PO-88055,Snow White,26,25,0,1,,,
2026-09-22,17:00-18:00,CWL-1,Laser Whisker,ST-5133 Snow Acid,PO-88055,Snow White,36,34,0,1,,,
2026-09-22,18:00-19:00,CWL-1,Laser Whisker,ST-5133 Snow Acid,PO-88055,Snow White,33,31,1,1,,,
2026-09-22,19:00-20:00,CWL-1,Laser Whisker,ST-5133 Snow Acid,PO-88055,Snow White,32,32,1,1,,,
2026-09-22,20:00-21:00,CWL-1,Laser Whisker,ST-5133 Snow Acid,PO-88055,Snow White,29,28,1,0,,,
2026-09-22,21:00-22:00,CWL-1,Laser Whisker,ST-5133 Snow Acid,PO-88055,Snow White,28,28,1,0,,,
2026-09-22,22:00-23:00,CWL-1,Laser Whisker,ST-5133 Snow Acid,PO-88055,Snow White,16,16,0,0,15,Machine breakdown,
2026-09-22,23:00-00:00,CWL-1,Laser Whisker,ST-5133 Snow Acid,PO-88055,Snow White,28,28,0,0,,,
2026-09-22,00:00-01:00,CWL-1,Laser Whisker,ST-5120 Acid Blast,PO-88010,Acid Black,28,27,0,0,,,
2026-09-22,01:00-02:00,CWL-1,Laser Whisker,ST-5120 Acid Blast,PO-88010,Acid Black,34,32,0,0,,,
2026-09-22,02:00-03:00,CWL-1,Laser Whisker,ST-5120 Acid Blast,PO-88010,Acid Black,28,27,1,0,,,
2026-09-22,03:00-04:00,CWL-1,Laser Whisker,ST-5120 Acid Blast,PO-88010,Acid Black,27,28,1,0,,,
2026-09-22,04:00-05:00,CWL-1,Laser Whisker,ST-5120 Acid Blast,PO-88010,Acid Black,35,33,1,1,,,
2026-09-22,05:00-06:00,CWL-1,Laser Whisker,ST-5120 Acid Blast,PO-88010,Acid Black,33,33,0,1,,,
2026-09-22,06:00-07:00,CWL-1,Laser Whisker,ST-5120 Acid Blast,PO-88010,Acid Black,31,30,0,0,,,
2026-09-22,07:00-08:00,CWL-1,Laser Whisker,ST-5120 Acid Blast,PO-88010,Acid Black,29,28,1,1,,,
2026-09-22,08:00-09:00,CWL-1,Laser Mark Destroy,ST-4412 Dark Stone,PO-77101,Dark Blue,73,69,1,1,,,
2026-09-22,09:00-10:00,CWL-1,Laser Mark Destroy,ST-4412 Dark Stone,PO-77101,Dark Blue,88,85,0,1,,,
2026-09-22,10:00-11:00,CWL-1,Laser Mark Destroy,ST-4412 Dark Stone,PO-77101,Dark Blue,95,96,1,2,,,
2026-09-22,11:00-12:00,CWL-1,Laser Mark Destroy,ST-4412 Dark Stone,PO-77101,Dark Blue,80,82,2,0,,,
2026-09-22,12:00-13:00,CWL-1,Laser Mark Destroy,ST-4412 Dark Stone,PO-77101,Dark Blue,91,86,2,1,,,
2026-09-22,13:00-14:00,CWL-1,Laser Mark Destroy,ST-4412 Dark Stone,PO-77101,Dark Blue,111,102,2,2,,,
2026-09-22,14:00-15:00,CWL-1,Laser Mark Destroy,ST-4412 Dark Stone,PO-77101,Dark Blue,103,95,1,0,,,
2026-09-22,15:00-16:00,CWL-1,Laser Mark Destroy,ST-4412 Dark Stone,PO-77101,Dark Blue,93,89,1,1,,,
2026-09-22,16:00-17:00,CWL-1,Laser Mark Destroy,ST-3307 Twill Rinse,PO-66120,Khaki,83,79,1,0,,,
2026-09-22,17:00-18:00,CWL-1,Laser Mark Destroy,ST-3307 Twill Rinse,PO-66120,Khaki,87,87,2,1,,,
2026-09-22,18:00-19:00,CWL-1,Laser Mark Destroy,ST-3307 Twill Rinse,PO-66120,Khaki,102,95,1,1,,,
2026-09-22,19:00-20:00,CWL-1,Laser Mark Destroy,ST-3307 Twill Rinse,PO-66120,Khaki,106,97,1,1,,,
2026-09-22,20:00-21:00,CWL-1,Laser Mark Destroy,ST-3307 Twill Rinse,PO-66120,Khaki,101,99,2,2,,,
2026-09-22,21:00-22:00,CWL-1,Laser Mark Destroy,ST-3307 Twill Rinse,PO-66120,Khaki,89,87,2,1,,,
2026-09-22,22:00-23:00,CWL-1,Laser Mark Destroy,ST-3307 Twill Rinse,PO-66120,Khaki,108,100,2,2,,,
2026-09-22,23:00-00:00,CWL-1,Laser Mark Destroy,ST-3307 Twill Rinse,PO-66120,Khaki,96,94,1,1,,,
2026-09-22,00:00-01:00,CWL-1,Laser Mark Destroy,ST-3307 Twill Rinse,PO-66120,Khaki,73,73,1,0,,,
2026-09-22,01:00-02:00,CWL-1,Laser Mark Destroy,ST-3307 Twill Rinse,PO-66120,Khaki,84,81,2,1,,,
2026-09-22,02:00-03:00,CWL-1,Laser Mark Destroy,ST-3307 Twill Rinse,PO-66120,Khaki,93,89,2,0,,,
2026-09-22,03:00-04:00,CWL-1,Laser Mark Destroy,ST-3307 Twill Rinse,PO-66120,Khaki,96,92,2,2,,,
2026-09-22,04:00-05:00,CWL-1,Laser Mark Destroy,ST-3307 Twill Rinse,PO-66120,Khaki,82,82,2,1,,,
2026-09-22,05:00-06:00,CWL-1,Laser Mark Destroy,ST-3307 Twill Rinse,PO-66120,Khaki,87,87,2,1,,,
2026-09-22,06:00-07:00,CWL-1,Laser Mark Destroy,ST-3307 Twill Rinse,PO-66120,Khaki,97,94,2,1,,,
2026-09-22,07:00-08:00,CWL-1,Laser Mark Destroy,ST-3307 Twill Rinse,PO-66120,Khaki,91,84,2,0,,,
2026-09-22,08:00-09:00,CWL-1,Pattern Whisker,ST-4412 Dark Stone,PO-77101,Dark Blue,1069,1058,19,14,,,
2026-09-22,09:00-10:00,CWL-1,Pattern Whisker,ST-4412 Dark Stone,PO-77101,Dark Blue,1230,1129,9,8,,,
2026-09-22,10:00-11:00,CWL-1,Pattern Whisker,ST-4412 Dark Stone,PO-77101,Dark Blue,1133,1079,32,15,,,
2026-09-22,11:00-12:00,CWL-1,Pattern Whisker,ST-4412 Dark Stone,PO-77101,Dark Blue,1186,1117,30,10,,,
2026-09-22,12:00-13:00,CWL-1,Pattern Whisker,ST-4412 Dark Stone,PO-77101,Dark Blue,1363,1243,16,17,,,
2026-09-22,13:00-14:00,CWL-1,Pattern Whisker,ST-4412 Dark Stone,PO-77101,Dark Blue,1299,1257,20,10,,,
2026-09-22,14:00-15:00,CWL-1,Pattern Whisker,ST-4412 Dark Stone,PO-77101,Dark Blue,1108,1088,20,15,,,
2026-09-22,15:00-16:00,CWL-1,Pattern Whisker,ST-4412 Dark Stone,PO-77101,Dark Blue,1319,1301,29,21,,,
2026-09-22,16:00-17:00,CWL-1,Pattern Whisker,ST-4430 Mid Blue,PO-77210,Mid Blue,1104,1027,18,13,,,
2026-09-22,17:00-18:00,CWL-1,Pattern Whisker,ST-4430 Mid Blue,PO-77210,Mid Blue,1346,1306,12,25,,,
2026-09-22,18:00-19:00,CWL-1,Pattern Whisker,ST-4430 Mid Blue,PO-77210,Mid Blue,1149,1066,21,16,,,
2026-09-22,19:00-20:00,CWL-1,Pattern Whisker,ST-4430 Mid Blue,PO-77210,Mid Blue,1154,1124,9,14,,,
2026-09-22,20:00-21:00,CWL-1,Pattern Whisker,ST-4430 Mid Blue,PO-77210,Mid Blue,1405,1357,14,22,,,
2026-09-22,21:00-22:00,CWL-1,Pattern Whisker,ST-4430 Mid Blue,PO-77210,Mid Blue,1349,1262,14,11,,,
2026-09-22,22:00-23:00,CWL-1,Pattern Whisker,ST-4430 Mid Blue,PO-77210,Mid Blue,520,494,15,5,30,Other,
2026-09-22,23:00-00:00,CWL-1,Pattern Whisker,ST-4430 Mid Blue,PO-77210,Mid Blue,1157,1179,13,11,,,
2026-09-22,00:00-01:00,CWL-1,Pattern Whisker,ST-3307 Twill Rinse,PO-66120,Khaki,1140,1069,27,15,,,
2026-09-22,01:00-02:00,CWL-1,Pattern Whisker,ST-3307 Twill Rinse,PO-66120,Khaki,1259,1204,21,17,,,
2026-09-22,02:00-03:00,CWL-1,Pattern Whisker,ST-3307 Twill Rinse,PO-66120,Khaki,1211,1160,20,20,,,
2026-09-22,03:00-04:00,CWL-1,Pattern Whisker,ST-3307 Twill Rinse,PO-66120,Khaki,1137,1085,32,6,,,
2026-09-22,04:00-05:00,CWL-1,Pattern Whisker,ST-3307 Twill Rinse,PO-66120,Khaki,1157,1147,28,8,,,
2026-09-22,05:00-06:00,CWL-1,Pattern Whisker,ST-3307 Twill Rinse,PO-66120,Khaki,1205,1208,20,14,,,
2026-09-22,06:00-07:00,CWL-1,Pattern Whisker,ST-3307 Twill Rinse,PO-66120,Khaki,1087,1047,28,8,,,
2026-09-22,07:00-08:00,CWL-1,Pattern Whisker,ST-3307 Twill Rinse,PO-66120,Khaki,1230,1166,10,20,,,
2026-09-22,08:00-09:00,CWL-1,Hand Sand (Front & Back),ST-4430 Mid Blue,PO-77210,Mid Blue,584,569,8,9,,,
2026-09-22,09:00-10:00,CWL-1,Hand Sand (Front & Back),ST-4430 Mid Blue,PO-77210,Mid Blue,639,621,12,11,,,
2026-09-22,10:00-11:00,CWL-1,Hand Sand (Front & Back),ST-4430 Mid Blue,PO-77210,Mid Blue,653,604,15,9,,,
2026-09-22,11:00-12:00,CWL-1,Hand Sand (Front & Back),ST-4430 Mid Blue,PO-77210,Mid Blue,624,584,14,10,,,
2026-09-22,12:00-13:00,CWL-1,Hand Sand (Front & Back),ST-4430 Mid Blue,PO-77210,Mid Blue,730,669,12,12,,,
2026-09-22,13:00-14:00,CWL-1,Hand Sand (Front & Back),ST-4430 Mid Blue,PO-77210,Mid Blue,587,551,15,9,,,
2026-09-22,14:00-15:00,CWL-1,Hand Sand (Front & Back),ST-4430 Mid Blue,PO-77210,Mid Blue,590,577,11,10,,,
2026-09-22,15:00-16:00,CWL-1,Hand Sand (Front & Back),ST-4430 Mid Blue,PO-77210,Mid Blue,646,613,8,10,,,
2026-09-22,16:00-17:00,CWL-1,Hand Sand (Front & Back),ST-2285 Dye Black,PO-99040,Jet Black,575,545,11,8,,,
2026-09-22,17:00-18:00,CWL-1,Hand Sand (Front & Back),ST-2285 Dye Black,PO-99040,Jet Black,623,586,16,8,,,
2026-09-22,18:00-19:00,CWL-1,Hand Sand (Front & Back),ST-2285 Dye Black,PO-99040,Jet Black,675,649,18,11,,,
2026-09-22,19:00-20:00,CWL-1,Hand Sand (Front & Back),ST-2285 Dye Black,PO-99040,Jet Black,616,622,14,8,,,
2026-09-22,20:00-21:00,CWL-1,Hand Sand (Front & Back),ST-2285 Dye Black,PO-99040,Jet Black,719,666,12,12,,,
2026-09-22,21:00-22:00,CWL-1,Hand Sand (Front & Back),ST-2285 Dye Black,PO-99040,Jet Black,670,669,12,3,,,
2026-09-22,22:00-23:00,CWL-1,Hand Sand (Front & Back),ST-2285 Dye Black,PO-99040,Jet Black,242,233,3,4,15,Power / utility,
2026-09-22,23:00-00:00,CWL-1,Hand Sand (Front & Back),ST-2285 Dye Black,PO-99040,Jet Black,665,634,18,10,,,
2026-09-22,00:00-01:00,CWL-1,Hand Sand (Front & Back),ST-4412 Dark Stone,PO-77101,Dark Blue,572,520,11,7,,,
2026-09-22,01:00-02:00,CWL-1,Hand Sand (Front & Back),ST-4412 Dark Stone,PO-77101,Dark Blue,623,618,19,4,,,
2026-09-22,02:00-03:00,CWL-1,Hand Sand (Front & Back),ST-4412 Dark Stone,PO-77101,Dark Blue,576,542,15,10,,,
2026-09-22,03:00-04:00,CWL-1,Hand Sand (Front & Back),ST-4412 Dark Stone,PO-77101,Dark Blue,613,585,7,8,,,
2026-09-22,04:00-05:00,CWL-1,Hand Sand (Front & Back),ST-4412 Dark Stone,PO-77101,Dark Blue,571,536,14,8,,,
2026-09-22,05:00-06:00,CWL-1,Hand Sand (Front & Back),ST-4412 Dark Stone,PO-77101,Dark Blue,708,661,17,4,,,
2026-09-22,06:00-07:00,CWL-1,Hand Sand (Front & Back),ST-4412 Dark Stone,PO-77101,Dark Blue,708,670,18,13,,,
2026-09-22,07:00-08:00,CWL-1,Hand Sand (Front & Back),ST-4412 Dark Stone,PO-77101,Dark Blue,643,628,18,6,,,
2026-09-22,08:00-09:00,CWL-1,Allover Hand Sand,ST-5120 Acid Blast,PO-88010,Acid Black,94,89,1,2,,,
2026-09-22,09:00-10:00,CWL-1,Allover Hand Sand,ST-5120 Acid Blast,PO-88010,Acid Black,97,97,3,1,,,
2026-09-22,10:00-11:00,CWL-1,Allover Hand Sand,ST-5120 Acid Blast,PO-88010,Acid Black,109,100,2,2,,,
2026-09-22,11:00-12:00,CWL-1,Allover Hand Sand,ST-5120 Acid Blast,PO-88010,Acid Black,3,3,0,0,30,Changeover / setup,
2026-09-22,12:00-13:00,CWL-1,Allover Hand Sand,ST-5120 Acid Blast,PO-88010,Acid Black,94,90,2,1,,,
2026-09-22,13:00-14:00,CWL-1,Allover Hand Sand,ST-5120 Acid Blast,PO-88010,Acid Black,114,104,3,2,,,
2026-09-22,14:00-15:00,CWL-1,Allover Hand Sand,ST-5120 Acid Blast,PO-88010,Acid Black,103,105,1,1,,,
2026-09-22,15:00-16:00,CWL-1,Allover Hand Sand,ST-5120 Acid Blast,PO-88010,Acid Black,99,100,1,1,,,
2026-09-22,16:00-17:00,CWL-1,Allover Hand Sand,ST-4412 Dark Stone,PO-77101,Dark Blue,89,83,1,1,,,
2026-09-22,17:00-18:00,CWL-1,Allover Hand Sand,ST-4412 Dark Stone,PO-77101,Dark Blue,107,105,3,1,,,
2026-09-22,18:00-19:00,CWL-1,Allover Hand Sand,ST-4412 Dark Stone,PO-77101,Dark Blue,93,93,2,1,,,
2026-09-22,19:00-20:00,CWL-1,Allover Hand Sand,ST-4412 Dark Stone,PO-77101,Dark Blue,98,97,1,1,,,
2026-09-22,20:00-21:00,CWL-1,Allover Hand Sand,ST-4412 Dark Stone,PO-77101,Dark Blue,96,97,2,1,,,
2026-09-22,21:00-22:00,CWL-1,Allover Hand Sand,ST-4412 Dark Stone,PO-77101,Dark Blue,110,104,2,1,,,
2026-09-22,22:00-23:00,CWL-1,Allover Hand Sand,ST-4412 Dark Stone,PO-77101,Dark Blue,112,104,3,2,,,
2026-09-22,23:00-00:00,CWL-1,Allover Hand Sand,ST-4412 Dark Stone,PO-77101,Dark Blue,94,86,2,1,,,
2026-09-22,00:00-01:00,CWL-1,Allover Hand Sand,ST-4412 Dark Stone,PO-77101,Dark Blue,90,83,1,1,,,
2026-09-22,01:00-02:00,CWL-1,Allover Hand Sand,ST-4412 Dark Stone,PO-77101,Dark Blue,98,91,2,2,,,
2026-09-22,02:00-03:00,CWL-1,Allover Hand Sand,ST-4412 Dark Stone,PO-77101,Dark Blue,106,104,3,1,,,
2026-09-22,03:00-04:00,CWL-1,Allover Hand Sand,ST-4412 Dark Stone,PO-77101,Dark Blue,90,83,2,2,,,
2026-09-22,04:00-05:00,CWL-1,Allover Hand Sand,ST-4412 Dark Stone,PO-77101,Dark Blue,94,91,2,1,,,
2026-09-22,05:00-06:00,CWL-1,Allover Hand Sand,ST-4412 Dark Stone,PO-77101,Dark Blue,95,92,1,1,,,
2026-09-22,06:00-07:00,CWL-1,Allover Hand Sand,ST-4412 Dark Stone,PO-77101,Dark Blue,98,94,2,1,,,
2026-09-22,07:00-08:00,CWL-1,Allover Hand Sand,ST-4412 Dark Stone,PO-77101,Dark Blue,100,92,3,1,,,
2026-09-22,08:00-09:00,CWL-1,Tagging,ST-2285 Dye Black,PO-99040,Jet Black,251,236,4,2,30,Operator shortage,
2026-09-22,09:00-10:00,CWL-1,Tagging,ST-2285 Dye Black,PO-99040,Jet Black,757,753,13,7,,,
2026-09-22,10:00-11:00,CWL-1,Tagging,ST-2285 Dye Black,PO-99040,Jet Black,799,754,6,14,,,
2026-09-22,11:00-12:00,CWL-1,Tagging,ST-2285 Dye Black,PO-99040,Jet Black,873,798,22,12,,,
2026-09-22,12:00-13:00,CWL-1,Tagging,ST-2285 Dye Black,PO-99040,Jet Black,797,748,8,15,,,
2026-09-22,13:00-14:00,CWL-1,Tagging,ST-2285 Dye Black,PO-99040,Jet Black,768,755,21,9,,,
2026-09-22,14:00-15:00,CWL-1,Tagging,ST-2285 Dye Black,PO-99040,Jet Black,839,783,8,11,,,
2026-09-22,15:00-16:00,CWL-1,Tagging,ST-2285 Dye Black,PO-99040,Jet Black,645,654,6,10,,,
2026-09-22,16:00-17:00,CWL-1,Tagging,ST-4430 Mid Blue,PO-77210,Mid Blue,578,588,10,6,,,
2026-09-22,17:00-18:00,CWL-1,Tagging,ST-4430 Mid Blue,PO-77210,Mid Blue,778,728,7,7,,,
2026-09-22,18:00-19:00,CWL-1,Tagging,ST-4430 Mid Blue,PO-77210,Mid Blue,766,767,14,5,,,
2026-09-22,19:00-20:00,CWL-1,Tagging,ST-4430 Mid Blue,PO-77210,Mid Blue,672,661,12,5,,,
2026-09-22,20:00-21:00,CWL-1,Tagging,ST-4430 Mid Blue,PO-77210,Mid Blue,797,807,24,12,,,
2026-09-22,21:00-22:00,CWL-1,Tagging,ST-4430 Mid Blue,PO-77210,Mid Blue,825,783,9,9,,,
2026-09-22,22:00-23:00,CWL-1,Tagging,ST-4430 Mid Blue,PO-77210,Mid Blue,911,849,12,16,,,
2026-09-22,23:00-00:00,CWL-1,Tagging,ST-4430 Mid Blue,PO-77210,Mid Blue,800,764,8,4,,,
2026-09-22,00:00-01:00,CWL-1,Tagging,ST-3307 Twill Rinse,PO-66120,Khaki,720,710,16,13,,,
2026-09-22,01:00-02:00,CWL-1,Tagging,ST-3307 Twill Rinse,PO-66120,Khaki,732,731,12,13,,,
2026-09-22,02:00-03:00,CWL-1,Tagging,ST-3307 Twill Rinse,PO-66120,Khaki,884,811,21,16,,,
2026-09-22,03:00-04:00,CWL-1,Tagging,ST-3307 Twill Rinse,PO-66120,Khaki,822,781,15,8,,,
2026-09-22,04:00-05:00,CWL-1,Tagging,ST-3307 Twill Rinse,PO-66120,Khaki,683,685,7,13,,,
2026-09-22,05:00-06:00,CWL-1,Tagging,ST-3307 Twill Rinse,PO-66120,Khaki,802,785,11,6,,,
2026-09-22,06:00-07:00,CWL-1,Tagging,ST-3307 Twill Rinse,PO-66120,Khaki,715,710,15,12,,,
2026-09-22,07:00-08:00,CWL-1,Tagging,ST-3307 Twill Rinse,PO-66120,Khaki,766,702,8,10,,,
2026-09-22,08:00-09:00,CWL-1,Grinding,ST-3307 Twill Rinse,PO-66120,Khaki,178,171,3,1,,,
2026-09-22,09:00-10:00,CWL-1,Grinding,ST-3307 Twill Rinse,PO-66120,Khaki,270,252,4,4,,,
2026-09-22,10:00-11:00,CWL-1,Grinding,ST-3307 Twill Rinse,PO-66120,Khaki,215,211,2,4,,,
2026-09-22,11:00-12:00,CWL-1,Grinding,ST-3307 Twill Rinse,PO-66120,Khaki,203,203,4,2,,,
2026-09-22,12:00-13:00,CWL-1,Grinding,ST-3307 Twill Rinse,PO-66120,Khaki,246,248,5,4,,,
2026-09-22,13:00-14:00,CWL-1,Grinding,ST-3307 Twill Rinse,PO-66120,Khaki,237,232,5,4,,,
2026-09-22,14:00-15:00,CWL-1,Grinding,ST-3307 Twill Rinse,PO-66120,Khaki,265,253,4,4,,,
2026-09-22,15:00-16:00,CWL-1,Grinding,ST-3307 Twill Rinse,PO-66120,Khaki,18,18,0,0,30,Operator shortage,
2026-09-22,16:00-17:00,CWL-1,Grinding,ST-2285 Dye Black,PO-99040,Jet Black,177,169,2,1,,,
2026-09-22,17:00-18:00,CWL-1,Grinding,ST-2285 Dye Black,PO-99040,Jet Black,250,246,4,4,,,
2026-09-22,18:00-19:00,CWL-1,Grinding,ST-2285 Dye Black,PO-99040,Jet Black,224,205,2,4,,,
2026-09-22,19:00-20:00,CWL-1,Grinding,ST-2285 Dye Black,PO-99040,Jet Black,231,221,4,5,,,
2026-09-22,20:00-21:00,CWL-1,Grinding,ST-2285 Dye Black,PO-99040,Jet Black,241,229,3,4,,,
2026-09-22,21:00-22:00,CWL-1,Grinding,ST-2285 Dye Black,PO-99040,Jet Black,245,227,2,1,,,
2026-09-22,22:00-23:00,CWL-1,Grinding,ST-2285 Dye Black,PO-99040,Jet Black,215,199,5,3,,,
2026-09-22,23:00-00:00,CWL-1,Grinding,ST-2285 Dye Black,PO-99040,Jet Black,220,216,4,4,,,
2026-09-22,00:00-01:00,CWL-1,Grinding,ST-3307 Twill Rinse,PO-66120,Khaki,165,168,5,1,,,
2026-09-22,01:00-02:00,CWL-1,Grinding,ST-3307 Twill Rinse,PO-66120,Khaki,233,225,4,5,,,
2026-09-22,02:00-03:00,CWL-1,Grinding,ST-3307 Twill Rinse,PO-66120,Khaki,263,255,3,4,,,
2026-09-22,03:00-04:00,CWL-1,Grinding,ST-3307 Twill Rinse,PO-66120,Khaki,220,209,2,3,,,
2026-09-22,04:00-05:00,CWL-1,Grinding,ST-3307 Twill Rinse,PO-66120,Khaki,231,218,5,2,,,
2026-09-22,05:00-06:00,CWL-1,Grinding,ST-3307 Twill Rinse,PO-66120,Khaki,269,254,8,2,,,
2026-09-22,06:00-07:00,CWL-1,Grinding,ST-3307 Twill Rinse,PO-66120,Khaki,268,248,5,2,,,
2026-09-22,07:00-08:00,CWL-1,Grinding,ST-3307 Twill Rinse,PO-66120,Khaki,247,231,6,4,,,
2026-09-22,08:00-09:00,CWL-1,Destruction,ST-3350 Twill Garment Dye,PO-66180,Olive,150,151,1,2,,,
2026-09-22,09:00-10:00,CWL-1,Destruction,ST-3350 Twill Garment Dye,PO-66180,Olive,177,167,2,2,,,
2026-09-22,10:00-11:00,CWL-1,Destruction,ST-3350 Twill Garment Dye,PO-66180,Olive,184,172,4,2,,,
2026-09-22,11:00-12:00,CWL-1,Destruction,ST-3350 Twill Garment Dye,PO-66180,Olive,195,193,2,2,,,
2026-09-22,12:00-13:00,CWL-1,Destruction,ST-3350 Twill Garment Dye,PO-66180,Olive,185,180,2,1,,,
2026-09-22,13:00-14:00,CWL-1,Destruction,ST-3350 Twill Garment Dye,PO-66180,Olive,187,172,4,1,,,
2026-09-22,14:00-15:00,CWL-1,Destruction,ST-3350 Twill Garment Dye,PO-66180,Olive,30,28,0,1,45,Other,
2026-09-22,15:00-16:00,CWL-1,Destruction,ST-3350 Twill Garment Dye,PO-66180,Olive,193,186,3,3,,,
2026-09-22,16:00-17:00,CWL-1,Destruction,ST-5120 Acid Blast,PO-88010,Acid Black,152,145,2,2,,,
2026-09-22,17:00-18:00,CWL-1,Destruction,ST-5120 Acid Blast,PO-88010,Acid Black,183,185,2,3,,,
2026-09-22,18:00-19:00,CWL-1,Destruction,ST-5120 Acid Blast,PO-88010,Acid Black,178,174,3,2,,,
2026-09-22,19:00-20:00,CWL-1,Destruction,ST-5120 Acid Blast,PO-88010,Acid Black,168,157,3,1,,,
2026-09-22,20:00-21:00,CWL-1,Destruction,ST-5120 Acid Blast,PO-88010,Acid Black,176,167,4,3,,,
2026-09-22,21:00-22:00,CWL-1,Destruction,ST-5120 Acid Blast,PO-88010,Acid Black,191,185,6,2,,,
2026-09-22,22:00-23:00,CWL-1,Destruction,ST-5120 Acid Blast,PO-88010,Acid Black,195,188,5,2,,,
2026-09-22,23:00-00:00,CWL-1,Destruction,ST-5120 Acid Blast,PO-88010,Acid Black,169,172,4,2,,,
2026-09-22,00:00-01:00,CWL-1,Destruction,ST-3350 Twill Garment Dye,PO-66180,Olive,142,131,3,1,,,
2026-09-22,01:00-02:00,CWL-1,Destruction,ST-3350 Twill Garment Dye,PO-66180,Olive,26,26,1,1,15,Other,
2026-09-22,02:00-03:00,CWL-1,Destruction,ST-3350 Twill Garment Dye,PO-66180,Olive,163,155,4,2,,,
2026-09-22,03:00-04:00,CWL-1,Destruction,ST-3350 Twill Garment Dye,PO-66180,Olive,202,186,5,3,,,
2026-09-22,04:00-05:00,CWL-1,Destruction,ST-3350 Twill Garment Dye,PO-66180,Olive,168,161,4,3,,,
2026-09-22,05:00-06:00,CWL-1,Destruction,ST-3350 Twill Garment Dye,PO-66180,Olive,191,194,5,3,,,
2026-09-22,06:00-07:00,CWL-1,Destruction,ST-3350 Twill Garment Dye,PO-66180,Olive,158,158,2,1,,,
2026-09-22,07:00-08:00,CWL-1,Destruction,ST-3350 Twill Garment Dye,PO-66180,Olive,207,188,5,4,,,
2026-09-22,08:00-09:00,CWL-1,Cutting / Destroy,ST-4412 Dark Stone,PO-77101,Dark Blue,112,104,1,1,15,Machine breakdown,
2026-09-22,09:00-10:00,CWL-1,Cutting / Destroy,ST-4412 Dark Stone,PO-77101,Dark Blue,399,381,4,6,,,
2026-09-22,10:00-11:00,CWL-1,Cutting / Destroy,ST-4412 Dark Stone,PO-77101,Dark Blue,404,372,7,4,,,
2026-09-22,11:00-12:00,CWL-1,Cutting / Destroy,ST-4412 Dark Stone,PO-77101,Dark Blue,340,344,5,2,,,
2026-09-22,12:00-13:00,CWL-1,Cutting / Destroy,ST-4412 Dark Stone,PO-77101,Dark Blue,339,323,5,2,,,
2026-09-22,13:00-14:00,CWL-1,Cutting / Destroy,ST-4412 Dark Stone,PO-77101,Dark Blue,362,368,4,4,,,
2026-09-22,14:00-15:00,CWL-1,Cutting / Destroy,ST-4412 Dark Stone,PO-77101,Dark Blue,301,301,4,4,,,
2026-09-22,15:00-16:00,CWL-1,Cutting / Destroy,ST-4412 Dark Stone,PO-77101,Dark Blue,377,358,10,4,,,
2026-09-22,16:00-17:00,CWL-1,Cutting / Destroy,ST-3307 Twill Rinse,PO-66120,Khaki,41,40,1,0,15,Quality hold,
2026-09-22,17:00-18:00,CWL-1,Cutting / Destroy,ST-3307 Twill Rinse,PO-66120,Khaki,379,368,10,6,,,
2026-09-22,18:00-19:00,CWL-1,Cutting / Destroy,ST-3307 Twill Rinse,PO-66120,Khaki,375,347,6,4,,,
2026-09-22,19:00-20:00,CWL-1,Cutting / Destroy,ST-3307 Twill Rinse,PO-66120,Khaki,338,314,5,1,,,
2026-09-22,20:00-21:00,CWL-1,Cutting / Destroy,ST-3307 Twill Rinse,PO-66120,Khaki,392,364,5,2,,,
2026-09-22,21:00-22:00,CWL-1,Cutting / Destroy,ST-3307 Twill Rinse,PO-66120,Khaki,347,353,2,5,,,
2026-09-22,22:00-23:00,CWL-1,Cutting / Destroy,ST-3307 Twill Rinse,PO-66120,Khaki,12,12,0,0,45,Other,
2026-09-22,23:00-00:00,CWL-1,Cutting / Destroy,ST-3307 Twill Rinse,PO-66120,Khaki,383,369,6,4,,,
2026-09-22,00:00-01:00,CWL-1,Cutting / Destroy,ST-2285 Dye Black,PO-99040,Jet Black,299,278,4,4,,,
2026-09-22,01:00-02:00,CWL-1,Cutting / Destroy,ST-2285 Dye Black,PO-99040,Jet Black,345,330,8,6,,,
2026-09-22,02:00-03:00,CWL-1,Cutting / Destroy,ST-2285 Dye Black,PO-99040,Jet Black,370,366,7,6,,,
2026-09-22,03:00-04:00,CWL-1,Cutting / Destroy,ST-2285 Dye Black,PO-99040,Jet Black,321,311,3,3,,,
2026-09-22,04:00-05:00,CWL-1,Cutting / Destroy,ST-2285 Dye Black,PO-99040,Jet Black,375,361,9,2,,,
2026-09-22,05:00-06:00,CWL-1,Cutting / Destroy,ST-2285 Dye Black,PO-99040,Jet Black,113,111,3,1,15,Quality hold,
2026-09-22,06:00-07:00,CWL-1,Cutting / Destroy,ST-2285 Dye Black,PO-99040,Jet Black,322,311,8,2,,,
2026-09-22,07:00-08:00,CWL-1,Cutting / Destroy,ST-2285 Dye Black,PO-99040,Jet Black,401,380,8,4,,,
2026-09-22,08:00-09:00,CWL-1,Air Blowing,ST-2285 Dye Black,PO-99040,Jet Black,127,126,2,2,30,Machine breakdown,
2026-09-22,09:00-10:00,CWL-1,Air Blowing,ST-2285 Dye Black,PO-99040,Jet Black,364,345,8,3,,,
2026-09-22,10:00-11:00,CWL-1,Air Blowing,ST-2285 Dye Black,PO-99040,Jet Black,416,380,10,4,,,
2026-09-22,11:00-12:00,CWL-1,Air Blowing,ST-2285 Dye Black,PO-99040,Jet Black,463,432,5,2,,,
2026-09-22,12:00-13:00,CWL-1,Air Blowing,ST-2285 Dye Black,PO-99040,Jet Black,421,412,3,7,,,
2026-09-22,13:00-14:00,CWL-1,Air Blowing,ST-2285 Dye Black,PO-99040,Jet Black,410,382,10,3,,,
2026-09-22,14:00-15:00,CWL-1,Air Blowing,ST-2285 Dye Black,PO-99040,Jet Black,389,391,10,7,,,
2026-09-22,15:00-16:00,CWL-1,Air Blowing,ST-2285 Dye Black,PO-99040,Jet Black,413,401,8,4,,,
2026-09-22,16:00-17:00,CWL-1,Air Blowing,ST-3350 Twill Garment Dye,PO-66180,Olive,325,298,8,3,,,
2026-09-22,17:00-18:00,CWL-1,Air Blowing,ST-3350 Twill Garment Dye,PO-66180,Olive,435,413,10,6,,,
2026-09-22,18:00-19:00,CWL-1,Air Blowing,ST-3350 Twill Garment Dye,PO-66180,Olive,347,348,3,3,,,
2026-09-22,19:00-20:00,CWL-1,Air Blowing,ST-3350 Twill Garment Dye,PO-66180,Olive,387,379,10,4,,,
2026-09-22,20:00-21:00,CWL-1,Air Blowing,ST-3350 Twill Garment Dye,PO-66180,Olive,400,366,4,3,,,
2026-09-22,21:00-22:00,CWL-1,Air Blowing,ST-3350 Twill Garment Dye,PO-66180,Olive,366,352,8,4,,,
2026-09-22,22:00-23:00,CWL-1,Air Blowing,ST-3350 Twill Garment Dye,PO-66180,Olive,465,436,11,3,,,
2026-09-22,23:00-00:00,CWL-1,Air Blowing,ST-3350 Twill Garment Dye,PO-66180,Olive,444,424,11,7,,,
2026-09-22,00:00-01:00,CWL-1,Air Blowing,ST-3350 Twill Garment Dye,PO-66180,Olive,367,359,8,6,,,
2026-09-22,01:00-02:00,CWL-1,Air Blowing,ST-3350 Twill Garment Dye,PO-66180,Olive,441,423,7,8,,,
2026-09-22,02:00-03:00,CWL-1,Air Blowing,ST-3350 Twill Garment Dye,PO-66180,Olive,438,407,11,7,,,
2026-09-22,03:00-04:00,CWL-1,Air Blowing,ST-3350 Twill Garment Dye,PO-66180,Olive,400,372,6,4,,,
2026-09-22,04:00-05:00,CWL-1,Air Blowing,ST-3350 Twill Garment Dye,PO-66180,Olive,439,411,3,5,,,
2026-09-22,05:00-06:00,CWL-1,Air Blowing,ST-3350 Twill Garment Dye,PO-66180,Olive,452,413,6,6,,,
2026-09-22,06:00-07:00,CWL-1,Air Blowing,ST-3350 Twill Garment Dye,PO-66180,Olive,424,396,4,8,,,
2026-09-22,07:00-08:00,CWL-1,Air Blowing,ST-3350 Twill Garment Dye,PO-66180,Olive,395,402,5,5,,,
2026-09-22,08:00-09:00,CWL-1,PP Spray (Front & Back),ST-4430 Mid Blue,PO-77210,Mid Blue,695,657,16,4,,,
2026-09-22,09:00-10:00,CWL-1,PP Spray (Front & Back),ST-4430 Mid Blue,PO-77210,Mid Blue,823,767,21,4,,,
2026-09-22,10:00-11:00,CWL-1,PP Spray (Front & Back),ST-4430 Mid Blue,PO-77210,Mid Blue,938,951,23,7,,,
2026-09-22,11:00-12:00,CWL-1,PP Spray (Front & Back),ST-4430 Mid Blue,PO-77210,Mid Blue,219,208,4,2,45,Quality hold,
2026-09-22,12:00-13:00,CWL-1,PP Spray (Front & Back),ST-4430 Mid Blue,PO-77210,Mid Blue,853,804,22,4,,,
2026-09-22,13:00-14:00,CWL-1,PP Spray (Front & Back),ST-4430 Mid Blue,PO-77210,Mid Blue,1027,994,16,15,,,
2026-09-22,14:00-15:00,CWL-1,PP Spray (Front & Back),ST-4430 Mid Blue,PO-77210,Mid Blue,1028,938,17,17,,,
2026-09-22,15:00-16:00,CWL-1,PP Spray (Front & Back),ST-4430 Mid Blue,PO-77210,Mid Blue,859,804,12,15,,,
2026-09-22,16:00-17:00,CWL-1,PP Spray (Front & Back),ST-5120 Acid Blast,PO-88010,Acid Black,682,686,18,11,,,
2026-09-22,17:00-18:00,CWL-1,PP Spray (Front & Back),ST-5120 Acid Blast,PO-88010,Acid Black,989,920,27,13,,,
2026-09-22,18:00-19:00,CWL-1,PP Spray (Front & Back),ST-5120 Acid Blast,PO-88010,Acid Black,868,856,22,11,,,
2026-09-22,19:00-20:00,CWL-1,PP Spray (Front & Back),ST-5120 Acid Blast,PO-88010,Acid Black,1001,993,13,11,,,
2026-09-22,20:00-21:00,CWL-1,PP Spray (Front & Back),ST-5120 Acid Blast,PO-88010,Acid Black,1054,997,19,19,,,
2026-09-22,21:00-22:00,CWL-1,PP Spray (Front & Back),ST-5120 Acid Blast,PO-88010,Acid Black,765,774,20,14,,,
2026-09-22,22:00-23:00,CWL-1,PP Spray (Front & Back),ST-5120 Acid Blast,PO-88010,Acid Black,927,896,22,7,,,
2026-09-22,23:00-00:00,CWL-1,PP Spray (Front & Back),ST-5120 Acid Blast,PO-88010,Acid Black,762,772,15,11,,,
2026-09-22,00:00-01:00,CWL-1,PP Spray (Front & Back),ST-5133 Snow Acid,PO-88055,Snow White,765,702,21,10,,,
2026-09-22,01:00-02:00,CWL-1,PP Spray (Front & Back),ST-5133 Snow Acid,PO-88055,Snow White,935,887,22,16,,,
2026-09-22,02:00-03:00,CWL-1,PP Spray (Front & Back),ST-5133 Snow Acid,PO-88055,Snow White,776,776,10,14,,,
2026-09-22,03:00-04:00,CWL-1,PP Spray (Front & Back),ST-5133 Snow Acid,PO-88055,Snow White,1040,955,9,17,,,
2026-09-22,04:00-05:00,CWL-1,PP Spray (Front & Back),ST-5133 Snow Acid,PO-88055,Snow White,902,846,17,6,,,
2026-09-22,05:00-06:00,CWL-1,PP Spray (Front & Back),ST-5133 Snow Acid,PO-88055,Snow White,895,892,25,6,,,
2026-09-22,06:00-07:00,CWL-1,PP Spray (Front & Back),ST-5133 Snow Acid,PO-88055,Snow White,995,936,25,10,,,
2026-09-22,07:00-08:00,CWL-1,PP Spray (Front & Back),ST-5133 Snow Acid,PO-88055,Snow White,915,920,17,15,,,
2026-09-22,08:00-09:00,CWL-1,Allover PP Spray,ST-3307 Twill Rinse,PO-66120,Khaki,267,262,4,2,,,
2026-09-22,09:00-10:00,CWL-1,Allover PP Spray,ST-3307 Twill Rinse,PO-66120,Khaki,393,365,9,6,,,
2026-09-22,10:00-11:00,CWL-1,Allover PP Spray,ST-3307 Twill Rinse,PO-66120,Khaki,304,287,3,2,,,
2026-09-22,11:00-12:00,CWL-1,Allover PP Spray,ST-3307 Twill Rinse,PO-66120,Khaki,69,66,1,1,30,Changeover / setup,
2026-09-22,12:00-13:00,CWL-1,Allover PP Spray,ST-3307 Twill Rinse,PO-66120,Khaki,349,324,9,4,,,
2026-09-22,13:00-14:00,CWL-1,Allover PP Spray,ST-3307 Twill Rinse,PO-66120,Khaki,370,337,9,4,,,
2026-09-22,14:00-15:00,CWL-1,Allover PP Spray,ST-3307 Twill Rinse,PO-66120,Khaki,336,342,5,2,,,
2026-09-22,15:00-16:00,CWL-1,Allover PP Spray,ST-3307 Twill Rinse,PO-66120,Khaki,365,334,10,3,,,
2026-09-22,16:00-17:00,CWL-1,Allover PP Spray,ST-2285 Dye Black,PO-99040,Jet Black,260,243,4,3,,,
2026-09-22,17:00-18:00,CWL-1,Allover PP Spray,ST-2285 Dye Black,PO-99040,Jet Black,350,337,5,3,,,
2026-09-22,18:00-19:00,CWL-1,Allover PP Spray,ST-2285 Dye Black,PO-99040,Jet Black,362,363,7,4,,,
2026-09-22,19:00-20:00,CWL-1,Allover PP Spray,ST-2285 Dye Black,PO-99040,Jet Black,305,302,9,4,,,
2026-09-22,20:00-21:00,CWL-1,Allover PP Spray,ST-2285 Dye Black,PO-99040,Jet Black,328,332,7,4,,,
2026-09-22,21:00-22:00,CWL-1,Allover PP Spray,ST-2285 Dye Black,PO-99040,Jet Black,364,357,9,3,,,
2026-09-22,22:00-23:00,CWL-1,Allover PP Spray,ST-2285 Dye Black,PO-99040,Jet Black,345,350,10,6,,,
2026-09-22,23:00-00:00,CWL-1,Allover PP Spray,ST-2285 Dye Black,PO-99040,Jet Black,318,302,4,2,,,
2026-09-22,00:00-01:00,CWL-1,Allover PP Spray,ST-4475 Vintage Wash,PO-77305,Vintage Indigo,287,275,2,6,,,
2026-09-22,01:00-02:00,CWL-1,Allover PP Spray,ST-4475 Vintage Wash,PO-77305,Vintage Indigo,328,318,8,3,,,
2026-09-22,02:00-03:00,CWL-1,Allover PP Spray,ST-4475 Vintage Wash,PO-77305,Vintage Indigo,367,334,8,2,,,
2026-09-22,03:00-04:00,CWL-1,Allover PP Spray,ST-4475 Vintage Wash,PO-77305,Vintage Indigo,300,279,7,5,,,
2026-09-22,04:00-05:00,CWL-1,Allover PP Spray,ST-4475 Vintage Wash,PO-77305,Vintage Indigo,348,341,7,4,,,
2026-09-22,05:00-06:00,CWL-1,Allover PP Spray,ST-4475 Vintage Wash,PO-77305,Vintage Indigo,358,335,5,6,,,
2026-09-22,06:00-07:00,CWL-1,Allover PP Spray,ST-4475 Vintage Wash,PO-77305,Vintage Indigo,377,364,5,7,,,
2026-09-22,07:00-08:00,CWL-1,Allover PP Spray,ST-4475 Vintage Wash,PO-77305,Vintage Indigo,323,309,4,4,,,
2026-09-22,08:00-09:00,CWL-1,PP Rubbing,ST-5133 Snow Acid,PO-88055,Snow White,149,139,2,3,,,
2026-09-22,09:00-10:00,CWL-1,PP Rubbing,ST-5133 Snow Acid,PO-88055,Snow White,202,189,3,2,,,
2026-09-22,10:00-11:00,CWL-1,PP Rubbing,ST-5133 Snow Acid,PO-88055,Snow White,183,174,4,2,,,
2026-09-22,11:00-12:00,CWL-1,PP Rubbing,ST-5133 Snow Acid,PO-88055,Snow White,192,177,2,4,,,
2026-09-22,12:00-13:00,CWL-1,PP Rubbing,ST-5133 Snow Acid,PO-88055,Snow White,207,197,2,1,,,
2026-09-22,13:00-14:00,CWL-1,PP Rubbing,ST-5133 Snow Acid,PO-88055,Snow White,199,201,3,1,,,
2026-09-22,14:00-15:00,CWL-1,PP Rubbing,ST-5133 Snow Acid,PO-88055,Snow White,177,167,2,1,,,
2026-09-22,15:00-16:00,CWL-1,PP Rubbing,ST-5133 Snow Acid,PO-88055,Snow White,165,168,3,2,,,
2026-09-22,16:00-17:00,CWL-1,PP Rubbing,ST-5133 Snow Acid,PO-88055,Snow White,161,148,4,2,,,
2026-09-22,17:00-18:00,CWL-1,PP Rubbing,ST-5133 Snow Acid,PO-88055,Snow White,205,197,3,3,,,
2026-09-22,18:00-19:00,CWL-1,PP Rubbing,ST-5133 Snow Acid,PO-88055,Snow White,208,210,2,1,,,
2026-09-22,19:00-20:00,CWL-1,PP Rubbing,ST-5133 Snow Acid,PO-88055,Snow White,207,194,6,3,,,
2026-09-22,20:00-21:00,CWL-1,PP Rubbing,ST-5133 Snow Acid,PO-88055,Snow White,207,194,3,4,,,
2026-09-22,21:00-22:00,CWL-1,PP Rubbing,ST-5133 Snow Acid,PO-88055,Snow White,236,215,4,1,,,
2026-09-22,22:00-23:00,CWL-1,PP Rubbing,ST-5133 Snow Acid,PO-88055,Snow White,227,213,3,3,,,
2026-09-22,23:00-00:00,CWL-1,PP Rubbing,ST-5133 Snow Acid,PO-88055,Snow White,198,188,4,2,,,
2026-09-22,00:00-01:00,CWL-1,PP Rubbing,ST-3350 Twill Garment Dye,PO-66180,Olive,187,176,3,3,,,
2026-09-22,01:00-02:00,CWL-1,PP Rubbing,ST-3350 Twill Garment Dye,PO-66180,Olive,199,191,4,2,,,
2026-09-22,02:00-03:00,CWL-1,PP Rubbing,ST-3350 Twill Garment Dye,PO-66180,Olive,168,164,2,3,,,
2026-09-22,03:00-04:00,CWL-1,PP Rubbing,ST-3350 Twill Garment Dye,PO-66180,Olive,164,167,3,2,,,
2026-09-22,04:00-05:00,CWL-1,PP Rubbing,ST-3350 Twill Garment Dye,PO-66180,Olive,175,178,4,1,,,
2026-09-22,05:00-06:00,CWL-1,PP Rubbing,ST-3350 Twill Garment Dye,PO-66180,Olive,211,214,6,1,,,
2026-09-22,06:00-07:00,CWL-1,PP Rubbing,ST-3350 Twill Garment Dye,PO-66180,Olive,193,194,4,1,,,
2026-09-22,07:00-08:00,CWL-1,PP Rubbing,ST-3350 Twill Garment Dye,PO-66180,Olive,180,167,2,1,,,
2026-09-22,08:00-09:00,CWL-1,Machine 3D,ST-3307 Twill Rinse,PO-66120,Khaki,242,234,4,3,,,
2026-09-22,09:00-10:00,CWL-1,Machine 3D,ST-3307 Twill Rinse,PO-66120,Khaki,301,304,8,2,,,
2026-09-22,10:00-11:00,CWL-1,Machine 3D,ST-3307 Twill Rinse,PO-66120,Khaki,256,254,7,5,,,
2026-09-22,11:00-12:00,CWL-1,Machine 3D,ST-3307 Twill Rinse,PO-66120,Khaki,311,314,5,2,,,
2026-09-22,12:00-13:00,CWL-1,Machine 3D,ST-3307 Twill Rinse,PO-66120,Khaki,294,282,7,5,,,
2026-09-22,13:00-14:00,CWL-1,Machine 3D,ST-3307 Twill Rinse,PO-66120,Khaki,279,284,5,2,,,
2026-09-22,14:00-15:00,CWL-1,Machine 3D,ST-3307 Twill Rinse,PO-66120,Khaki,290,287,7,5,,,
2026-09-22,15:00-16:00,CWL-1,Machine 3D,ST-3307 Twill Rinse,PO-66120,Khaki,307,280,4,4,,,
2026-09-22,16:00-17:00,CWL-1,Machine 3D,ST-2285 Dye Black,PO-99040,Jet Black,283,275,5,2,,,
2026-09-22,17:00-18:00,CWL-1,Machine 3D,ST-2285 Dye Black,PO-99040,Jet Black,277,266,6,3,,,
2026-09-22,18:00-19:00,CWL-1,Machine 3D,ST-2285 Dye Black,PO-99040,Jet Black,343,316,5,5,,,
2026-09-22,19:00-20:00,CWL-1,Machine 3D,ST-2285 Dye Black,PO-99040,Jet Black,293,277,3,4,,,
2026-09-22,20:00-21:00,CWL-1,Machine 3D,ST-2285 Dye Black,PO-99040,Jet Black,271,264,5,2,,,
2026-09-22,21:00-22:00,CWL-1,Machine 3D,ST-2285 Dye Black,PO-99040,Jet Black,302,292,7,2,,,
2026-09-22,22:00-23:00,CWL-1,Machine 3D,ST-2285 Dye Black,PO-99040,Jet Black,310,295,4,4,,,
2026-09-22,23:00-00:00,CWL-1,Machine 3D,ST-2285 Dye Black,PO-99040,Jet Black,94,91,3,1,45,Waiting for input,
2026-09-22,00:00-01:00,CWL-1,Machine 3D,ST-4430 Mid Blue,PO-77210,Mid Blue,270,265,2,2,,,
2026-09-22,01:00-02:00,CWL-1,Machine 3D,ST-4430 Mid Blue,PO-77210,Mid Blue,290,283,2,2,,,
2026-09-22,02:00-03:00,CWL-1,Machine 3D,ST-4430 Mid Blue,PO-77210,Mid Blue,270,270,4,5,,,
2026-09-22,03:00-04:00,CWL-1,Machine 3D,ST-4430 Mid Blue,PO-77210,Mid Blue,328,312,4,5,,,
2026-09-22,04:00-05:00,CWL-1,Machine 3D,ST-4430 Mid Blue,PO-77210,Mid Blue,300,275,5,3,,,
2026-09-22,05:00-06:00,CWL-1,Machine 3D,ST-4430 Mid Blue,PO-77210,Mid Blue,271,268,6,5,,,
2026-09-22,06:00-07:00,CWL-1,Machine 3D,ST-4430 Mid Blue,PO-77210,Mid Blue,268,261,3,2,,,
2026-09-22,07:00-08:00,CWL-1,Machine 3D,ST-4430 Mid Blue,PO-77210,Mid Blue,278,267,6,3,,,
2026-09-22,08:00-09:00,CWL-1,Iron 3D,ST-5133 Snow Acid,PO-88055,Snow White,248,248,4,1,,,
2026-09-22,09:00-10:00,CWL-1,Iron 3D,ST-5133 Snow Acid,PO-88055,Snow White,278,278,5,3,,,
2026-09-22,10:00-11:00,CWL-1,Iron 3D,ST-5133 Snow Acid,PO-88055,Snow White,84,86,1,1,15,Changeover / setup,
2026-09-22,11:00-12:00,CWL-1,Iron 3D,ST-5133 Snow Acid,PO-88055,Snow White,302,295,6,4,,,
2026-09-22,12:00-13:00,CWL-1,Iron 3D,ST-5133 Snow Acid,PO-88055,Snow White,232,231,6,4,,,
2026-09-22,13:00-14:00,CWL-1,Iron 3D,ST-5133 Snow Acid,PO-88055,Snow White,260,250,6,3,,,
2026-09-22,14:00-15:00,CWL-1,Iron 3D,ST-5133 Snow Acid,PO-88055,Snow White,303,279,8,5,,,
2026-09-22,15:00-16:00,CWL-1,Iron 3D,ST-5133 Snow Acid,PO-88055,Snow White,257,253,7,4,,,
2026-09-22,16:00-17:00,CWL-1,Iron 3D,ST-2285 Dye Black,PO-99040,Jet Black,240,235,3,4,,,
2026-09-22,17:00-18:00,CWL-1,Iron 3D,ST-2285 Dye Black,PO-99040,Jet Black,247,230,5,1,,,
2026-09-22,18:00-19:00,CWL-1,Iron 3D,ST-2285 Dye Black,PO-99040,Jet Black,320,294,6,5,,,
2026-09-22,19:00-20:00,CWL-1,Iron 3D,ST-2285 Dye Black,PO-99040,Jet Black,246,231,3,4,,,
2026-09-22,20:00-21:00,CWL-1,Iron 3D,ST-2285 Dye Black,PO-99040,Jet Black,256,245,3,4,,,
2026-09-22,21:00-22:00,CWL-1,Iron 3D,ST-2285 Dye Black,PO-99040,Jet Black,277,273,5,5,,,
2026-09-22,22:00-23:00,CWL-1,Iron 3D,ST-2285 Dye Black,PO-99040,Jet Black,299,299,3,4,,,
2026-09-22,23:00-00:00,CWL-1,Iron 3D,ST-2285 Dye Black,PO-99040,Jet Black,260,260,4,2,,,
2026-09-22,00:00-01:00,CWL-1,Iron 3D,ST-5120 Acid Blast,PO-88010,Acid Black,260,256,3,2,,,
2026-09-22,01:00-02:00,CWL-1,Iron 3D,ST-5120 Acid Blast,PO-88010,Acid Black,308,286,5,2,,,
2026-09-22,02:00-03:00,CWL-1,Iron 3D,ST-5120 Acid Blast,PO-88010,Acid Black,268,266,2,3,,,
2026-09-22,03:00-04:00,CWL-1,Iron 3D,ST-5120 Acid Blast,PO-88010,Acid Black,296,275,8,5,,,
2026-09-22,04:00-05:00,CWL-1,Iron 3D,ST-5120 Acid Blast,PO-88010,Acid Black,255,242,7,4,,,
2026-09-22,05:00-06:00,CWL-1,Iron 3D,ST-5120 Acid Blast,PO-88010,Acid Black,270,270,2,3,,,
2026-09-22,06:00-07:00,CWL-1,Iron 3D,ST-5120 Acid Blast,PO-88010,Acid Black,309,290,7,3,,,
2026-09-22,07:00-08:00,CWL-1,Iron 3D,ST-5120 Acid Blast,PO-88010,Acid Black,275,265,6,3,,,
2026-09-23,08:00-09:00,CWL-1,Laser Whisker,ST-3307 Twill Rinse,PO-66120,Khaki,28,26,0,0,,,
2026-09-23,09:00-10:00,CWL-1,Laser Whisker,ST-3307 Twill Rinse,PO-66120,Khaki,37,34,1,1,,,
2026-09-23,10:00-11:00,CWL-1,Laser Whisker,ST-3307 Twill Rinse,PO-66120,Khaki,35,33,1,1,,,
2026-09-23,11:00-12:00,CWL-1,Laser Whisker,ST-3307 Twill Rinse,PO-66120,Khaki,31,31,1,1,,,
2026-09-23,12:00-13:00,CWL-1,Laser Whisker,ST-3307 Twill Rinse,PO-66120,Khaki,33,31,0,0,,,
2026-09-23,13:00-14:00,CWL-1,Laser Whisker,ST-3307 Twill Rinse,PO-66120,Khaki,30,28,0,0,,,
2026-09-23,14:00-15:00,CWL-1,Laser Whisker,ST-3307 Twill Rinse,PO-66120,Khaki,33,30,1,0,,,
2026-09-23,15:00-16:00,CWL-1,Laser Whisker,ST-3307 Twill Rinse,PO-66120,Khaki,33,30,1,1,,,
2026-09-23,16:00-17:00,CWL-1,Laser Whisker,ST-4412 Dark Stone,PO-77101,Dark Blue,25,24,1,0,,,
2026-09-23,17:00-18:00,CWL-1,Laser Whisker,ST-4412 Dark Stone,PO-77101,Dark Blue,30,29,1,0,,,
2026-09-23,18:00-19:00,CWL-1,Laser Whisker,ST-4412 Dark Stone,PO-77101,Dark Blue,34,34,0,0,,,
2026-09-23,19:00-20:00,CWL-1,Laser Whisker,ST-4412 Dark Stone,PO-77101,Dark Blue,32,33,1,0,,,
2026-09-23,20:00-21:00,CWL-1,Laser Whisker,ST-4412 Dark Stone,PO-77101,Dark Blue,30,29,1,0,,,
2026-09-23,21:00-22:00,CWL-1,Laser Whisker,ST-4412 Dark Stone,PO-77101,Dark Blue,34,32,0,0,,,
2026-09-23,22:00-23:00,CWL-1,Laser Whisker,ST-4412 Dark Stone,PO-77101,Dark Blue,34,34,0,1,,,
2026-09-23,23:00-00:00,CWL-1,Laser Whisker,ST-4412 Dark Stone,PO-77101,Dark Blue,37,35,1,0,,,
2026-09-23,00:00-01:00,CWL-1,Laser Whisker,ST-3307 Twill Rinse,PO-66120,Khaki,26,25,0,1,,,
2026-09-23,01:00-02:00,CWL-1,Laser Whisker,ST-3307 Twill Rinse,PO-66120,Khaki,29,27,1,1,,,
2026-09-23,02:00-03:00,CWL-1,Laser Whisker,ST-3307 Twill Rinse,PO-66120,Khaki,33,33,1,0,,,
2026-09-23,03:00-04:00,CWL-1,Laser Whisker,ST-3307 Twill Rinse,PO-66120,Khaki,30,30,0,1,,,
2026-09-23,04:00-05:00,CWL-1,Laser Whisker,ST-3307 Twill Rinse,PO-66120,Khaki,30,29,0,0,,,
2026-09-23,05:00-06:00,CWL-1,Laser Whisker,ST-3307 Twill Rinse,PO-66120,Khaki,30,28,1,0,,,
2026-09-23,06:00-07:00,CWL-1,Laser Whisker,ST-3307 Twill Rinse,PO-66120,Khaki,27,27,0,0,,,
2026-09-23,07:00-08:00,CWL-1,Laser Whisker,ST-3307 Twill Rinse,PO-66120,Khaki,32,31,1,1,,,
2026-09-23,08:00-09:00,CWL-1,Laser Mark Destroy,ST-3350 Twill Garment Dye,PO-66180,Olive,71,68,1,1,,,
2026-09-23,09:00-10:00,CWL-1,Laser Mark Destroy,ST-3350 Twill Garment Dye,PO-66180,Olive,97,95,2,1,,,
2026-09-23,10:00-11:00,CWL-1,Laser Mark Destroy,ST-3350 Twill Garment Dye,PO-66180,Olive,88,83,1,1,,,
2026-09-23,11:00-12:00,CWL-1,Laser Mark Destroy,ST-3350 Twill Garment Dye,PO-66180,Olive,102,96,1,1,,,
2026-09-23,12:00-13:00,CWL-1,Laser Mark Destroy,ST-3350 Twill Garment Dye,PO-66180,Olive,88,87,2,1,,,
2026-09-23,13:00-14:00,CWL-1,Laser Mark Destroy,ST-3350 Twill Garment Dye,PO-66180,Olive,93,91,2,1,,,
2026-09-23,14:00-15:00,CWL-1,Laser Mark Destroy,ST-3350 Twill Garment Dye,PO-66180,Olive,97,96,3,1,,,
2026-09-23,15:00-16:00,CWL-1,Laser Mark Destroy,ST-3350 Twill Garment Dye,PO-66180,Olive,102,100,3,1,,,
2026-09-23,16:00-17:00,CWL-1,Laser Mark Destroy,ST-4412 Dark Stone,PO-77101,Dark Blue,80,75,2,1,,,
2026-09-23,17:00-18:00,CWL-1,Laser Mark Destroy,ST-4412 Dark Stone,PO-77101,Dark Blue,81,82,2,1,,,
2026-09-23,18:00-19:00,CWL-1,Laser Mark Destroy,ST-4412 Dark Stone,PO-77101,Dark Blue,81,83,1,1,,,
2026-09-23,19:00-20:00,CWL-1,Laser Mark Destroy,ST-4412 Dark Stone,PO-77101,Dark Blue,108,101,2,0,,,
2026-09-23,20:00-21:00,CWL-1,Laser Mark Destroy,ST-4412 Dark Stone,PO-77101,Dark Blue,96,95,2,0,,,
2026-09-23,21:00-22:00,CWL-1,Laser Mark Destroy,ST-4412 Dark Stone,PO-77101,Dark Blue,89,86,1,1,,,
2026-09-23,22:00-23:00,CWL-1,Laser Mark Destroy,ST-4412 Dark Stone,PO-77101,Dark Blue,87,81,2,1,,,
2026-09-23,23:00-00:00,CWL-1,Laser Mark Destroy,ST-4412 Dark Stone,PO-77101,Dark Blue,93,85,3,1,,,
2026-09-23,00:00-01:00,CWL-1,Laser Mark Destroy,ST-5120 Acid Blast,PO-88010,Acid Black,80,75,2,1,,,
2026-09-23,01:00-02:00,CWL-1,Laser Mark Destroy,ST-5120 Acid Blast,PO-88010,Acid Black,98,96,3,1,,,
2026-09-23,02:00-03:00,CWL-1,Laser Mark Destroy,ST-5120 Acid Blast,PO-88010,Acid Black,98,97,1,1,,,
2026-09-23,03:00-04:00,CWL-1,Laser Mark Destroy,ST-5120 Acid Blast,PO-88010,Acid Black,105,102,2,1,,,
2026-09-23,04:00-05:00,CWL-1,Laser Mark Destroy,ST-5120 Acid Blast,PO-88010,Acid Black,86,82,1,1,,,
2026-09-23,05:00-06:00,CWL-1,Laser Mark Destroy,ST-5120 Acid Blast,PO-88010,Acid Black,81,80,2,1,,,
2026-09-23,06:00-07:00,CWL-1,Laser Mark Destroy,ST-5120 Acid Blast,PO-88010,Acid Black,100,94,2,2,,,
2026-09-23,07:00-08:00,CWL-1,Laser Mark Destroy,ST-5120 Acid Blast,PO-88010,Acid Black,107,100,1,1,,,
2026-09-23,08:00-09:00,CWL-1,Pattern Whisker,ST-4475 Vintage Wash,PO-77305,Vintage Indigo,1073,1085,30,9,,,
2026-09-23,09:00-10:00,CWL-1,Pattern Whisker,ST-4475 Vintage Wash,PO-77305,Vintage Indigo,1210,1181,15,7,,,
2026-09-23,10:00-11:00,CWL-1,Pattern Whisker,ST-4475 Vintage Wash,PO-77305,Vintage Indigo,1113,1093,27,22,,,
2026-09-23,11:00-12:00,CWL-1,Pattern Whisker,ST-4475 Vintage Wash,PO-77305,Vintage Indigo,1456,1330,29,13,,,
2026-09-23,12:00-13:00,CWL-1,Pattern Whisker,ST-4475 Vintage Wash,PO-77305,Vintage Indigo,1279,1257,26,18,,,
2026-09-23,13:00-14:00,CWL-1,Pattern Whisker,ST-4475 Vintage Wash,PO-77305,Vintage Indigo,1244,1229,16,23,,,
2026-09-23,14:00-15:00,CWL-1,Pattern Whisker,ST-4475 Vintage Wash,PO-77305,Vintage Indigo,1197,1190,31,9,,,
2026-09-23,15:00-16:00,CWL-1,Pattern Whisker,ST-4475 Vintage Wash,PO-77305,Vintage Indigo,1404,1308,30,22,,,
2026-09-23,16:00-17:00,CWL-1,Pattern Whisker,ST-5133 Snow Acid,PO-88055,Snow White,1134,1156,33,12,,,
2026-09-23,17:00-18:00,CWL-1,Pattern Whisker,ST-5133 Snow Acid,PO-88055,Snow White,1266,1153,14,17,,,
2026-09-23,18:00-19:00,CWL-1,Pattern Whisker,ST-5133 Snow Acid,PO-88055,Snow White,1259,1269,17,14,,,
2026-09-23,19:00-20:00,CWL-1,Pattern Whisker,ST-5133 Snow Acid,PO-88055,Snow White,1070,1072,17,7,,,
2026-09-23,20:00-21:00,CWL-1,Pattern Whisker,ST-5133 Snow Acid,PO-88055,Snow White,1369,1281,15,13,,,
2026-09-23,21:00-22:00,CWL-1,Pattern Whisker,ST-5133 Snow Acid,PO-88055,Snow White,1387,1276,34,20,,,
2026-09-23,22:00-23:00,CWL-1,Pattern Whisker,ST-5133 Snow Acid,PO-88055,Snow White,1192,1154,31,6,,,
2026-09-23,23:00-00:00,CWL-1,Pattern Whisker,ST-5133 Snow Acid,PO-88055,Snow White,1275,1188,19,24,,,
2026-09-23,00:00-01:00,CWL-1,Pattern Whisker,ST-5133 Snow Acid,PO-88055,Snow White,966,909,16,10,,,
2026-09-23,01:00-02:00,CWL-1,Pattern Whisker,ST-5133 Snow Acid,PO-88055,Snow White,1102,1063,30,7,,,
2026-09-23,02:00-03:00,CWL-1,Pattern Whisker,ST-5133 Snow Acid,PO-88055,Snow White,1245,1162,30,9,,,
2026-09-23,03:00-04:00,CWL-1,Pattern Whisker,ST-5133 Snow Acid,PO-88055,Snow White,1224,1173,34,17,,,
2026-09-23,04:00-05:00,CWL-1,Pattern Whisker,ST-5133 Snow Acid,PO-88055,Snow White,1361,1242,33,17,,,
2026-09-23,05:00-06:00,CWL-1,Pattern Whisker,ST-5133 Snow Acid,PO-88055,Snow White,1199,1119,29,8,,,
2026-09-23,06:00-07:00,CWL-1,Pattern Whisker,ST-5133 Snow Acid,PO-88055,Snow White,1098,1118,10,21,,,
2026-09-23,07:00-08:00,CWL-1,Pattern Whisker,ST-5133 Snow Acid,PO-88055,Snow White,1332,1339,33,7,,,
2026-09-23,08:00-09:00,CWL-1,Hand Sand (Front & Back),ST-2285 Dye Black,PO-99040,Jet Black,263,267,8,2,30,Operator shortage,
2026-09-23,09:00-10:00,CWL-1,Hand Sand (Front & Back),ST-2285 Dye Black,PO-99040,Jet Black,538,544,8,8,,,
2026-09-23,10:00-11:00,CWL-1,Hand Sand (Front & Back),ST-2285 Dye Black,PO-99040,Jet Black,549,525,15,5,,,
2026-09-23,11:00-12:00,CWL-1,Hand Sand (Front & Back),ST-2285 Dye Black,PO-99040,Jet Black,663,639,13,10,,,
2026-09-23,12:00-13:00,CWL-1,Hand Sand (Front & Back),ST-2285 Dye Black,PO-99040,Jet Black,650,635,8,11,,,
2026-09-23,13:00-14:00,CWL-1,Hand Sand (Front & Back),ST-2285 Dye Black,PO-99040,Jet Black,679,643,16,10,,,
2026-09-23,14:00-15:00,CWL-1,Hand Sand (Front & Back),ST-2285 Dye Black,PO-99040,Jet Black,610,611,17,8,,,
2026-09-23,15:00-16:00,CWL-1,Hand Sand (Front & Back),ST-2285 Dye Black,PO-99040,Jet Black,661,625,11,4,,,
2026-09-23,16:00-17:00,CWL-1,Hand Sand (Front & Back),ST-4430 Mid Blue,PO-77210,Mid Blue,548,544,13,5,,,
2026-09-23,17:00-18:00,CWL-1,Hand Sand (Front & Back),ST-4430 Mid Blue,PO-77210,Mid Blue,608,582,14,11,,,
2026-09-23,18:00-19:00,CWL-1,Hand Sand (Front & Back),ST-4430 Mid Blue,PO-77210,Mid Blue,631,593,8,11,,,
2026-09-23,19:00-20:00,CWL-1,Hand Sand (Front & Back),ST-4430 Mid Blue,PO-77210,Mid Blue,562,564,8,6,,,
2026-09-23,20:00-21:00,CWL-1,Hand Sand (Front & Back),ST-4430 Mid Blue,PO-77210,Mid Blue,533,544,5,4,,,
2026-09-23,21:00-22:00,CWL-1,Hand Sand (Front & Back),ST-4430 Mid Blue,PO-77210,Mid Blue,584,536,16,5,,,
2026-09-23,22:00-23:00,CWL-1,Hand Sand (Front & Back),ST-4430 Mid Blue,PO-77210,Mid Blue,559,547,13,5,,,
2026-09-23,23:00-00:00,CWL-1,Hand Sand (Front & Back),ST-4430 Mid Blue,PO-77210,Mid Blue,734,672,7,8,,,
2026-09-23,00:00-01:00,CWL-1,Hand Sand (Front & Back),ST-3307 Twill Rinse,PO-66120,Khaki,469,444,7,6,,,
2026-09-23,01:00-02:00,CWL-1,Hand Sand (Front & Back),ST-3307 Twill Rinse,PO-66120,Khaki,581,562,6,8,,,
2026-09-23,02:00-03:00,CWL-1,Hand Sand (Front & Back),ST-3307 Twill Rinse,PO-66120,Khaki,633,594,13,10,,,
2026-09-23,03:00-04:00,CWL-1,Hand Sand (Front & Back),ST-3307 Twill Rinse,PO-66120,Khaki,601,577,7,9,,,
2026-09-23,04:00-05:00,CWL-1,Hand Sand (Front & Back),ST-3307 Twill Rinse,PO-66120,Khaki,608,563,15,8,,,
2026-09-23,05:00-06:00,CWL-1,Hand Sand (Front & Back),ST-3307 Twill Rinse,PO-66120,Khaki,642,591,16,4,,,
2026-09-23,06:00-07:00,CWL-1,Hand Sand (Front & Back),ST-3307 Twill Rinse,PO-66120,Khaki,567,518,13,7,,,
2026-09-23,07:00-08:00,CWL-1,Hand Sand (Front & Back),ST-3307 Twill Rinse,PO-66120,Khaki,725,669,15,5,,,
2026-09-23,08:00-09:00,CWL-1,Allover Hand Sand,ST-4475 Vintage Wash,PO-77305,Vintage Indigo,86,79,2,0,,,
2026-09-23,09:00-10:00,CWL-1,Allover Hand Sand,ST-4475 Vintage Wash,PO-77305,Vintage Indigo,96,92,2,1,,,
2026-09-23,10:00-11:00,CWL-1,Allover Hand Sand,ST-4475 Vintage Wash,PO-77305,Vintage Indigo,110,104,1,2,,,
2026-09-23,11:00-12:00,CWL-1,Allover Hand Sand,ST-4475 Vintage Wash,PO-77305,Vintage Indigo,90,91,1,1,,,
2026-09-23,12:00-13:00,CWL-1,Allover Hand Sand,ST-4475 Vintage Wash,PO-77305,Vintage Indigo,101,98,0,0,,,
2026-09-23,13:00-14:00,CWL-1,Allover Hand Sand,ST-4475 Vintage Wash,PO-77305,Vintage Indigo,87,84,2,1,,,
2026-09-23,14:00-15:00,CWL-1,Allover Hand Sand,ST-4475 Vintage Wash,PO-77305,Vintage Indigo,106,105,2,1,,,
2026-09-23,15:00-16:00,CWL-1,Allover Hand Sand,ST-4475 Vintage Wash,PO-77305,Vintage Indigo,80,81,2,1,,,
2026-09-23,16:00-17:00,CWL-1,Allover Hand Sand,ST-4412 Dark Stone,PO-77101,Dark Blue,97,89,1,1,,,
2026-09-23,17:00-18:00,CWL-1,Allover Hand Sand,ST-4412 Dark Stone,PO-77101,Dark Blue,94,89,2,1,,,
2026-09-23,18:00-19:00,CWL-1,Allover Hand Sand,ST-4412 Dark Stone,PO-77101,Dark Blue,104,105,1,1,,,
2026-09-23,19:00-20:00,CWL-1,Allover Hand Sand,ST-4412 Dark Stone,PO-77101,Dark Blue,88,86,3,0,,,
2026-09-23,20:00-21:00,CWL-1,Allover Hand Sand,ST-4412 Dark Stone,PO-77101,Dark Blue,39,36,0,0,30,Machine breakdown,
2026-09-23,21:00-22:00,CWL-1,Allover Hand Sand,ST-4412 Dark Stone,PO-77101,Dark Blue,11,10,0,0,30,Machine breakdown,
2026-09-23,22:00-23:00,CWL-1,Allover Hand Sand,ST-4412 Dark Stone,PO-77101,Dark Blue,86,88,2,1,,,
2026-09-23,23:00-00:00,CWL-1,Allover Hand Sand,ST-4412 Dark Stone,PO-77101,Dark Blue,86,86,1,1,,,
2026-09-23,00:00-01:00,CWL-1,Allover Hand Sand,ST-4475 Vintage Wash,PO-77305,Vintage Indigo,74,69,1,1,,,
2026-09-23,01:00-02:00,CWL-1,Allover Hand Sand,ST-4475 Vintage Wash,PO-77305,Vintage Indigo,98,94,2,2,,,
2026-09-23,02:00-03:00,CWL-1,Allover Hand Sand,ST-4475 Vintage Wash,PO-77305,Vintage Indigo,101,103,1,2,,,
2026-09-23,03:00-04:00,CWL-1,Allover Hand Sand,ST-4475 Vintage Wash,PO-77305,Vintage Indigo,102,96,1,0,,,
2026-09-23,04:00-05:00,CWL-1,Allover Hand Sand,ST-4475 Vintage Wash,PO-77305,Vintage Indigo,90,84,2,2,,,
2026-09-23,05:00-06:00,CWL-1,Allover Hand Sand,ST-4475 Vintage Wash,PO-77305,Vintage Indigo,96,92,3,2,,,
2026-09-23,06:00-07:00,CWL-1,Allover Hand Sand,ST-4475 Vintage Wash,PO-77305,Vintage Indigo,102,103,1,1,,,
2026-09-23,07:00-08:00,CWL-1,Allover Hand Sand,ST-4475 Vintage Wash,PO-77305,Vintage Indigo,92,92,1,2,,,
2026-09-23,08:00-09:00,CWL-1,Tagging,ST-4430 Mid Blue,PO-77210,Mid Blue,668,637,12,10,,,
2026-09-23,09:00-10:00,CWL-1,Tagging,ST-4430 Mid Blue,PO-77210,Mid Blue,709,721,15,11,,,
2026-09-23,10:00-11:00,CWL-1,Tagging,ST-4430 Mid Blue,PO-77210,Mid Blue,752,753,14,9,,,
2026-09-23,11:00-12:00,CWL-1,Tagging,ST-4430 Mid Blue,PO-77210,Mid Blue,852,850,16,14,,,
2026-09-23,12:00-13:00,CWL-1,Tagging,ST-4430 Mid Blue,PO-77210,Mid Blue,769,723,12,10,,,
2026-09-23,13:00-14:00,CWL-1,Tagging,ST-4430 Mid Blue,PO-77210,Mid Blue,721,692,18,10,,,
2026-09-23,14:00-15:00,CWL-1,Tagging,ST-4430 Mid Blue,PO-77210,Mid Blue,834,777,19,5,,,
2026-09-23,15:00-16:00,CWL-1,Tagging,ST-4430 Mid Blue,PO-77210,Mid Blue,768,730,16,7,,,
2026-09-23,16:00-17:00,CWL-1,Tagging,ST-4475 Vintage Wash,PO-77305,Vintage Indigo,636,623,6,10,,,
2026-09-23,17:00-18:00,CWL-1,Tagging,ST-4475 Vintage Wash,PO-77305,Vintage Indigo,838,836,11,7,,,
2026-09-23,18:00-19:00,CWL-1,Tagging,ST-4475 Vintage Wash,PO-77305,Vintage Indigo,725,724,10,7,,,
2026-09-23,19:00-20:00,CWL-1,Tagging,ST-4475 Vintage Wash,PO-77305,Vintage Indigo,125,125,2,1,45,Operator shortage,
2026-09-23,20:00-21:00,CWL-1,Tagging,ST-4475 Vintage Wash,PO-77305,Vintage Indigo,834,824,11,16,,,
2026-09-23,21:00-22:00,CWL-1,Tagging,ST-4475 Vintage Wash,PO-77305,Vintage Indigo,827,823,9,14,,,
2026-09-23,22:00-23:00,CWL-1,Tagging,ST-4475 Vintage Wash,PO-77305,Vintage Indigo,846,805,8,16,,,
2026-09-23,23:00-00:00,CWL-1,Tagging,ST-4475 Vintage Wash,PO-77305,Vintage Indigo,802,750,19,9,,,
2026-09-23,00:00-01:00,CWL-1,Tagging,ST-5133 Snow Acid,PO-88055,Snow White,732,724,12,7,,,
2026-09-23,01:00-02:00,CWL-1,Tagging,ST-5133 Snow Acid,PO-88055,Snow White,801,752,17,5,,,
2026-09-23,02:00-03:00,CWL-1,Tagging,ST-5133 Snow Acid,PO-88055,Snow White,795,748,10,7,,,
2026-09-23,03:00-04:00,CWL-1,Tagging,ST-5133 Snow Acid,PO-88055,Snow White,851,779,23,13,,,
2026-09-23,04:00-05:00,CWL-1,Tagging,ST-5133 Snow Acid,PO-88055,Snow White,864,841,16,8,,,
2026-09-23,05:00-06:00,CWL-1,Tagging,ST-5133 Snow Acid,PO-88055,Snow White,796,810,8,10,,,
2026-09-23,06:00-07:00,CWL-1,Tagging,ST-5133 Snow Acid,PO-88055,Snow White,790,791,8,15,,,
2026-09-23,07:00-08:00,CWL-1,Tagging,ST-5133 Snow Acid,PO-88055,Snow White,729,669,18,11,,,
2026-09-23,08:00-09:00,CWL-1,Grinding,ST-4412 Dark Stone,PO-77101,Dark Blue,183,170,3,2,,,
2026-09-23,09:00-10:00,CWL-1,Grinding,ST-4412 Dark Stone,PO-77101,Dark Blue,40,40,0,0,45,Waiting for input,
2026-09-23,10:00-11:00,CWL-1,Grinding,ST-4412 Dark Stone,PO-77101,Dark Blue,269,256,3,3,,,
2026-09-23,11:00-12:00,CWL-1,Grinding,ST-4412 Dark Stone,PO-77101,Dark Blue,243,233,2,4,,,
2026-09-23,12:00-13:00,CWL-1,Grinding,ST-4412 Dark Stone,PO-77101,Dark Blue,214,212,3,2,,,
2026-09-23,13:00-14:00,CWL-1,Grinding,ST-4412 Dark Stone,PO-77101,Dark Blue,69,66,1,1,30,Quality hold,
2026-09-23,14:00-15:00,CWL-1,Grinding,ST-4412 Dark Stone,PO-77101,Dark Blue,228,211,3,2,,,
2026-09-23,15:00-16:00,CWL-1,Grinding,ST-4412 Dark Stone,PO-77101,Dark Blue,204,202,2,4,,,
2026-09-23,16:00-17:00,CWL-1,Grinding,ST-3350 Twill Garment Dye,PO-66180,Olive,177,179,4,1,,,
2026-09-23,17:00-18:00,CWL-1,Grinding,ST-3350 Twill Garment Dye,PO-66180,Olive,225,224,5,4,,,
2026-09-23,18:00-19:00,CWL-1,Grinding,ST-3350 Twill Garment Dye,PO-66180,Olive,224,223,6,4,,,
2026-09-23,19:00-20:00,CWL-1,Grinding,ST-3350 Twill Garment Dye,PO-66180,Olive,208,211,5,4,,,
2026-09-23,20:00-21:00,CWL-1,Grinding,ST-3350 Twill Garment Dye,PO-66180,Olive,220,221,2,4,,,
2026-09-23,21:00-22:00,CWL-1,Grinding,ST-3350 Twill Garment Dye,PO-66180,Olive,216,217,6,3,,,
2026-09-23,22:00-23:00,CWL-1,Grinding,ST-3350 Twill Garment Dye,PO-66180,Olive,202,198,5,3,,,
2026-09-23,23:00-00:00,CWL-1,Grinding,ST-3350 Twill Garment Dye,PO-66180,Olive,6,6,0,0,30,Machine breakdown,
2026-09-23,00:00-01:00,CWL-1,Grinding,ST-3307 Twill Rinse,PO-66120,Khaki,212,212,5,1,,,
2026-09-23,01:00-02:00,CWL-1,Grinding,ST-3307 Twill Rinse,PO-66120,Khaki,260,246,4,4,,,
2026-09-23,02:00-03:00,CWL-1,Grinding,ST-3307 Twill Rinse,PO-66120,Khaki,214,203,5,1,,,
2026-09-23,03:00-04:00,CWL-1,Grinding,ST-3307 Twill Rinse,PO-66120,Khaki,246,251,6,4,,,
2026-09-23,04:00-05:00,CWL-1,Grinding,ST-3307 Twill Rinse,PO-66120,Khaki,218,209,1,3,,,
2026-09-23,05:00-06:00,CWL-1,Grinding,ST-3307 Twill Rinse,PO-66120,Khaki,219,221,3,5,,,
2026-09-23,06:00-07:00,CWL-1,Grinding,ST-3307 Twill Rinse,PO-66120,Khaki,209,203,3,3,,,
2026-09-23,07:00-08:00,CWL-1,Grinding,ST-3307 Twill Rinse,PO-66120,Khaki,225,212,2,2,,,
2026-09-23,08:00-09:00,CWL-1,Destruction,ST-5133 Snow Acid,PO-88055,Snow White,134,135,3,1,,,
2026-09-23,09:00-10:00,CWL-1,Destruction,ST-5133 Snow Acid,PO-88055,Snow White,164,160,2,3,,,
2026-09-23,10:00-11:00,CWL-1,Destruction,ST-5133 Snow Acid,PO-88055,Snow White,154,154,3,3,,,
2026-09-23,11:00-12:00,CWL-1,Destruction,ST-5133 Snow Acid,PO-88055,Snow White,200,198,4,2,,,
2026-09-23,12:00-13:00,CWL-1,Destruction,ST-5133 Snow Acid,PO-88055,Snow White,207,196,2,3,,,
2026-09-23,13:00-14:00,CWL-1,Destruction,ST-5133 Snow Acid,PO-88055,Snow White,184,182,5,2,,,
2026-09-23,14:00-15:00,CWL-1,Destruction,ST-5133 Snow Acid,PO-88055,Snow White,172,164,1,2,,,
2026-09-23,15:00-16:00,CWL-1,Destruction,ST-5133 Snow Acid,PO-88055,Snow White,176,171,3,3,,,
2026-09-23,16:00-17:00,CWL-1,Destruction,ST-3307 Twill Rinse,PO-66120,Khaki,160,154,3,3,,,
2026-09-23,17:00-18:00,CWL-1,Destruction,ST-3307 Twill Rinse,PO-66120,Khaki,197,192,5,3,,,
2026-09-23,18:00-19:00,CWL-1,Destruction,ST-3307 Twill Rinse,PO-66120,Khaki,171,171,3,2,,,
2026-09-23,19:00-20:00,CWL-1,Destruction,ST-3307 Twill Rinse,PO-66120,Khaki,165,158,4,2,,,
2026-09-23,20:00-21:00,CWL-1,Destruction,ST-3307 Twill Rinse,PO-66120,Khaki,194,192,5,2,,,
2026-09-23,21:00-22:00,CWL-1,Destruction,ST-3307 Twill Rinse,PO-66120,Khaki,198,184,3,4,,,
2026-09-23,22:00-23:00,CWL-1,Destruction,ST-3307 Twill Rinse,PO-66120,Khaki,190,181,3,3,,,
2026-09-23,23:00-00:00,CWL-1,Destruction,ST-3307 Twill Rinse,PO-66120,Khaki,207,197,4,4,,,
2026-09-23,00:00-01:00,CWL-1,Destruction,ST-4430 Mid Blue,PO-77210,Mid Blue,176,168,2,2,,,
2026-09-23,01:00-02:00,CWL-1,Destruction,ST-4430 Mid Blue,PO-77210,Mid Blue,174,163,5,2,,,
2026-09-23,02:00-03:00,CWL-1,Destruction,ST-4430 Mid Blue,PO-77210,Mid Blue,204,191,6,3,,,
2026-09-23,03:00-04:00,CWL-1,Destruction,ST-4430 Mid Blue,PO-77210,Mid Blue,200,183,3,1,,,
2026-09-23,04:00-05:00,CWL-1,Destruction,ST-4430 Mid Blue,PO-77210,Mid Blue,192,186,5,1,,,
2026-09-23,05:00-06:00,CWL-1,Destruction,ST-4430 Mid Blue,PO-77210,Mid Blue,199,196,2,2,,,
2026-09-23,06:00-07:00,CWL-1,Destruction,ST-4430 Mid Blue,PO-77210,Mid Blue,175,165,3,3,,,
2026-09-23,07:00-08:00,CWL-1,Destruction,ST-4430 Mid Blue,PO-77210,Mid Blue,196,190,4,4,,,
2026-09-23,08:00-09:00,CWL-1,Cutting / Destroy,ST-3350 Twill Garment Dye,PO-66180,Olive,310,302,7,6,,,
2026-09-23,09:00-10:00,CWL-1,Cutting / Destroy,ST-3350 Twill Garment Dye,PO-66180,Olive,355,351,10,5,,,
2026-09-23,10:00-11:00,CWL-1,Cutting / Destroy,ST-3350 Twill Garment Dye,PO-66180,Olive,327,318,8,5,,,
2026-09-23,11:00-12:00,CWL-1,Cutting / Destroy,ST-3350 Twill Garment Dye,PO-66180,Olive,368,344,5,6,,,
2026-09-23,12:00-13:00,CWL-1,Cutting / Destroy,ST-3350 Twill Garment Dye,PO-66180,Olive,342,330,6,3,,,
2026-09-23,13:00-14:00,CWL-1,Cutting / Destroy,ST-3350 Twill Garment Dye,PO-66180,Olive,393,359,3,4,,,
2026-09-23,14:00-15:00,CWL-1,Cutting / Destroy,ST-3350 Twill Garment Dye,PO-66180,Olive,392,358,10,5,,,
2026-09-23,15:00-16:00,CWL-1,Cutting / Destroy,ST-3350 Twill Garment Dye,PO-66180,Olive,63,64,2,2,15,Machine breakdown,
2026-09-23,16:00-17:00,CWL-1,Cutting / Destroy,ST-4430 Mid Blue,PO-77210,Mid Blue,252,256,7,1,,,
2026-09-23,17:00-18:00,CWL-1,Cutting / Destroy,ST-4430 Mid Blue,PO-77210,Mid Blue,96,95,1,2,30,Changeover / setup,
2026-09-23,18:00-19:00,CWL-1,Cutting / Destroy,ST-4430 Mid Blue,PO-77210,Mid Blue,326,318,8,3,,,
2026-09-23,19:00-20:00,CWL-1,Cutting / Destroy,ST-4430 Mid Blue,PO-77210,Mid Blue,349,340,10,6,,,
2026-09-23,20:00-21:00,CWL-1,Cutting / Destroy,ST-4430 Mid Blue,PO-77210,Mid Blue,382,370,8,4,,,
2026-09-23,21:00-22:00,CWL-1,Cutting / Destroy,ST-4430 Mid Blue,PO-77210,Mid Blue,357,329,3,3,,,
2026-09-23,22:00-23:00,CWL-1,Cutting / Destroy,ST-4430 Mid Blue,PO-77210,Mid Blue,383,369,9,5,,,
2026-09-23,23:00-00:00,CWL-1,Cutting / Destroy,ST-4430 Mid Blue,PO-77210,Mid Blue,335,323,6,2,,,
2026-09-23,00:00-01:00,CWL-1,Cutting / Destroy,ST-4430 Mid Blue,PO-77210,Mid Blue,295,279,5,4,,,
2026-09-23,01:00-02:00,CWL-1,Cutting / Destroy,ST-4430 Mid Blue,PO-77210,Mid Blue,329,323,7,5,,,
2026-09-23,02:00-03:00,CWL-1,Cutting / Destroy,ST-4430 Mid Blue,PO-77210,Mid Blue,332,303,5,6,,,
2026-09-23,03:00-04:00,CWL-1,Cutting / Destroy,ST-4430 Mid Blue,PO-77210,Mid Blue,383,367,6,4,,,
2026-09-23,04:00-05:00,CWL-1,Cutting / Destroy,ST-4430 Mid Blue,PO-77210,Mid Blue,344,346,9,3,,,
2026-09-23,05:00-06:00,CWL-1,Cutting / Destroy,ST-4430 Mid Blue,PO-77210,Mid Blue,325,324,3,3,,,
2026-09-23,06:00-07:00,CWL-1,Cutting / Destroy,ST-4430 Mid Blue,PO-77210,Mid Blue,376,377,9,7,,,
2026-09-23,07:00-08:00,CWL-1,Cutting / Destroy,ST-4430 Mid Blue,PO-77210,Mid Blue,327,298,3,5,,,
2026-09-23,08:00-09:00,CWL-1,Air Blowing,ST-4475 Vintage Wash,PO-77305,Vintage Indigo,353,326,8,2,,,
2026-09-23,09:00-10:00,CWL-1,Air Blowing,ST-4475 Vintage Wash,PO-77305,Vintage Indigo,476,441,12,5,,,
2026-09-23,10:00-11:00,CWL-1,Air Blowing,ST-4475 Vintage Wash,PO-77305,Vintage Indigo,439,433,8,7,,,
2026-09-23,11:00-12:00,CWL-1,Air Blowing,ST-4475 Vintage Wash,PO-77305,Vintage Indigo,442,418,7,3,,,
2026-09-23,12:00-13:00,CWL-1,Air Blowing,ST-4475 Vintage Wash,PO-77305,Vintage Indigo,386,361,6,4,,,
2026-09-23,13:00-14:00,CWL-1,Air Blowing,ST-4475 Vintage Wash,PO-77305,Vintage Indigo,444,441,5,3,,,
2026-09-23,14:00-15:00,CWL-1,Air Blowing,ST-4475 Vintage Wash,PO-77305,Vintage Indigo,375,357,6,4,,,
2026-09-23,15:00-16:00,CWL-1,Air Blowing,ST-4475 Vintage Wash,PO-77305,Vintage Indigo,394,368,5,3,,,
2026-09-23,16:00-17:00,CWL-1,Air Blowing,ST-2285 Dye Black,PO-99040,Jet Black,393,374,10,7,,,
2026-09-23,17:00-18:00,CWL-1,Air Blowing,ST-2285 Dye Black,PO-99040,Jet Black,346,346,5,5,,,
2026-09-23,18:00-19:00,CWL-1,Air Blowing,ST-2285 Dye Black,PO-99040,Jet Black,446,417,4,8,,,
2026-09-23,19:00-20:00,CWL-1,Air Blowing,ST-2285 Dye Black,PO-99040,Jet Black,372,344,7,5,,,
2026-09-23,20:00-21:00,CWL-1,Air Blowing,ST-2285 Dye Black,PO-99040,Jet Black,391,377,6,6,,,
2026-09-23,21:00-22:00,CWL-1,Air Blowing,ST-2285 Dye Black,PO-99040,Jet Black,446,428,8,3,,,
2026-09-23,22:00-23:00,CWL-1,Air Blowing,ST-2285 Dye Black,PO-99040,Jet Black,357,351,9,1,,,
2026-09-23,23:00-00:00,CWL-1,Air Blowing,ST-2285 Dye Black,PO-99040,Jet Black,373,373,8,3,,,
2026-09-23,00:00-01:00,CWL-1,Air Blowing,ST-4430 Mid Blue,PO-77210,Mid Blue,320,294,5,4,,,
2026-09-23,01:00-02:00,CWL-1,Air Blowing,ST-4430 Mid Blue,PO-77210,Mid Blue,388,372,4,6,,,
2026-09-23,02:00-03:00,CWL-1,Air Blowing,ST-4430 Mid Blue,PO-77210,Mid Blue,422,429,5,3,,,
2026-09-23,03:00-04:00,CWL-1,Air Blowing,ST-4430 Mid Blue,PO-77210,Mid Blue,362,368,9,2,,,
2026-09-23,04:00-05:00,CWL-1,Air Blowing,ST-4430 Mid Blue,PO-77210,Mid Blue,392,361,10,2,,,
2026-09-23,05:00-06:00,CWL-1,Air Blowing,ST-4430 Mid Blue,PO-77210,Mid Blue,357,357,6,3,,,
2026-09-23,06:00-07:00,CWL-1,Air Blowing,ST-4430 Mid Blue,PO-77210,Mid Blue,394,389,12,7,,,
2026-09-23,07:00-08:00,CWL-1,Air Blowing,ST-4430 Mid Blue,PO-77210,Mid Blue,382,349,9,4,,,
2026-09-23,08:00-09:00,CWL-1,PP Spray (Front & Back),ST-5133 Snow Acid,PO-88055,Snow White,841,813,9,10,,,
2026-09-23,09:00-10:00,CWL-1,PP Spray (Front & Back),ST-5133 Snow Acid,PO-88055,Snow White,908,827,20,7,,,
2026-09-23,10:00-11:00,CWL-1,PP Spray (Front & Back),ST-5133 Snow Acid,PO-88055,Snow White,801,785,14,14,,,
2026-09-23,11:00-12:00,CWL-1,PP Spray (Front & Back),ST-5133 Snow Acid,PO-88055,Snow White,821,807,7,12,,,
2026-09-23,12:00-13:00,CWL-1,PP Spray (Front & Back),ST-5133 Snow Acid,PO-88055,Snow White,902,885,17,7,,,
2026-09-23,13:00-14:00,CWL-1,PP Spray (Front & Back),ST-5133 Snow Acid,PO-88055,Snow White,824,822,24,11,,,
2026-09-23,14:00-15:00,CWL-1,PP Spray (Front & Back),ST-5133 Snow Acid,PO-88055,Snow White,826,812,17,5,,,
2026-09-23,15:00-16:00,CWL-1,PP Spray (Front & Back),ST-5133 Snow Acid,PO-88055,Snow White,931,942,8,14,,,
2026-09-23,16:00-17:00,CWL-1,PP Spray (Front & Back),ST-4412 Dark Stone,PO-77101,Dark Blue,789,765,20,6,,,
2026-09-23,17:00-18:00,CWL-1,PP Spray (Front & Back),ST-4412 Dark Stone,PO-77101,Dark Blue,757,768,23,9,,,
2026-09-23,18:00-19:00,CWL-1,PP Spray (Front & Back),ST-4412 Dark Stone,PO-77101,Dark Blue,779,771,13,10,,,
2026-09-23,19:00-20:00,CWL-1,PP Spray (Front & Back),ST-4412 Dark Stone,PO-77101,Dark Blue,924,926,8,12,,,
2026-09-23,20:00-21:00,CWL-1,PP Spray (Front & Back),ST-4412 Dark Stone,PO-77101,Dark Blue,911,875,21,7,,,
2026-09-23,21:00-22:00,CWL-1,PP Spray (Front & Back),ST-4412 Dark Stone,PO-77101,Dark Blue,861,802,14,5,,,
2026-09-23,22:00-23:00,CWL-1,PP Spray (Front & Back),ST-4412 Dark Stone,PO-77101,Dark Blue,981,899,18,17,,,
2026-09-23,23:00-00:00,CWL-1,PP Spray (Front & Back),ST-4412 Dark Stone,PO-77101,Dark Blue,941,907,22,5,,,
2026-09-23,00:00-01:00,CWL-1,PP Spray (Front & Back),ST-5133 Snow Acid,PO-88055,Snow White,741,714,10,6,,,
2026-09-23,01:00-02:00,CWL-1,PP Spray (Front & Back),ST-5133 Snow Acid,PO-88055,Snow White,992,903,27,5,,,
2026-09-23,02:00-03:00,CWL-1,PP Spray (Front & Back),ST-5133 Snow Acid,PO-88055,Snow White,830,834,13,4,,,
2026-09-23,03:00-04:00,CWL-1,PP Spray (Front & Back),ST-5133 Snow Acid,PO-88055,Snow White,808,809,16,15,,,
2026-09-23,04:00-05:00,CWL-1,PP Spray (Front & Back),ST-5133 Snow Acid,PO-88055,Snow White,1048,969,22,7,,,
2026-09-23,05:00-06:00,CWL-1,PP Spray (Front & Back),ST-5133 Snow Acid,PO-88055,Snow White,804,820,17,14,,,
2026-09-23,06:00-07:00,CWL-1,PP Spray (Front & Back),ST-5133 Snow Acid,PO-88055,Snow White,915,838,20,9,,,
2026-09-23,07:00-08:00,CWL-1,PP Spray (Front & Back),ST-5133 Snow Acid,PO-88055,Snow White,1030,986,10,14,,,
2026-09-23,08:00-09:00,CWL-1,Allover PP Spray,ST-3350 Twill Garment Dye,PO-66180,Olive,300,303,4,4,,,
2026-09-23,09:00-10:00,CWL-1,Allover PP Spray,ST-3350 Twill Garment Dye,PO-66180,Olive,359,330,6,5,,,
2026-09-23,10:00-11:00,CWL-1,Allover PP Spray,ST-3350 Twill Garment Dye,PO-66180,Olive,344,328,4,6,,,
2026-09-23,11:00-12:00,CWL-1,Allover PP Spray,ST-3350 Twill Garment Dye,PO-66180,Olive,292,284,3,3,,,
2026-09-23,12:00-13:00,CWL-1,Allover PP Spray,ST-3350 Twill Garment Dye,PO-66180,Olive,41,37,0,0,30,Changeover / setup,
2026-09-23,13:00-14:00,CWL-1,Allover PP Spray,ST-3350 Twill Garment Dye,PO-66180,Olive,357,364,8,6,,,
2026-09-23,14:00-15:00,CWL-1,Allover PP Spray,ST-3350 Twill Garment Dye,PO-66180,Olive,328,324,6,4,,,
2026-09-23,15:00-16:00,CWL-1,Allover PP Spray,ST-3350 Twill Garment Dye,PO-66180,Olive,314,304,5,5,,,
2026-09-23,16:00-17:00,CWL-1,Allover PP Spray,ST-4412 Dark Stone,PO-77101,Dark Blue,326,297,9,4,,,
2026-09-23,17:00-18:00,CWL-1,Allover PP Spray,ST-4412 Dark Stone,PO-77101,Dark Blue,311,284,3,5,,,
2026-09-23,18:00-19:00,CWL-1,Allover PP Spray,ST-4412 Dark Stone,PO-77101,Dark Blue,333,334,6,6,,,
2026-09-23,19:00-20:00,CWL-1,Allover PP Spray,ST-4412 Dark Stone,PO-77101,Dark Blue,287,291,7,4,,,
2026-09-23,20:00-21:00,CWL-1,Allover PP Spray,ST-4412 Dark Stone,PO-77101,Dark Blue,365,354,9,4,,,
2026-09-23,21:00-22:00,CWL-1,Allover PP Spray,ST-4412 Dark Stone,PO-77101,Dark Blue,360,336,6,6,,,
2026-09-23,22:00-23:00,CWL-1,Allover PP Spray,ST-4412 Dark Stone,PO-77101,Dark Blue,356,344,6,6,,,
2026-09-23,23:00-00:00,CWL-1,Allover PP Spray,ST-4412 Dark Stone,PO-77101,Dark Blue,364,355,5,6,,,
2026-09-23,00:00-01:00,CWL-1,Allover PP Spray,ST-4475 Vintage Wash,PO-77305,Vintage Indigo,309,290,8,2,,,
2026-09-23,01:00-02:00,CWL-1,Allover PP Spray,ST-4475 Vintage Wash,PO-77305,Vintage Indigo,327,301,8,5,,,
2026-09-23,02:00-03:00,CWL-1,Allover PP Spray,ST-4475 Vintage Wash,PO-77305,Vintage Indigo,320,311,4,2,,,
2026-09-23,03:00-04:00,CWL-1,Allover PP Spray,ST-4475 Vintage Wash,PO-77305,Vintage Indigo,313,294,8,6,,,
2026-09-23,04:00-05:00,CWL-1,Allover PP Spray,ST-4475 Vintage Wash,PO-77305,Vintage Indigo,367,365,9,2,,,
2026-09-23,05:00-06:00,CWL-1,Allover PP Spray,ST-4475 Vintage Wash,PO-77305,Vintage Indigo,349,327,5,6,,,
2026-09-23,06:00-07:00,CWL-1,Allover PP Spray,ST-4475 Vintage Wash,PO-77305,Vintage Indigo,340,329,6,3,,,
2026-09-23,07:00-08:00,CWL-1,Allover PP Spray,ST-4475 Vintage Wash,PO-77305,Vintage Indigo,380,351,7,2,,,
2026-09-23,08:00-09:00,CWL-1,PP Rubbing,ST-3307 Twill Rinse,PO-66120,Khaki,181,175,2,2,,,
2026-09-23,09:00-10:00,CWL-1,PP Rubbing,ST-3307 Twill Rinse,PO-66120,Khaki,173,166,3,1,,,
2026-09-23,10:00-11:00,CWL-1,PP Rubbing,ST-3307 Twill Rinse,PO-66120,Khaki,214,196,6,2,,,
2026-09-23,11:00-12:00,CWL-1,PP Rubbing,ST-3307 Twill Rinse,PO-66120,Khaki,191,174,4,1,,,
2026-09-23,12:00-13:00,CWL-1,PP Rubbing,ST-3307 Twill Rinse,PO-66120,Khaki,208,208,4,2,,,
2026-09-23,13:00-14:00,CWL-1,PP Rubbing,ST-3307 Twill Rinse,PO-66120,Khaki,196,187,5,2,,,
2026-09-23,14:00-15:00,CWL-1,PP Rubbing,ST-3307 Twill Rinse,PO-66120,Khaki,197,201,4,1,,,
2026-09-23,15:00-16:00,CWL-1,PP Rubbing,ST-3307 Twill Rinse,PO-66120,Khaki,195,195,3,3,,,
2026-09-23,16:00-17:00,CWL-1,PP Rubbing,ST-4412 Dark Stone,PO-77101,Dark Blue,175,172,4,2,,,
2026-09-23,17:00-18:00,CWL-1,PP Rubbing,ST-4412 Dark Stone,PO-77101,Dark Blue,191,182,2,2,,,
2026-09-23,18:00-19:00,CWL-1,PP Rubbing,ST-4412 Dark Stone,PO-77101,Dark Blue,208,202,3,2,,,
2026-09-23,19:00-20:00,CWL-1,PP Rubbing,ST-4412 Dark Stone,PO-77101,Dark Blue,199,200,2,3,,,
2026-09-23,20:00-21:00,CWL-1,PP Rubbing,ST-4412 Dark Stone,PO-77101,Dark Blue,196,190,1,2,,,
2026-09-23,21:00-22:00,CWL-1,PP Rubbing,ST-4412 Dark Stone,PO-77101,Dark Blue,188,173,3,2,,,
2026-09-23,22:00-23:00,CWL-1,PP Rubbing,ST-4412 Dark Stone,PO-77101,Dark Blue,227,211,3,1,,,
2026-09-23,23:00-00:00,CWL-1,PP Rubbing,ST-4412 Dark Stone,PO-77101,Dark Blue,211,203,5,1,,,
2026-09-23,00:00-01:00,CWL-1,PP Rubbing,ST-5120 Acid Blast,PO-88010,Acid Black,155,143,2,2,,,
2026-09-23,01:00-02:00,CWL-1,PP Rubbing,ST-5120 Acid Blast,PO-88010,Acid Black,174,176,2,1,,,
2026-09-23,02:00-03:00,CWL-1,PP Rubbing,ST-5120 Acid Blast,PO-88010,Acid Black,63,60,2,1,45,Quality hold,
2026-09-23,03:00-04:00,CWL-1,PP Rubbing,ST-5120 Acid Blast,PO-88010,Acid Black,224,210,3,2,,,
2026-09-23,04:00-05:00,CWL-1,PP Rubbing,ST-5120 Acid Blast,PO-88010,Acid Black,196,188,3,3,,,
2026-09-23,05:00-06:00,CWL-1,PP Rubbing,ST-5120 Acid Blast,PO-88010,Acid Black,167,166,4,3,,,
2026-09-23,06:00-07:00,CWL-1,PP Rubbing,ST-5120 Acid Blast,PO-88010,Acid Black,215,214,5,3,,,
2026-09-23,07:00-08:00,CWL-1,PP Rubbing,ST-5120 Acid Blast,PO-88010,Acid Black,224,212,6,2,,,
2026-09-23,08:00-09:00,CWL-1,Machine 3D,ST-5133 Snow Acid,PO-88055,Snow White,262,251,5,2,,,
2026-09-23,09:00-10:00,CWL-1,Machine 3D,ST-5133 Snow Acid,PO-88055,Snow White,296,277,4,5,,,
2026-09-23,10:00-11:00,CWL-1,Machine 3D,ST-5133 Snow Acid,PO-88055,Snow White,325,300,6,4,,,
2026-09-23,11:00-12:00,CWL-1,Machine 3D,ST-5133 Snow Acid,PO-88055,Snow White,299,286,7,4,,,
2026-09-23,12:00-13:00,CWL-1,Machine 3D,ST-5133 Snow Acid,PO-88055,Snow White,269,260,7,4,,,
2026-09-23,13:00-14:00,CWL-1,Machine 3D,ST-5133 Snow Acid,PO-88055,Snow White,155,153,2,2,15,Operator shortage,
2026-09-23,14:00-15:00,CWL-1,Machine 3D,ST-5133 Snow Acid,PO-88055,Snow White,254,249,6,2,,,
2026-09-23,15:00-16:00,CWL-1,Machine 3D,ST-5133 Snow Acid,PO-88055,Snow White,298,285,7,2,,,
2026-09-23,16:00-17:00,CWL-1,Machine 3D,ST-2285 Dye Black,PO-99040,Jet Black,249,249,2,2,,,
2026-09-23,17:00-18:00,CWL-1,Machine 3D,ST-2285 Dye Black,PO-99040,Jet Black,306,305,9,6,,,
2026-09-23,18:00-19:00,CWL-1,Machine 3D,ST-2285 Dye Black,PO-99040,Jet Black,265,248,8,5,,,
2026-09-23,19:00-20:00,CWL-1,Machine 3D,ST-2285 Dye Black,PO-99040,Jet Black,300,287,5,4,,,
2026-09-23,20:00-21:00,CWL-1,Machine 3D,ST-2285 Dye Black,PO-99040,Jet Black,313,307,5,2,,,
2026-09-23,21:00-22:00,CWL-1,Machine 3D,ST-2285 Dye Black,PO-99040,Jet Black,315,291,8,6,,,
2026-09-23,22:00-23:00,CWL-1,Machine 3D,ST-2285 Dye Black,PO-99040,Jet Black,321,322,4,6,,,
2026-09-23,23:00-00:00,CWL-1,Machine 3D,ST-2285 Dye Black,PO-99040,Jet Black,296,298,6,2,,,
2026-09-23,00:00-01:00,CWL-1,Machine 3D,ST-4475 Vintage Wash,PO-77305,Vintage Indigo,272,272,7,4,,,
2026-09-23,01:00-02:00,CWL-1,Machine 3D,ST-4475 Vintage Wash,PO-77305,Vintage Indigo,295,297,6,5,,,
2026-09-23,02:00-03:00,CWL-1,Machine 3D,ST-4475 Vintage Wash,PO-77305,Vintage Indigo,317,298,9,5,,,
2026-09-23,03:00-04:00,CWL-1,Machine 3D,ST-4475 Vintage Wash,PO-77305,Vintage Indigo,337,310,6,2,,,
2026-09-23,04:00-05:00,CWL-1,Machine 3D,ST-4475 Vintage Wash,PO-77305,Vintage Indigo,283,270,8,2,,,
2026-09-23,05:00-06:00,CWL-1,Machine 3D,ST-4475 Vintage Wash,PO-77305,Vintage Indigo,346,319,5,3,,,
2026-09-23,06:00-07:00,CWL-1,Machine 3D,ST-4475 Vintage Wash,PO-77305,Vintage Indigo,292,294,6,5,,,
2026-09-23,07:00-08:00,CWL-1,Machine 3D,ST-4475 Vintage Wash,PO-77305,Vintage Indigo,312,299,9,5,,,
2026-09-23,08:00-09:00,CWL-1,Iron 3D,ST-2285 Dye Black,PO-99040,Jet Black,242,237,7,4,,,
2026-09-23,09:00-10:00,CWL-1,Iron 3D,ST-2285 Dye Black,PO-99040,Jet Black,289,286,4,4,,,
2026-09-23,10:00-11:00,CWL-1,Iron 3D,ST-2285 Dye Black,PO-99040,Jet Black,290,266,7,4,,,
2026-09-23,11:00-12:00,CWL-1,Iron 3D,ST-2285 Dye Black,PO-99040,Jet Black,296,296,5,5,,,
2026-09-23,12:00-13:00,CWL-1,Iron 3D,ST-2285 Dye Black,PO-99040,Jet Black,15,14,0,0,30,Waiting for material,
2026-09-23,13:00-14:00,CWL-1,Iron 3D,ST-2285 Dye Black,PO-99040,Jet Black,239,229,5,2,,,
2026-09-23,14:00-15:00,CWL-1,Iron 3D,ST-2285 Dye Black,PO-99040,Jet Black,260,256,5,5,,,
2026-09-23,15:00-16:00,CWL-1,Iron 3D,ST-2285 Dye Black,PO-99040,Jet Black,273,261,5,4,,,
2026-09-23,16:00-17:00,CWL-1,Iron 3D,ST-3307 Twill Rinse,PO-66120,Khaki,194,196,5,2,,,
2026-09-23,17:00-18:00,CWL-1,Iron 3D,ST-3307 Twill Rinse,PO-66120,Khaki,278,261,3,4,,,
2026-09-23,18:00-19:00,CWL-1,Iron 3D,ST-3307 Twill Rinse,PO-66120,Khaki,263,254,3,2,,,
2026-09-23,19:00-20:00,CWL-1,Iron 3D,ST-3307 Twill Rinse,PO-66120,Khaki,257,252,4,2,,,
2026-09-23,20:00-21:00,CWL-1,Iron 3D,ST-3307 Twill Rinse,PO-66120,Khaki,245,245,5,2,,,
2026-09-23,21:00-22:00,CWL-1,Iron 3D,ST-3307 Twill Rinse,PO-66120,Khaki,294,271,4,3,,,
2026-09-23,22:00-23:00,CWL-1,Iron 3D,ST-3307 Twill Rinse,PO-66120,Khaki,272,263,3,4,,,
2026-09-23,23:00-00:00,CWL-1,Iron 3D,ST-3307 Twill Rinse,PO-66120,Khaki,281,278,4,3,,,
2026-09-23,00:00-01:00,CWL-1,Iron 3D,ST-3307 Twill Rinse,PO-66120,Khaki,258,249,5,3,,,
2026-09-23,01:00-02:00,CWL-1,Iron 3D,ST-3307 Twill Rinse,PO-66120,Khaki,255,235,2,5,,,
2026-09-23,02:00-03:00,CWL-1,Iron 3D,ST-3307 Twill Rinse,PO-66120,Khaki,242,235,3,3,,,
2026-09-23,03:00-04:00,CWL-1,Iron 3D,ST-3307 Twill Rinse,PO-66120,Khaki,282,285,8,2,,,
2026-09-23,04:00-05:00,CWL-1,Iron 3D,ST-3307 Twill Rinse,PO-66120,Khaki,255,252,7,3,,,
2026-09-23,05:00-06:00,CWL-1,Iron 3D,ST-3307 Twill Rinse,PO-66120,Khaki,247,229,6,4,,,
2026-09-23,06:00-07:00,CWL-1,Iron 3D,ST-3307 Twill Rinse,PO-66120,Khaki,269,249,3,3,,,
2026-09-23,07:00-08:00,CWL-1,Iron 3D,ST-3307 Twill Rinse,PO-66120,Khaki,239,235,6,3,,,
2026-09-24,08:00-09:00,CWL-1,Laser Whisker,ST-4430 Mid Blue,PO-77210,Mid Blue,26,24,0,0,,,
2026-09-24,09:00-10:00,CWL-1,Laser Whisker,ST-4430 Mid Blue,PO-77210,Mid Blue,32,29,0,1,,,
2026-09-24,10:00-11:00,CWL-1,Laser Whisker,ST-4430 Mid Blue,PO-77210,Mid Blue,32,31,1,1,,,
2026-09-24,11:00-12:00,CWL-1,Laser Whisker,ST-4430 Mid Blue,PO-77210,Mid Blue,32,31,0,1,,,
2026-09-24,12:00-13:00,CWL-1,Laser Whisker,ST-4430 Mid Blue,PO-77210,Mid Blue,32,33,0,0,,,
2026-09-24,13:00-14:00,CWL-1,Laser Whisker,ST-4430 Mid Blue,PO-77210,Mid Blue,35,34,0,1,,,
2026-09-24,14:00-15:00,CWL-1,Laser Whisker,ST-4430 Mid Blue,PO-77210,Mid Blue,33,33,0,1,,,
2026-09-24,15:00-16:00,CWL-1,Laser Whisker,ST-4430 Mid Blue,PO-77210,Mid Blue,6,6,0,0,30,Power / utility,
2026-09-24,16:00-17:00,CWL-1,Laser Whisker,ST-3350 Twill Garment Dye,PO-66180,Olive,28,28,0,1,,,
2026-09-24,17:00-18:00,CWL-1,Laser Whisker,ST-3350 Twill Garment Dye,PO-66180,Olive,36,33,0,0,,,
2026-09-24,18:00-19:00,CWL-1,Laser Whisker,ST-3350 Twill Garment Dye,PO-66180,Olive,33,30,0,0,,,
2026-09-24,19:00-20:00,CWL-1,Laser Whisker,ST-3350 Twill Garment Dye,PO-66180,Olive,28,28,0,1,,,
2026-09-24,20:00-21:00,CWL-1,Laser Whisker,ST-3350 Twill Garment Dye,PO-66180,Olive,33,32,0,0,,,
2026-09-24,21:00-22:00,CWL-1,Laser Whisker,ST-3350 Twill Garment Dye,PO-66180,Olive,35,32,1,1,,,
2026-09-24,22:00-23:00,CWL-1,Laser Whisker,ST-3350 Twill Garment Dye,PO-66180,Olive,10,9,0,0,45,Machine breakdown,
2026-09-24,23:00-00:00,CWL-1,Laser Whisker,ST-3350 Twill Garment Dye,PO-66180,Olive,33,31,0,0,,,
2026-09-24,00:00-01:00,CWL-1,Laser Whisker,ST-4412 Dark Stone,PO-77102,Black Stone,24,23,1,1,,,
2026-09-24,01:00-02:00,CWL-1,Laser Whisker,ST-4412 Dark Stone,PO-77102,Black Stone,28,27,0,1,,,
2026-09-24,02:00-03:00,CWL-1,Laser Whisker,ST-4412 Dark Stone,PO-77102,Black Stone,32,30,0,1,,,
2026-09-24,03:00-04:00,CWL-1,Laser Whisker,ST-4412 Dark Stone,PO-77102,Black Stone,27,27,0,0,,,
2026-09-24,04:00-05:00,CWL-1,Laser Whisker,ST-4412 Dark Stone,PO-77102,Black Stone,28,27,1,0,,,
2026-09-24,05:00-06:00,CWL-1,Laser Whisker,ST-4412 Dark Stone,PO-77102,Black Stone,28,28,0,1,,,
2026-09-24,06:00-07:00,CWL-1,Laser Whisker,ST-4412 Dark Stone,PO-77102,Black Stone,28,28,0,0,,,
2026-09-24,07:00-08:00,CWL-1,Laser Whisker,ST-4412 Dark Stone,PO-77102,Black Stone,29,29,0,1,,,
2026-09-24,08:00-09:00,CWL-1,Laser Mark Destroy,ST-2285 Dye Black,PO-99040,Jet Black,74,70,1,1,,,
2026-09-24,09:00-10:00,CWL-1,Laser Mark Destroy,ST-2285 Dye Black,PO-99040,Jet Black,6,6,0,0,30,Machine breakdown,
2026-09-24,10:00-11:00,CWL-1,Laser Mark Destroy,ST-2285 Dye Black,PO-99040,Jet Black,22,20,0,0,30,Waiting for input,
2026-09-24,11:00-12:00,CWL-1,Laser Mark Destroy,ST-2285 Dye Black,PO-99040,Jet Black,97,93,2,1,,,
2026-09-24,12:00-13:00,CWL-1,Laser Mark Destroy,ST-2285 Dye Black,PO-99040,Jet Black,105,99,2,2,,,
2026-09-24,13:00-14:00,CWL-1,Laser Mark Destroy,ST-2285 Dye Black,PO-99040,Jet Black,83,82,1,1,,,
2026-09-24,14:00-15:00,CWL-1,Laser Mark Destroy,ST-2285 Dye Black,PO-99040,Jet Black,103,96,1,1,,,
2026-09-24,15:00-16:00,CWL-1,Laser Mark Destroy,ST-2285 Dye Black,PO-99040,Jet Black,112,103,1,2,,,
2026-09-24,16:00-17:00,CWL-1,Laser Mark Destroy,ST-4412 Dark Stone,PO-77101,Dark Blue,71,72,1,2,,,
2026-09-24,17:00-18:00,CWL-1,Laser Mark Destroy,ST-4412 Dark Stone,PO-77101,Dark Blue,95,88,2,1,,,
2026-09-24,18:00-19:00,CWL-1,Laser Mark Destroy,ST-4412 Dark Stone,PO-77101,Dark Blue,100,97,1,1,,,
2026-09-24,19:00-20:00,CWL-1,Laser Mark Destroy,ST-4412 Dark Stone,PO-77101,Dark Blue,98,97,2,1,,,
2026-09-24,20:00-21:00,CWL-1,Laser Mark Destroy,ST-4412 Dark Stone,PO-77101,Dark Blue,108,101,2,2,,,
2026-09-24,21:00-22:00,CWL-1,Laser Mark Destroy,ST-4412 Dark Stone,PO-77101,Dark Blue,108,104,3,1,,,
2026-09-24,22:00-23:00,CWL-1,Laser Mark Destroy,ST-4412 Dark Stone,PO-77101,Dark Blue,100,96,3,2,,,
2026-09-24,23:00-00:00,CWL-1,Laser Mark Destroy,ST-4412 Dark Stone,PO-77101,Dark Blue,98,92,1,1,,,
2026-09-24,00:00-01:00,CWL-1,Laser Mark Destroy,ST-4475 Vintage Wash,PO-77305,Vintage Indigo,79,73,2,1,,,
2026-09-24,01:00-02:00,CWL-1,Laser Mark Destroy,ST-4475 Vintage Wash,PO-77305,Vintage Indigo,103,105,3,2,,,
2026-09-24,02:00-03:00,CWL-1,Laser Mark Destroy,ST-4475 Vintage Wash,PO-77305,Vintage Indigo,92,92,2,1,,,
2026-09-24,03:00-04:00,CWL-1,Laser Mark Destroy,ST-4475 Vintage Wash,PO-77305,Vintage Indigo,91,83,1,1,,,
2026-09-24,04:00-05:00,CWL-1,Laser Mark Destroy,ST-4475 Vintage Wash,PO-77305,Vintage Indigo,90,89,2,1,,,
2026-09-24,05:00-06:00,CWL-1,Laser Mark Destroy,ST-4475 Vintage Wash,PO-77305,Vintage Indigo,98,95,2,1,,,
2026-09-24,06:00-07:00,CWL-1,Laser Mark Destroy,ST-4475 Vintage Wash,PO-77305,Vintage Indigo,89,88,2,2,,,
2026-09-24,07:00-08:00,CWL-1,Laser Mark Destroy,ST-4475 Vintage Wash,PO-77305,Vintage Indigo,103,97,2,1,,,
2026-09-24,08:00-09:00,CWL-1,Pattern Whisker,ST-4412 Dark Stone,PO-77101,Dark Blue,1150,1108,13,12,,,
2026-09-24,09:00-10:00,CWL-1,Pattern Whisker,ST-4412 Dark Stone,PO-77101,Dark Blue,1163,1114,21,10,,,
2026-09-24,10:00-11:00,CWL-1,Pattern Whisker,ST-4412 Dark Stone,PO-77101,Dark Blue,1491,1368,34,18,,,
2026-09-24,11:00-12:00,CWL-1,Pattern Whisker,ST-4412 Dark Stone,PO-77101,Dark Blue,1075,1063,20,19,,,
2026-09-24,12:00-13:00,CWL-1,Pattern Whisker,ST-4412 Dark Stone,PO-77101,Dark Blue,1147,1121,11,16,,,
2026-09-24,13:00-14:00,CWL-1,Pattern Whisker,ST-4412 Dark Stone,PO-77101,Dark Blue,1229,1223,31,22,,,
2026-09-24,14:00-15:00,CWL-1,Pattern Whisker,ST-4412 Dark Stone,PO-77101,Dark Blue,1138,1075,13,17,,,
2026-09-24,15:00-16:00,CWL-1,Pattern Whisker,ST-4412 Dark Stone,PO-77101,Dark Blue,1501,1365,33,26,,,
2026-09-24,16:00-17:00,CWL-1,Pattern Whisker,ST-4412 Dark Stone,PO-77101,Dark Blue,1113,1034,15,13,,,
2026-09-24,17:00-18:00,CWL-1,Pattern Whisker,ST-4412 Dark Stone,PO-77101,Dark Blue,266,267,7,4,45,Waiting for input,
2026-09-24,18:00-19:00,CWL-1,Pattern Whisker,ST-4412 Dark Stone,PO-77101,Dark Blue,1075,1061,31,15,,,
2026-09-24,19:00-20:00,CWL-1,Pattern Whisker,ST-4412 Dark Stone,PO-77101,Dark Blue,1304,1191,24,12,,,
2026-09-24,20:00-21:00,CWL-1,Pattern Whisker,ST-4412 Dark Stone,PO-77101,Dark Blue,1136,1116,32,13,,,
2026-09-24,21:00-22:00,CWL-1,Pattern Whisker,ST-4412 Dark Stone,PO-77101,Dark Blue,1367,1269,10,22,,,
2026-09-24,22:00-23:00,CWL-1,Pattern Whisker,ST-4412 Dark Stone,PO-77101,Dark Blue,1246,1190,33,11,,,
2026-09-24,23:00-00:00,CWL-1,Pattern Whisker,ST-4412 Dark Stone,PO-77101,Dark Blue,1157,1114,18,12,,,
2026-09-24,00:00-01:00,CWL-1,Pattern Whisker,ST-4475 Vintage Wash,PO-77305,Vintage Indigo,973,948,19,11,,,
2026-09-24,01:00-02:00,CWL-1,Pattern Whisker,ST-4475 Vintage Wash,PO-77305,Vintage Indigo,1396,1355,39,22,,,
2026-09-24,02:00-03:00,CWL-1,Pattern Whisker,ST-4475 Vintage Wash,PO-77305,Vintage Indigo,1403,1297,23,8,,,
2026-09-24,03:00-04:00,CWL-1,Pattern Whisker,ST-4475 Vintage Wash,PO-77305,Vintage Indigo,1197,1194,17,16,,,
2026-09-24,04:00-05:00,CWL-1,Pattern Whisker,ST-4475 Vintage Wash,PO-77305,Vintage Indigo,1115,1073,29,11,,,
2026-09-24,05:00-06:00,CWL-1,Pattern Whisker,ST-4475 Vintage Wash,PO-77305,Vintage Indigo,1335,1233,26,21,,,
2026-09-24,06:00-07:00,CWL-1,Pattern Whisker,ST-4475 Vintage Wash,PO-77305,Vintage Indigo,1407,1295,14,12,,,
2026-09-24,07:00-08:00,CWL-1,Pattern Whisker,ST-4475 Vintage Wash,PO-77305,Vintage Indigo,1353,1313,12,23,,,
2026-09-24,08:00-09:00,CWL-1,Hand Sand (Front & Back),ST-4475 Vintage Wash,PO-77305,Vintage Indigo,503,461,9,8,,,
2026-09-24,09:00-10:00,CWL-1,Hand Sand (Front & Back),ST-4475 Vintage Wash,PO-77305,Vintage Indigo,678,620,14,5,,,
2026-09-24,10:00-11:00,CWL-1,Hand Sand (Front & Back),ST-4475 Vintage Wash,PO-77305,Vintage Indigo,561,552,9,10,,,
2026-09-24,11:00-12:00,CWL-1,Hand Sand (Front & Back),ST-4475 Vintage Wash,PO-77305,Vintage Indigo,68,69,2,1,30,Other,
2026-09-24,12:00-13:00,CWL-1,Hand Sand (Front & Back),ST-4475 Vintage Wash,PO-77305,Vintage Indigo,527,517,11,10,,,
2026-09-24,13:00-14:00,CWL-1,Hand Sand (Front & Back),ST-4475 Vintage Wash,PO-77305,Vintage Indigo,572,562,16,10,,,
2026-09-24,14:00-15:00,CWL-1,Hand Sand (Front & Back),ST-4475 Vintage Wash,PO-77305,Vintage Indigo,635,640,11,6,,,
2026-09-24,15:00-16:00,CWL-1,Hand Sand (Front & Back),ST-4475 Vintage Wash,PO-77305,Vintage Indigo,637,638,15,6,,,
2026-09-24,16:00-17:00,CWL-1,Hand Sand (Front & Back),ST-3307 Twill Rinse,PO-66120,Khaki,596,556,8,4,,,
2026-09-24,17:00-18:00,CWL-1,Hand Sand (Front & Back),ST-3307 Twill Rinse,PO-66120,Khaki,574,531,5,8,,,
2026-09-24,18:00-19:00,CWL-1,Hand Sand (Front & Back),ST-3307 Twill Rinse,PO-66120,Khaki,695,637,19,11,,,
2026-09-24,19:00-20:00,CWL-1,Hand Sand (Front & Back),ST-3307 Twill Rinse,PO-66120,Khaki,704,646,17,6,,,
2026-09-24,20:00-21:00,CWL-1,Hand Sand (Front & Back),ST-3307 Twill Rinse,PO-66120,Khaki,577,544,7,10,,,
2026-09-24,21:00-22:00,CWL-1,Hand Sand (Front & Back),ST-3307 Twill Rinse,PO-66120,Khaki,592,574,5,4,,,
2026-09-24,22:00-23:00,CWL-1,Hand Sand (Front & Back),ST-3307 Twill Rinse,PO-66120,Khaki,660,637,15,8,,,
2026-09-24,23:00-00:00,CWL-1,Hand Sand (Front & Back),ST-3307 Twill Rinse,PO-66120,Khaki,583,568,15,5,,,
2026-09-24,00:00-01:00,CWL-1,Hand Sand (Front & Back),ST-4430 Mid Blue,PO-77210,Mid Blue,500,469,13,4,,,
2026-09-24,01:00-02:00,CWL-1,Hand Sand (Front & Back),ST-4430 Mid Blue,PO-77210,Mid Blue,625,605,7,7,,,
2026-09-24,02:00-03:00,CWL-1,Hand Sand (Front & Back),ST-4430 Mid Blue,PO-77210,Mid Blue,533,514,5,4,,,
2026-09-24,03:00-04:00,CWL-1,Hand Sand (Front & Back),ST-4430 Mid Blue,PO-77210,Mid Blue,618,575,12,9,,,
2026-09-24,04:00-05:00,CWL-1,Hand Sand (Front & Back),ST-4430 Mid Blue,PO-77210,Mid Blue,570,522,11,3,,,
2026-09-24,05:00-06:00,CWL-1,Hand Sand (Front & Back),ST-4430 Mid Blue,PO-77210,Mid Blue,557,515,11,8,,,
2026-09-24,06:00-07:00,CWL-1,Hand Sand (Front & Back),ST-4430 Mid Blue,PO-77210,Mid Blue,650,625,12,9,,,
2026-09-24,07:00-08:00,CWL-1,Hand Sand (Front & Back),ST-4430 Mid Blue,PO-77210,Mid Blue,573,566,14,11,,,
2026-09-24,08:00-09:00,CWL-1,Allover Hand Sand,ST-4475 Vintage Wash,PO-77305,Vintage Indigo,95,88,2,1,,,
2026-09-24,09:00-10:00,CWL-1,Allover Hand Sand,ST-4475 Vintage Wash,PO-77305,Vintage Indigo,109,103,3,2,,,
2026-09-24,10:00-11:00,CWL-1,Allover Hand Sand,ST-4475 Vintage Wash,PO-77305,Vintage Indigo,110,103,2,1,,,
2026-09-24,11:00-12:00,CWL-1,Allover Hand Sand,ST-4475 Vintage Wash,PO-77305,Vintage Indigo,96,87,1,2,,,
2026-09-24,12:00-13:00,CWL-1,Allover Hand Sand,ST-4475 Vintage Wash,PO-77305,Vintage Indigo,101,99,2,0,,,
2026-09-24,13:00-14:00,CWL-1,Allover Hand Sand,ST-4475 Vintage Wash,PO-77305,Vintage Indigo,99,95,0,0,,,
2026-09-24,14:00-15:00,CWL-1,Allover Hand Sand,ST-4475 Vintage Wash,PO-77305,Vintage Indigo,111,101,1,0,,,
2026-09-24,15:00-16:00,CWL-1,Allover Hand Sand,ST-4475 Vintage Wash,PO-77305,Vintage Indigo,106,102,1,1,,,
2026-09-24,16:00-17:00,CWL-1,Allover Hand Sand,ST-4412 Dark Stone,PO-77102,Black Stone,78,74,1,1,,,
2026-09-24,17:00-18:00,CWL-1,Allover Hand Sand,ST-4412 Dark Stone,PO-77102,Black Stone,96,94,2,0,,,
2026-09-24,18:00-19:00,CWL-1,Allover Hand Sand,ST-4412 Dark Stone,PO-77102,Black Stone,102,94,2,2,,,
2026-09-24,19:00-20:00,CWL-1,Allover Hand Sand,ST-4412 Dark Stone,PO-77102,Black Stone,83,85,1,1,,,
2026-09-24,20:00-21:00,CWL-1,Allover Hand Sand,ST-4412 Dark Stone,PO-77102,Black Stone,2,2,0,0,45,Other,
2026-09-24,21:00-22:00,CWL-1,Allover Hand Sand,ST-4412 Dark Stone,PO-77102,Black Stone,103,96,3,1,,,
2026-09-24,22:00-23:00,CWL-1,Allover Hand Sand,ST-4412 Dark Stone,PO-77102,Black Stone,95,89,1,1,,,
2026-09-24,23:00-00:00,CWL-1,Allover Hand Sand,ST-4412 Dark Stone,PO-77102,Black Stone,84,81,2,2,,,
2026-09-24,00:00-01:00,CWL-1,Allover Hand Sand,ST-4475 Vintage Wash,PO-77305,Vintage Indigo,75,69,2,1,,,
2026-09-24,01:00-02:00,CWL-1,Allover Hand Sand,ST-4475 Vintage Wash,PO-77305,Vintage Indigo,104,95,2,2,,,
2026-09-24,02:00-03:00,CWL-1,Allover Hand Sand,ST-4475 Vintage Wash,PO-77305,Vintage Indigo,86,86,0,1,,,
2026-09-24,03:00-04:00,CWL-1,Allover Hand Sand,ST-4475 Vintage Wash,PO-77305,Vintage Indigo,111,105,2,1,,,
2026-09-24,04:00-05:00,CWL-1,Allover Hand Sand,ST-4475 Vintage Wash,PO-77305,Vintage Indigo,88,83,1,2,,,
2026-09-24,05:00-06:00,CWL-1,Allover Hand Sand,ST-4475 Vintage Wash,PO-77305,Vintage Indigo,89,90,2,1,,,
2026-09-24,06:00-07:00,CWL-1,Allover Hand Sand,ST-4475 Vintage Wash,PO-77305,Vintage Indigo,41,41,1,1,45,Waiting for input,
2026-09-24,07:00-08:00,CWL-1,Allover Hand Sand,ST-4475 Vintage Wash,PO-77305,Vintage Indigo,106,101,1,1,,,
2026-09-24,08:00-09:00,CWL-1,Tagging,ST-3307 Twill Rinse,PO-66120,Khaki,716,691,21,11,,,
2026-09-24,09:00-10:00,CWL-1,Tagging,ST-3307 Twill Rinse,PO-66120,Khaki,911,853,23,14,,,
2026-09-24,10:00-11:00,CWL-1,Tagging,ST-3307 Twill Rinse,PO-66120,Khaki,762,769,17,4,,,
2026-09-24,11:00-12:00,CWL-1,Tagging,ST-3307 Twill Rinse,PO-66120,Khaki,838,794,13,5,,,
2026-09-24,12:00-13:00,CWL-1,Tagging,ST-3307 Twill Rinse,PO-66120,Khaki,836,851,17,11,,,
2026-09-24,13:00-14:00,CWL-1,Tagging,ST-3307 Twill Rinse,PO-66120,Khaki,190,187,4,1,45,Changeover / setup,
2026-09-24,14:00-15:00,CWL-1,Tagging,ST-3307 Twill Rinse,PO-66120,Khaki,686,652,17,7,,,
2026-09-24,15:00-16:00,CWL-1,Tagging,ST-3307 Twill Rinse,PO-66120,Khaki,765,721,17,4,,,
2026-09-24,16:00-17:00,CWL-1,Tagging,ST-3350 Twill Garment Dye,PO-66180,Olive,630,574,8,7,,,
2026-09-24,17:00-18:00,CWL-1,Tagging,ST-3350 Twill Garment Dye,PO-66180,Olive,725,740,11,12,,,
2026-09-24,18:00-19:00,CWL-1,Tagging,ST-3350 Twill Garment Dye,PO-66180,Olive,782,731,16,13,,,
2026-09-24,19:00-20:00,CWL-1,Tagging,ST-3350 Twill Garment Dye,PO-66180,Olive,859,837,24,5,,,
2026-09-24,20:00-21:00,CWL-1,Tagging,ST-3350 Twill Garment Dye,PO-66180,Olive,734,680,20,11,,,
2026-09-24,21:00-22:00,CWL-1,Tagging,ST-3350 Twill Garment Dye,PO-66180,Olive,220,211,6,4,30,Other,
2026-09-24,22:00-23:00,CWL-1,Tagging,ST-3350 Twill Garment Dye,PO-66180,Olive,889,831,16,15,,,
2026-09-24,23:00-00:00,CWL-1,Tagging,ST-3350 Twill Garment Dye,PO-66180,Olive,855,834,7,11,,,
2026-09-24,00:00-01:00,CWL-1,Tagging,ST-2285 Dye Black,PO-99040,Jet Black,637,625,6,5,,,
2026-09-24,01:00-02:00,CWL-1,Tagging,ST-2285 Dye Black,PO-99040,Jet Black,719,730,14,11,,,
2026-09-24,02:00-03:00,CWL-1,Tagging,ST-2285 Dye Black,PO-99040,Jet Black,853,802,19,5,,,
2026-09-24,03:00-04:00,CWL-1,Tagging,ST-2285 Dye Black,PO-99040,Jet Black,758,768,18,10,,,
2026-09-24,04:00-05:00,CWL-1,Tagging,ST-2285 Dye Black,PO-99040,Jet Black,776,742,13,10,,,
2026-09-24,05:00-06:00,CWL-1,Tagging,ST-2285 Dye Black,PO-99040,Jet Black,870,808,12,14,,,
2026-09-24,06:00-07:00,CWL-1,Tagging,ST-2285 Dye Black,PO-99040,Jet Black,816,748,7,8,,,
2026-09-24,07:00-08:00,CWL-1,Tagging,ST-2285 Dye Black,PO-99040,Jet Black,139,128,3,1,45,Waiting for input,
2026-09-24,08:00-09:00,CWL-1,Grinding,ST-4412 Dark Stone,PO-77102,Black Stone,220,205,5,2,,,
2026-09-24,09:00-10:00,CWL-1,Grinding,ST-4412 Dark Stone,PO-77102,Black Stone,241,219,5,4,,,
2026-09-24,10:00-11:00,CWL-1,Grinding,ST-4412 Dark Stone,PO-77102,Black Stone,236,220,6,3,,,
2026-09-24,11:00-12:00,CWL-1,Grinding,ST-4412 Dark Stone,PO-77102,Black Stone,272,248,6,1,,,
2026-09-24,12:00-13:00,CWL-1,Grinding,ST-4412 Dark Stone,PO-77102,Black Stone,261,239,5,4,,,
2026-09-24,13:00-14:00,CWL-1,Grinding,ST-4412 Dark Stone,PO-77102,Black Stone,257,255,7,3,,,
2026-09-24,14:00-15:00,CWL-1,Grinding,ST-4412 Dark Stone,PO-77102,Black Stone,224,221,7,4,,,
2026-09-24,15:00-16:00,CWL-1,Grinding,ST-4412 Dark Stone,PO-77102,Black Stone,82,81,1,1,15,Power / utility,
2026-09-24,16:00-17:00,CWL-1,Grinding,ST-3307 Twill Rinse,PO-66120,Khaki,234,217,6,3,,,
2026-09-24,17:00-18:00,CWL-1,Grinding,ST-3307 Twill Rinse,PO-66120,Khaki,200,198,5,2,,,
2026-09-24,18:00-19:00,CWL-1,Grinding,ST-3307 Twill Rinse,PO-66120,Khaki,258,252,5,2,,,
2026-09-24,19:00-20:00,CWL-1,Grinding,ST-3307 Twill Rinse,PO-66120,Khaki,224,210,5,3,,,
2026-09-24,20:00-21:00,CWL-1,Grinding,ST-3307 Twill Rinse,PO-66120,Khaki,215,212,3,1,,,
2026-09-24,21:00-22:00,CWL-1,Grinding,ST-3307 Twill Rinse,PO-66120,Khaki,226,218,7,2,,,
2026-09-24,22:00-23:00,CWL-1,Grinding,ST-3307 Twill Rinse,PO-66120,Khaki,273,249,7,3,,,
2026-09-24,23:00-00:00,CWL-1,Grinding,ST-3307 Twill Rinse,PO-66120,Khaki,234,221,7,4,,,
2026-09-24,00:00-01:00,CWL-1,Grinding,ST-4430 Mid Blue,PO-77210,Mid Blue,191,193,4,3,,,
2026-09-24,01:00-02:00,CWL-1,Grinding,ST-4430 Mid Blue,PO-77210,Mid Blue,208,202,5,1,,,
2026-09-24,02:00-03:00,CWL-1,Grinding,ST-4430 Mid Blue,PO-77210,Mid Blue,252,254,4,2,,,
2026-09-24,03:00-04:00,CWL-1,Grinding,ST-4430 Mid Blue,PO-77210,Mid Blue,203,201,5,1,,,
2026-09-24,04:00-05:00,CWL-1,Grinding,ST-4430 Mid Blue,PO-77210,Mid Blue,213,211,4,3,,,
2026-09-24,05:00-06:00,CWL-1,Grinding,ST-4430 Mid Blue,PO-77210,Mid Blue,247,227,2,3,,,
2026-09-24,06:00-07:00,CWL-1,Grinding,ST-4430 Mid Blue,PO-77210,Mid Blue,209,211,4,3,,,
2026-09-24,07:00-08:00,CWL-1,Grinding,ST-4430 Mid Blue,PO-77210,Mid Blue,104,101,0,2,15,Operator shortage,
2026-09-24,08:00-09:00,CWL-1,Destruction,ST-5133 Snow Acid,PO-88055,Snow White,22,20,1,0,15,Waiting for material,
2026-09-24,09:00-10:00,CWL-1,Destruction,ST-5133 Snow Acid,PO-88055,Snow White,192,186,4,3,,,
2026-09-24,10:00-11:00,CWL-1,Destruction,ST-5133 Snow Acid,PO-88055,Snow White,5,5,0,0,45,Power / utility,
2026-09-24,11:00-12:00,CWL-1,Destruction,ST-5133 Snow Acid,PO-88055,Snow White,173,172,3,3,,,
2026-09-24,12:00-13:00,CWL-1,Destruction,ST-5133 Snow Acid,PO-88055,Snow White,185,182,3,3,,,
2026-09-24,13:00-14:00,CWL-1,Destruction,ST-5133 Snow Acid,PO-88055,Snow White,208,193,4,3,,,
2026-09-24,14:00-15:00,CWL-1,Destruction,ST-5133 Snow Acid,PO-88055,Snow White,162,156,1,3,,,
2026-09-24,15:00-16:00,CWL-1,Destruction,ST-5133 Snow Acid,PO-88055,Snow White,175,177,4,2,,,
2026-09-24,16:00-17:00,CWL-1,Destruction,ST-4475 Vintage Wash,PO-77305,Vintage Indigo,161,153,4,2,,,
2026-09-24,17:00-18:00,CWL-1,Destruction,ST-4475 Vintage Wash,PO-77305,Vintage Indigo,158,157,3,2,,,
2026-09-24,18:00-19:00,CWL-1,Destruction,ST-4475 Vintage Wash,PO-77305,Vintage Indigo,160,157,1,2,,,
2026-09-24,19:00-20:00,CWL-1,Destruction,ST-4475 Vintage Wash,PO-77305,Vintage Indigo,199,193,2,3,,,
2026-09-24,20:00-21:00,CWL-1,Destruction,ST-4475 Vintage Wash,PO-77305,Vintage Indigo,186,189,1,3,,,
2026-09-24,21:00-22:00,CWL-1,Destruction,ST-4475 Vintage Wash,PO-77305,Vintage Indigo,199,190,5,2,,,
2026-09-24,22:00-23:00,CWL-1,Destruction,ST-4475 Vintage Wash,PO-77305,Vintage Indigo,197,195,5,1,,,
2026-09-24,23:00-00:00,CWL-1,Destruction,ST-4475 Vintage Wash,PO-77305,Vintage Indigo,198,187,4,4,,,
2026-09-24,00:00-01:00,CWL-1,Destruction,ST-4412 Dark Stone,PO-77101,Dark Blue,150,141,4,2,,,
2026-09-24,01:00-02:00,CWL-1,Destruction,ST-4412 Dark Stone,PO-77101,Dark Blue,175,173,1,4,,,
2026-09-24,02:00-03:00,CWL-1,Destruction,ST-4412 Dark Stone,PO-77101,Dark Blue,162,157,4,1,,,
2026-09-24,03:00-04:00,CWL-1,Destruction,ST-4412 Dark Stone,PO-77101,Dark Blue,178,167,3,3,,,
2026-09-24,04:00-05:00,CWL-1,Destruction,ST-4412 Dark Stone,PO-77101,Dark Blue,153,153,4,1,,,
2026-09-24,05:00-06:00,CWL-1,Destruction,ST-4412 Dark Stone,PO-77101,Dark Blue,172,173,4,3,,,
2026-09-24,06:00-07:00,CWL-1,Destruction,ST-4412 Dark Stone,PO-77101,Dark Blue,166,155,5,2,,,
2026-09-24,07:00-08:00,CWL-1,Destruction,ST-4412 Dark Stone,PO-77101,Dark Blue,193,194,5,3,,,
2026-09-24,08:00-09:00,CWL-1,Cutting / Destroy,ST-3307 Twill Rinse,PO-66120,Khaki,262,252,3,1,,,
2026-09-24,09:00-10:00,CWL-1,Cutting / Destroy,ST-3307 Twill Rinse,PO-66120,Khaki,361,328,5,3,,,
2026-09-24,10:00-11:00,CWL-1,Cutting / Destroy,ST-3307 Twill Rinse,PO-66120,Khaki,359,343,5,2,,,
2026-09-24,11:00-12:00,CWL-1,Cutting / Destroy,ST-3307 Twill Rinse,PO-66120,Khaki,370,364,10,6,,,
2026-09-24,12:00-13:00,CWL-1,Cutting / Destroy,ST-3307 Twill Rinse,PO-66120,Khaki,361,365,9,7,,,
2026-09-24,13:00-14:00,CWL-1,Cutting / Destroy,ST-3307 Twill Rinse,PO-66120,Khaki,366,362,7,5,,,
2026-09-24,14:00-15:00,CWL-1,Cutting / Destroy,ST-3307 Twill Rinse,PO-66120,Khaki,380,373,7,5,,,
2026-09-24,15:00-16:00,CWL-1,Cutting / Destroy,ST-3307 Twill Rinse,PO-66120,Khaki,323,307,3,5,,,
2026-09-24,16:00-17:00,CWL-1,Cutting / Destroy,ST-3350 Twill Garment Dye,PO-66180,Olive,261,261,2,3,,,
2026-09-24,17:00-18:00,CWL-1,Cutting / Destroy,ST-3350 Twill Garment Dye,PO-66180,Olive,413,387,7,2,,,
2026-09-24,18:00-19:00,CWL-1,Cutting / Destroy,ST-3350 Twill Garment Dye,PO-66180,Olive,364,365,5,3,,,
2026-09-24,19:00-20:00,CWL-1,Cutting / Destroy,ST-3350 Twill Garment Dye,PO-66180,Olive,387,366,10,5,,,
2026-09-24,20:00-21:00,CWL-1,Cutting / Destroy,ST-3350 Twill Garment Dye,PO-66180,Olive,338,344,9,4,,,
2026-09-24,21:00-22:00,CWL-1,Cutting / Destroy,ST-3350 Twill Garment Dye,PO-66180,Olive,387,375,11,3,,,
2026-09-24,22:00-23:00,CWL-1,Cutting / Destroy,ST-3350 Twill Garment Dye,PO-66180,Olive,352,323,8,4,,,
2026-09-24,23:00-00:00,CWL-1,Cutting / Destroy,ST-3350 Twill Garment Dye,PO-66180,Olive,306,302,8,3,,,
2026-09-24,00:00-01:00,CWL-1,Cutting / Destroy,ST-4412 Dark Stone,PO-77102,Black Stone,302,279,2,3,,,
2026-09-24,01:00-02:00,CWL-1,Cutting / Destroy,ST-4412 Dark Stone,PO-77102,Black Stone,328,316,8,7,,,
2026-09-24,02:00-03:00,CWL-1,Cutting / Destroy,ST-4412 Dark Stone,PO-77102,Black Stone,389,363,7,6,,,
2026-09-24,03:00-04:00,CWL-1,Cutting / Destroy,ST-4412 Dark Stone,PO-77102,Black Stone,55,52,0,1,15,Changeover / setup,
2026-09-24,04:00-05:00,CWL-1,Cutting / Destroy,ST-4412 Dark Stone,PO-77102,Black Stone,389,369,8,5,,,
2026-09-24,05:00-06:00,CWL-1,Cutting / Destroy,ST-4412 Dark Stone,PO-77102,Black Stone,334,311,8,3,,,
2026-09-24,06:00-07:00,CWL-1,Cutting / Destroy,ST-4412 Dark Stone,PO-77102,Black Stone,372,345,7,5,,,
2026-09-24,07:00-08:00,CWL-1,Cutting / Destroy,ST-4412 Dark Stone,PO-77102,Black Stone,312,318,2,5,,,
2026-09-24,08:00-09:00,CWL-1,Air Blowing,ST-5133 Snow Acid,PO-88055,Snow White,382,373,7,7,,,
2026-09-24,09:00-10:00,CWL-1,Air Blowing,ST-5133 Snow Acid,PO-88055,Snow White,365,361,3,7,,,
2026-09-24,10:00-11:00,CWL-1,Air Blowing,ST-5133 Snow Acid,PO-88055,Snow White,429,431,4,7,,,
2026-09-24,11:00-12:00,CWL-1,Air Blowing,ST-5133 Snow Acid,PO-88055,Snow White,478,438,4,4,,,
2026-09-24,12:00-13:00,CWL-1,Air Blowing,ST-5133 Snow Acid,PO-88055,Snow White,357,357,3,6,,,
2026-09-24,13:00-14:00,CWL-1,Air Blowing,ST-5133 Snow Acid,PO-88055,Snow White,436,432,13,6,,,
2026-09-24,14:00-15:00,CWL-1,Air Blowing,ST-5133 Snow Acid,PO-88055,Snow White,383,360,10,5,,,
2026-09-24,15:00-16:00,CWL-1,Air Blowing,ST-5133 Snow Acid,PO-88055,Snow White,383,386,7,4,,,
2026-09-24,16:00-17:00,CWL-1,Air Blowing,ST-4412 Dark Stone,PO-77102,Black Stone,326,303,4,4,,,
2026-09-24,17:00-18:00,CWL-1,Air Blowing,ST-4412 Dark Stone,PO-77102,Black Stone,89,86,1,2,45,Power / utility,
2026-09-24,18:00-19:00,CWL-1,Air Blowing,ST-4412 Dark Stone,PO-77102,Black Stone,456,425,12,6,,,
2026-09-24,19:00-20:00,CWL-1,Air Blowing,ST-4412 Dark Stone,PO-77102,Black Stone,433,413,10,2,,,
2026-09-24,20:00-21:00,CWL-1,Air Blowing,ST-4412 Dark Stone,PO-77102,Black Stone,431,416,8,6,,,
2026-09-24,21:00-22:00,CWL-1,Air Blowing,ST-4412 Dark Stone,PO-77102,Black Stone,405,413,5,5,,,
2026-09-24,22:00-23:00,CWL-1,Air Blowing,ST-4412 Dark Stone,PO-77102,Black Stone,375,341,5,3,,,
2026-09-24,23:00-00:00,CWL-1,Air Blowing,ST-4412 Dark Stone,PO-77102,Black Stone,405,401,7,2,,,
2026-09-24,00:00-01:00,CWL-1,Air Blowing,ST-4475 Vintage Wash,PO-77305,Vintage Indigo,384,359,6,6,,,
2026-09-24,01:00-02:00,CWL-1,Air Blowing,ST-4475 Vintage Wash,PO-77305,Vintage Indigo,399,370,5,7,,,
2026-09-24,02:00-03:00,CWL-1,Air Blowing,ST-4475 Vintage Wash,PO-77305,Vintage Indigo,364,369,11,3,,,
2026-09-24,03:00-04:00,CWL-1,Air Blowing,ST-4475 Vintage Wash,PO-77305,Vintage Indigo,391,381,6,4,,,
2026-09-24,04:00-05:00,CWL-1,Air Blowing,ST-4475 Vintage Wash,PO-77305,Vintage Indigo,369,342,5,2,,,
2026-09-24,05:00-06:00,CWL-1,Air Blowing,ST-4475 Vintage Wash,PO-77305,Vintage Indigo,420,388,6,5,,,
2026-09-24,06:00-07:00,CWL-1,Air Blowing,ST-4475 Vintage Wash,PO-77305,Vintage Indigo,457,441,11,7,,,
2026-09-24,07:00-08:00,CWL-1,Air Blowing,ST-4475 Vintage Wash,PO-77305,Vintage Indigo,428,432,6,7,,,
2026-09-24,08:00-09:00,CWL-1,PP Spray (Front & Back),ST-3307 Twill Rinse,PO-66120,Khaki,842,830,16,9,,,
2026-09-24,09:00-10:00,CWL-1,PP Spray (Front & Back),ST-3307 Twill Rinse,PO-66120,Khaki,1023,936,15,5,,,
2026-09-24,10:00-11:00,CWL-1,PP Spray (Front & Back),ST-3307 Twill Rinse,PO-66120,Khaki,890,884,12,7,,,
2026-09-24,11:00-12:00,CWL-1,PP Spray (Front & Back),ST-3307 Twill Rinse,PO-66120,Khaki,879,857,13,7,,,
2026-09-24,12:00-13:00,CWL-1,PP Spray (Front & Back),ST-3307 Twill Rinse,PO-66120,Khaki,861,856,17,8,,,
2026-09-24,13:00-14:00,CWL-1,PP Spray (Front & Back),ST-3307 Twill Rinse,PO-66120,Khaki,774,769,22,7,,,
2026-09-24,14:00-15:00,CWL-1,PP Spray (Front & Back),ST-3307 Twill Rinse,PO-66120,Khaki,883,834,13,9,,,
2026-09-24,15:00-16:00,CWL-1,PP Spray (Front & Back),ST-3307 Twill Rinse,PO-66120,Khaki,902,844,14,11,,,
2026-09-24,16:00-17:00,CWL-1,PP Spray (Front & Back),ST-5120 Acid Blast,PO-88010,Acid Black,792,733,20,12,,,
2026-09-24,17:00-18:00,CWL-1,PP Spray (Front & Back),ST-5120 Acid Blast,PO-88010,Acid Black,157,150,4,1,30,Machine breakdown,
2026-09-24,18:00-19:00,CWL-1,PP Spray (Front & Back),ST-5120 Acid Blast,PO-88010,Acid Black,968,949,23,6,,,
2026-09-24,19:00-20:00,CWL-1,PP Spray (Front & Back),ST-5120 Acid Blast,PO-88010,Acid Black,876,825,16,7,,,
2026-09-24,20:00-21:00,CWL-1,PP Spray (Front & Back),ST-5120 Acid Blast,PO-88010,Acid Black,851,791,17,16,,,
2026-09-24,21:00-22:00,CWL-1,PP Spray (Front & Back),ST-5120 Acid Blast,PO-88010,Acid Black,1056,992,27,16,,,
2026-09-24,22:00-23:00,CWL-1,PP Spray (Front & Back),ST-5120 Acid Blast,PO-88010,Acid Black,894,858,21,15,,,
2026-09-24,23:00-00:00,CWL-1,PP Spray (Front & Back),ST-5120 Acid Blast,PO-88010,Acid Black,948,865,17,16,,,
2026-09-24,00:00-01:00,CWL-1,PP Spray (Front & Back),ST-5133 Snow Acid,PO-88055,Snow White,850,822,15,10,,,
2026-09-24,01:00-02:00,CWL-1,PP Spray (Front & Back),ST-5133 Snow Acid,PO-88055,Snow White,951,902,21,9,,,
2026-09-24,02:00-03:00,CWL-1,PP Spray (Front & Back),ST-5133 Snow Acid,PO-88055,Snow White,1001,996,14,19,,,
2026-09-24,03:00-04:00,CWL-1,PP Spray (Front & Back),ST-5133 Snow Acid,PO-88055,Snow White,889,896,7,16,,,
2026-09-24,04:00-05:00,CWL-1,PP Spray (Front & Back),ST-5133 Snow Acid,PO-88055,Snow White,867,861,8,4,,,
2026-09-24,05:00-06:00,CWL-1,PP Spray (Front & Back),ST-5133 Snow Acid,PO-88055,Snow White,853,791,19,9,,,
2026-09-24,06:00-07:00,CWL-1,PP Spray (Front & Back),ST-5133 Snow Acid,PO-88055,Snow White,985,950,11,13,,,
2026-09-24,07:00-08:00,CWL-1,PP Spray (Front & Back),ST-5133 Snow Acid,PO-88055,Snow White,831,817,8,9,,,
2026-09-24,08:00-09:00,CWL-1,Allover PP Spray,ST-5133 Snow Acid,PO-88055,Snow White,304,297,6,5,,,
2026-09-24,09:00-10:00,CWL-1,Allover PP Spray,ST-5133 Snow Acid,PO-88055,Snow White,395,364,7,6,,,
2026-09-24,10:00-11:00,CWL-1,Allover PP Spray,ST-5133 Snow Acid,PO-88055,Snow White,310,302,7,5,,,
2026-09-24,11:00-12:00,CWL-1,Allover PP Spray,ST-5133 Snow Acid,PO-88055,Snow White,344,346,6,6,,,
2026-09-24,12:00-13:00,CWL-1,Allover PP Spray,ST-5133 Snow Acid,PO-88055,Snow White,307,281,8,3,,,
2026-09-24,13:00-14:00,CWL-1,Allover PP Spray,ST-5133 Snow Acid,PO-88055,Snow White,359,362,3,4,,,
2026-09-24,14:00-15:00,CWL-1,Allover PP Spray,ST-5133 Snow Acid,PO-88055,Snow White,372,350,10,3,,,
2026-09-24,15:00-16:00,CWL-1,Allover PP Spray,ST-5133 Snow Acid,PO-88055,Snow White,390,362,5,3,,,
2026-09-24,16:00-17:00,CWL-1,Allover PP Spray,ST-3350 Twill Garment Dye,PO-66180,Olive,67,66,1,1,30,Power / utility,
2026-09-24,17:00-18:00,CWL-1,Allover PP Spray,ST-3350 Twill Garment Dye,PO-66180,Olive,350,327,10,4,,,
2026-09-24,18:00-19:00,CWL-1,Allover PP Spray,ST-3350 Twill Garment Dye,PO-66180,Olive,396,366,6,4,,,
2026-09-24,19:00-20:00,CWL-1,Allover PP Spray,ST-3350 Twill Garment Dye,PO-66180,Olive,312,315,8,5,,,
2026-09-24,20:00-21:00,CWL-1,Allover PP Spray,ST-3350 Twill Garment Dye,PO-66180,Olive,323,302,4,2,,,
2026-09-24,21:00-22:00,CWL-1,Allover PP Spray,ST-3350 Twill Garment Dye,PO-66180,Olive,360,343,3,2,,,
2026-09-24,22:00-23:00,CWL-1,Allover PP Spray,ST-3350 Twill Garment Dye,PO-66180,Olive,295,292,3,6,,,
2026-09-24,23:00-00:00,CWL-1,Allover PP Spray,ST-3350 Twill Garment Dye,PO-66180,Olive,327,324,8,4,,,
2026-09-24,00:00-01:00,CWL-1,Allover PP Spray,ST-4412 Dark Stone,PO-77101,Dark Blue,325,298,4,5,,,
2026-09-24,01:00-02:00,CWL-1,Allover PP Spray,ST-4412 Dark Stone,PO-77101,Dark Blue,338,325,5,6,,,
2026-09-24,02:00-03:00,CWL-1,Allover PP Spray,ST-4412 Dark Stone,PO-77101,Dark Blue,351,324,3,6,,,
2026-09-24,03:00-04:00,CWL-1,Allover PP Spray,ST-4412 Dark Stone,PO-77101,Dark Blue,370,337,10,2,,,
2026-09-24,04:00-05:00,CWL-1,Allover PP Spray,ST-4412 Dark Stone,PO-77101,Dark Blue,335,309,4,3,,,
2026-09-24,05:00-06:00,CWL-1,Allover PP Spray,ST-4412 Dark Stone,PO-77101,Dark Blue,383,361,9,4,,,
2026-09-24,06:00-07:00,CWL-1,Allover PP Spray,ST-4412 Dark Stone,PO-77101,Dark Blue,344,338,3,2,,,
2026-09-24,07:00-08:00,CWL-1,Allover PP Spray,ST-4412 Dark Stone,PO-77101,Dark Blue,356,363,9,5,,,
2026-09-24,08:00-09:00,CWL-1,PP Rubbing,ST-5120 Acid Blast,PO-88010,Acid Black,153,153,4,2,,,
2026-09-24,09:00-10:00,CWL-1,PP Rubbing,ST-5120 Acid Blast,PO-88010,Acid Black,192,194,2,2,,,
2026-09-24,10:00-11:00,CWL-1,PP Rubbing,ST-5120 Acid Blast,PO-88010,Acid Black,45,42,1,0,15,Power / utility,
2026-09-24,11:00-12:00,CWL-1,PP Rubbing,ST-5120 Acid Blast,PO-88010,Acid Black,78,72,1,0,45,Power / utility,
2026-09-24,12:00-13:00,CWL-1,PP Rubbing,ST-5120 Acid Blast,PO-88010,Acid Black,203,204,2,3,,,
2026-09-24,13:00-14:00,CWL-1,PP Rubbing,ST-5120 Acid Blast,PO-88010,Acid Black,171,171,2,3,,,
2026-09-24,14:00-15:00,CWL-1,PP Rubbing,ST-5120 Acid Blast,PO-88010,Acid Black,208,190,2,3,,,
2026-09-24,15:00-16:00,CWL-1,PP Rubbing,ST-5120 Acid Blast,PO-88010,Acid Black,208,205,2,4,,,
2026-09-24,16:00-17:00,CWL-1,PP Rubbing,ST-3350 Twill Garment Dye,PO-66180,Olive,166,158,4,2,,,
2026-09-24,17:00-18:00,CWL-1,PP Rubbing,ST-3350 Twill Garment Dye,PO-66180,Olive,170,172,1,2,,,
2026-09-24,18:00-19:00,CWL-1,PP Rubbing,ST-3350 Twill Garment Dye,PO-66180,Olive,180,167,2,3,,,
2026-09-24,19:00-20:00,CWL-1,PP Rubbing,ST-3350 Twill Garment Dye,PO-66180,Olive,198,192,4,1,,,
2026-09-24,20:00-21:00,CWL-1,PP Rubbing,ST-3350 Twill Garment Dye,PO-66180,Olive,88,81,2,1,30,Machine breakdown,
2026-09-24,21:00-22:00,CWL-1,PP Rubbing,ST-3350 Twill Garment Dye,PO-66180,Olive,231,215,2,3,,,
2026-09-24,22:00-23:00,CWL-1,PP Rubbing,ST-3350 Twill Garment Dye,PO-66180,Olive,18,17,0,0,30,Quality hold,
2026-09-24,23:00-00:00,CWL-1,PP Rubbing,ST-3350 Twill Garment Dye,PO-66180,Olive,169,167,3,2,,,
2026-09-24,00:00-01:00,CWL-1,PP Rubbing,ST-4430 Mid Blue,PO-77210,Mid Blue,47,43,0,1,30,Waiting for input,
2026-09-24,01:00-02:00,CWL-1,PP Rubbing,ST-4430 Mid Blue,PO-77210,Mid Blue,219,211,6,3,,,
2026-09-24,02:00-03:00,CWL-1,PP Rubbing,ST-4430 Mid Blue,PO-77210,Mid Blue,217,206,6,2,,,
2026-09-24,03:00-04:00,CWL-1,PP Rubbing,ST-4430 Mid Blue,PO-77210,Mid Blue,190,188,5,2,,,
2026-09-24,04:00-05:00,CWL-1,PP Rubbing,ST-4430 Mid Blue,PO-77210,Mid Blue,171,169,4,2,,,
2026-09-24,05:00-06:00,CWL-1,PP Rubbing,ST-4430 Mid Blue,PO-77210,Mid Blue,203,201,2,1,,,
2026-09-24,06:00-07:00,CWL-1,PP Rubbing,ST-4430 Mid Blue,PO-77210,Mid Blue,211,215,3,3,,,
2026-09-24,07:00-08:00,CWL-1,PP Rubbing,ST-4430 Mid Blue,PO-77210,Mid Blue,189,181,6,3,,,
2026-09-24,08:00-09:00,CWL-1,Machine 3D,ST-2285 Dye Black,PO-99040,Jet Black,282,264,5,4,,,
2026-09-24,09:00-10:00,CWL-1,Machine 3D,ST-2285 Dye Black,PO-99040,Jet Black,290,286,4,4,,,
2026-09-24,10:00-11:00,CWL-1,Machine 3D,ST-2285 Dye Black,PO-99040,Jet Black,301,280,6,2,,,
2026-09-24,11:00-12:00,CWL-1,Machine 3D,ST-2285 Dye Black,PO-99040,Jet Black,274,276,3,2,,,
2026-09-24,12:00-13:00,CWL-1,Machine 3D,ST-2285 Dye Black,PO-99040,Jet Black,260,248,6,3,,,
2026-09-24,13:00-14:00,CWL-1,Machine 3D,ST-2285 Dye Black,PO-99040,Jet Black,323,300,3,5,,,
2026-09-24,14:00-15:00,CWL-1,Machine 3D,ST-2285 Dye Black,PO-99040,Jet Black,315,317,4,4,,,
2026-09-24,15:00-16:00,CWL-1,Machine 3D,ST-2285 Dye Black,PO-99040,Jet Black,143,133,3,1,15,Operator shortage,
2026-09-24,16:00-17:00,CWL-1,Machine 3D,ST-4412 Dark Stone,PO-77102,Black Stone,25,23,0,0,15,Changeover / setup,
2026-09-24,17:00-18:00,CWL-1,Machine 3D,ST-4412 Dark Stone,PO-77102,Black Stone,287,281,7,4,,,
2026-09-24,18:00-19:00,CWL-1,Machine 3D,ST-4412 Dark Stone,PO-77102,Black Stone,258,255,4,2,,,
2026-09-24,19:00-20:00,CWL-1,Machine 3D,ST-4412 Dark Stone,PO-77102,Black Stone,313,296,7,5,,,
2026-09-24,20:00-21:00,CWL-1,Machine 3D,ST-4412 Dark Stone,PO-77102,Black Stone,310,285,6,3,,,
2026-09-24,21:00-22:00,CWL-1,Machine 3D,ST-4412 Dark Stone,PO-77102,Black Stone,69,64,1,1,45,Quality hold,
2026-09-24,22:00-23:00,CWL-1,Machine 3D,ST-4412 Dark Stone,PO-77102,Black Stone,273,272,6,1,,,
2026-09-24,23:00-00:00,CWL-1,Machine 3D,ST-4412 Dark Stone,PO-77102,Black Stone,275,275,6,5,,,
2026-09-24,00:00-01:00,CWL-1,Machine 3D,ST-5133 Snow Acid,PO-88055,Snow White,225,217,5,3,,,
2026-09-24,01:00-02:00,CWL-1,Machine 3D,ST-5133 Snow Acid,PO-88055,Snow White,262,257,4,4,,,
2026-09-24,02:00-03:00,CWL-1,Machine 3D,ST-5133 Snow Acid,PO-88055,Snow White,307,305,9,3,,,
2026-09-24,03:00-04:00,CWL-1,Machine 3D,ST-5133 Snow Acid,PO-88055,Snow White,272,265,3,5,,,
2026-09-24,04:00-05:00,CWL-1,Machine 3D,ST-5133 Snow Acid,PO-88055,Snow White,272,258,5,3,,,
2026-09-24,05:00-06:00,CWL-1,Machine 3D,ST-5133 Snow Acid,PO-88055,Snow White,285,275,7,5,,,
2026-09-24,06:00-07:00,CWL-1,Machine 3D,ST-5133 Snow Acid,PO-88055,Snow White,282,270,7,2,,,
2026-09-24,07:00-08:00,CWL-1,Machine 3D,ST-5133 Snow Acid,PO-88055,Snow White,283,266,7,2,,,
2026-09-24,08:00-09:00,CWL-1,Iron 3D,ST-3350 Twill Garment Dye,PO-66180,Olive,240,225,5,4,,,
2026-09-24,09:00-10:00,CWL-1,Iron 3D,ST-3350 Twill Garment Dye,PO-66180,Olive,265,262,7,5,,,
2026-09-24,10:00-11:00,CWL-1,Iron 3D,ST-3350 Twill Garment Dye,PO-66180,Olive,241,246,3,4,,,
2026-09-24,11:00-12:00,CWL-1,Iron 3D,ST-3350 Twill Garment Dye,PO-66180,Olive,320,299,5,4,,,
2026-09-24,12:00-13:00,CWL-1,Iron 3D,ST-3350 Twill Garment Dye,PO-66180,Olive,260,243,6,5,,,
2026-09-24,13:00-14:00,CWL-1,Iron 3D,ST-3350 Twill Garment Dye,PO-66180,Olive,278,276,7,3,,,
2026-09-24,14:00-15:00,CWL-1,Iron 3D,ST-3350 Twill Garment Dye,PO-66180,Olive,257,245,7,4,,,
2026-09-24,15:00-16:00,CWL-1,Iron 3D,ST-3350 Twill Garment Dye,PO-66180,Olive,279,255,7,5,,,
2026-09-24,16:00-17:00,CWL-1,Iron 3D,ST-4430 Mid Blue,PO-77210,Mid Blue,227,229,4,5,,,
2026-09-24,17:00-18:00,CWL-1,Iron 3D,ST-4430 Mid Blue,PO-77210,Mid Blue,233,236,3,3,,,
2026-09-24,18:00-19:00,CWL-1,Iron 3D,ST-4430 Mid Blue,PO-77210,Mid Blue,241,229,4,4,,,
2026-09-24,19:00-20:00,CWL-1,Iron 3D,ST-4430 Mid Blue,PO-77210,Mid Blue,280,272,6,4,,,
2026-09-24,20:00-21:00,CWL-1,Iron 3D,ST-4430 Mid Blue,PO-77210,Mid Blue,315,290,5,5,,,
2026-09-24,21:00-22:00,CWL-1,Iron 3D,ST-4430 Mid Blue,PO-77210,Mid Blue,256,255,7,3,,,
2026-09-24,22:00-23:00,CWL-1,Iron 3D,ST-4430 Mid Blue,PO-77210,Mid Blue,294,295,3,5,,,
2026-09-24,23:00-00:00,CWL-1,Iron 3D,ST-4430 Mid Blue,PO-77210,Mid Blue,280,255,5,4,,,
2026-09-24,00:00-01:00,CWL-1,Iron 3D,ST-4475 Vintage Wash,PO-77305,Vintage Indigo,236,221,3,5,,,
2026-09-24,01:00-02:00,CWL-1,Iron 3D,ST-4475 Vintage Wash,PO-77305,Vintage Indigo,240,229,4,3,,,
2026-09-24,02:00-03:00,CWL-1,Iron 3D,ST-4475 Vintage Wash,PO-77305,Vintage Indigo,283,274,3,4,,,
2026-09-24,03:00-04:00,CWL-1,Iron 3D,ST-4475 Vintage Wash,PO-77305,Vintage Indigo,293,279,8,2,,,
2026-09-24,04:00-05:00,CWL-1,Iron 3D,ST-4475 Vintage Wash,PO-77305,Vintage Indigo,249,236,6,4,,,
2026-09-24,05:00-06:00,CWL-1,Iron 3D,ST-4475 Vintage Wash,PO-77305,Vintage Indigo,265,260,3,3,,,
2026-09-24,06:00-07:00,CWL-1,Iron 3D,ST-4475 Vintage Wash,PO-77305,Vintage Indigo,240,229,7,2,,,
2026-09-24,07:00-08:00,CWL-1,Iron 3D,ST-4475 Vintage Wash,PO-77305,Vintage Indigo,303,286,6,2,,,
2026-09-25,08:00-09:00,CWL-1,Laser Whisker,ST-3350 Twill Garment Dye,PO-66180,Olive,30,27,1,1,,,
2026-09-25,09:00-10:00,CWL-1,Laser Whisker,ST-3350 Twill Garment Dye,PO-66180,Olive,32,30,0,1,,,
2026-09-25,10:00-11:00,CWL-1,Laser Whisker,ST-3350 Twill Garment Dye,PO-66180,Olive,32,30,1,1,,,
2026-09-25,11:00-12:00,CWL-1,Laser Whisker,ST-3350 Twill Garment Dye,PO-66180,Olive,28,27,1,0,,,
2026-09-25,12:00-13:00,CWL-1,Laser Whisker,ST-3350 Twill Garment Dye,PO-66180,Olive,28,26,1,1,,,
2026-09-25,13:00-14:00,CWL-1,Laser Whisker,ST-3350 Twill Garment Dye,PO-66180,Olive,30,28,1,1,,,
2026-09-25,14:00-15:00,CWL-1,Laser Whisker,ST-3350 Twill Garment Dye,PO-66180,Olive,27,27,0,0,,,
2026-09-25,15:00-16:00,CWL-1,Laser Whisker,ST-3350 Twill Garment Dye,PO-66180,Olive,29,29,1,0,,,
2026-09-25,16:00-17:00,CWL-1,Laser Whisker,ST-4430 Mid Blue,PO-77210,Mid Blue,24,24,0,0,,,
2026-09-25,17:00-18:00,CWL-1,Laser Whisker,ST-4430 Mid Blue,PO-77210,Mid Blue,34,34,0,0,,,
2026-09-25,18:00-19:00,CWL-1,Laser Whisker,ST-4430 Mid Blue,PO-77210,Mid Blue,9,8,0,0,45,Waiting for input,
2026-09-25,19:00-20:00,CWL-1,Laser Whisker,ST-4430 Mid Blue,PO-77210,Mid Blue,32,33,1,0,,,
2026-09-25,20:00-21:00,CWL-1,Laser Whisker,ST-4430 Mid Blue,PO-77210,Mid Blue,26,26,0,0,,,
2026-09-25,21:00-22:00,CWL-1,Laser Whisker,ST-4430 Mid Blue,PO-77210,Mid Blue,34,31,0,0,,,
2026-09-25,22:00-23:00,CWL-1,Laser Whisker,ST-4430 Mid Blue,PO-77210,Mid Blue,36,33,1,0,,,
2026-09-25,23:00-00:00,CWL-1,Laser Whisker,ST-4430 Mid Blue,PO-77210,Mid Blue,29,27,1,1,,,
2026-09-25,00:00-01:00,CWL-1,Laser Whisker,ST-5133 Snow Acid,PO-88055,Snow White,25,25,1,0,,,
2026-09-25,01:00-02:00,CWL-1,Laser Whisker,ST-5133 Snow Acid,PO-88055,Snow White,36,33,0,0,,,
2026-09-25,02:00-03:00,CWL-1,Laser Whisker,ST-5133 Snow Acid,PO-88055,Snow White,29,28,0,1,,,
2026-09-25,03:00-04:00,CWL-1,Laser Whisker,ST-5133 Snow Acid,PO-88055,Snow White,34,33,1,1,,,
2026-09-25,04:00-05:00,CWL-1,Laser Whisker,ST-5133 Snow Acid,PO-88055,Snow White,29,27,1,1,,,
2026-09-25,05:00-06:00,CWL-1,Laser Whisker,ST-5133 Snow Acid,PO-88055,Snow White,32,32,1,1,,,
2026-09-25,06:00-07:00,CWL-1,Laser Whisker,ST-5133 Snow Acid,PO-88055,Snow White,27,27,0,1,,,
2026-09-25,07:00-08:00,CWL-1,Laser Whisker,ST-5133 Snow Acid,PO-88055,Snow White,35,33,1,1,,,
2026-09-25,08:00-09:00,CWL-1,Laser Mark Destroy,ST-5133 Snow Acid,PO-88055,Snow White,71,69,1,0,,,
2026-09-25,09:00-10:00,CWL-1,Laser Mark Destroy,ST-5133 Snow Acid,PO-88055,Snow White,42,39,0,1,15,Quality hold,
2026-09-25,10:00-11:00,CWL-1,Laser Mark Destroy,ST-5133 Snow Acid,PO-88055,Snow White,95,87,1,0,,,
2026-09-25,11:00-12:00,CWL-1,Laser Mark Destroy,ST-5133 Snow Acid,PO-88055,Snow White,105,100,3,2,,,
2026-09-25,12:00-13:00,CWL-1,Laser Mark Destroy,ST-5133 Snow Acid,PO-88055,Snow White,102,104,2,1,,,
2026-09-25,13:00-14:00,CWL-1,Laser Mark Destroy,ST-5133 Snow Acid,PO-88055,Snow White,99,96,3,1,,,
2026-09-25,14:00-15:00,CWL-1,Laser Mark Destroy,ST-5133 Snow Acid,PO-88055,Snow White,97,94,1,2,,,
2026-09-25,15:00-16:00,CWL-1,Laser Mark Destroy,ST-5133 Snow Acid,PO-88055,Snow White,86,81,2,0,,,
2026-09-25,16:00-17:00,CWL-1,Laser Mark Destroy,ST-4430 Mid Blue,PO-77210,Mid Blue,91,86,2,1,,,
2026-09-25,17:00-18:00,CWL-1,Laser Mark Destroy,ST-4430 Mid Blue,PO-77210,Mid Blue,92,87,3,1,,,
2026-09-25,18:00-19:00,CWL-1,Laser Mark Destroy,ST-4430 Mid Blue,PO-77210,Mid Blue,105,96,0,2,,,
2026-09-25,19:00-20:00,CWL-1,Laser Mark Destroy,ST-4430 Mid Blue,PO-77210,Mid Blue,97,90,2,1,,,
2026-09-25,20:00-21:00,CWL-1,Laser Mark Destroy,ST-4430 Mid Blue,PO-77210,Mid Blue,97,93,2,0,,,
2026-09-25,21:00-22:00,CWL-1,Laser Mark Destroy,ST-4430 Mid Blue,PO-77210,Mid Blue,101,97,2,2,,,
2026-09-25,22:00-23:00,CWL-1,Laser Mark Destroy,ST-4430 Mid Blue,PO-77210,Mid Blue,104,95,2,1,,,
2026-09-25,23:00-00:00,CWL-1,Laser Mark Destroy,ST-4430 Mid Blue,PO-77210,Mid Blue,92,91,1,1,,,
2026-09-25,00:00-01:00,CWL-1,Laser Mark Destroy,ST-4412 Dark Stone,PO-77101,Dark Blue,86,87,2,1,,,
2026-09-25,01:00-02:00,CWL-1,Laser Mark Destroy,ST-4412 Dark Stone,PO-77101,Dark Blue,109,104,2,1,,,
2026-09-25,02:00-03:00,CWL-1,Laser Mark Destroy,ST-4412 Dark Stone,PO-77101,Dark Blue,92,86,1,1,,,
2026-09-25,03:00-04:00,CWL-1,Laser Mark Destroy,ST-4412 Dark Stone,PO-77101,Dark Blue,97,93,2,1,,,
2026-09-25,04:00-05:00,CWL-1,Laser Mark Destroy,ST-4412 Dark Stone,PO-77101,Dark Blue,98,98,2,0,,,
2026-09-25,05:00-06:00,CWL-1,Laser Mark Destroy,ST-4412 Dark Stone,PO-77101,Dark Blue,91,92,1,1,,,
2026-09-25,06:00-07:00,CWL-1,Laser Mark Destroy,ST-4412 Dark Stone,PO-77101,Dark Blue,83,84,2,2,,,
2026-09-25,07:00-08:00,CWL-1,Laser Mark Destroy,ST-4412 Dark Stone,PO-77101,Dark Blue,87,83,2,1,,,
2026-09-25,08:00-09:00,CWL-1,Pattern Whisker,ST-3350 Twill Garment Dye,PO-66180,Olive,1048,1018,12,6,,,
2026-09-25,09:00-10:00,CWL-1,Pattern Whisker,ST-3350 Twill Garment Dye,PO-66180,Olive,1167,1064,19,15,,,
2026-09-25,10:00-11:00,CWL-1,Pattern Whisker,ST-3350 Twill Garment Dye,PO-66180,Olive,377,352,8,6,45,Waiting for input,
2026-09-25,11:00-12:00,CWL-1,Pattern Whisker,ST-3350 Twill Garment Dye,PO-66180,Olive,1248,1159,15,6,,,
2026-09-25,12:00-13:00,CWL-1,Pattern Whisker,ST-3350 Twill Garment Dye,PO-66180,Olive,1363,1275,18,18,,,
2026-09-25,13:00-14:00,CWL-1,Pattern Whisker,ST-3350 Twill Garment Dye,PO-66180,Olive,1306,1285,19,23,,,
2026-09-25,14:00-15:00,CWL-1,Pattern Whisker,ST-3350 Twill Garment Dye,PO-66180,Olive,1155,1114,10,11,,,
2026-09-25,15:00-16:00,CWL-1,Pattern Whisker,ST-3350 Twill Garment Dye,PO-66180,Olive,1450,1348,17,20,,,
2026-09-25,16:00-17:00,CWL-1,Pattern Whisker,ST-5133 Snow Acid,PO-88055,Snow White,948,935,17,13,,,
2026-09-25,17:00-18:00,CWL-1,Pattern Whisker,ST-5133 Snow Acid,PO-88055,Snow White,1150,1158,29,11,,,
2026-09-25,18:00-19:00,CWL-1,Pattern Whisker,ST-5133 Snow Acid,PO-88055,Snow White,1252,1150,28,22,,,
2026-09-25,19:00-20:00,CWL-1,Pattern Whisker,ST-5133 Snow Acid,PO-88055,Snow White,1286,1190,22,20,,,
2026-09-25,20:00-21:00,CWL-1,Pattern Whisker,ST-5133 Snow Acid,PO-88055,Snow White,1204,1220,12,17,,,
2026-09-25,21:00-22:00,CWL-1,Pattern Whisker,ST-5133 Snow Acid,PO-88055,Snow White,1462,1341,30,23,,,
2026-09-25,22:00-23:00,CWL-1,Pattern Whisker,ST-5133 Snow Acid,PO-88055,Snow White,337,319,8,3,45,Power / utility,
2026-09-25,23:00-00:00,CWL-1,Pattern Whisker,ST-5133 Snow Acid,PO-88055,Snow White,1286,1285,31,9,,,
2026-09-25,00:00-01:00,CWL-1,Pattern Whisker,ST-3350 Twill Garment Dye,PO-66180,Olive,1041,1014,13,10,,,
2026-09-25,01:00-02:00,CWL-1,Pattern Whisker,ST-3350 Twill Garment Dye,PO-66180,Olive,1126,1121,32,10,,,
2026-09-25,02:00-03:00,CWL-1,Pattern Whisker,ST-3350 Twill Garment Dye,PO-66180,Olive,1132,1151,25,17,,,
2026-09-25,03:00-04:00,CWL-1,Pattern Whisker,ST-3350 Twill Garment Dye,PO-66180,Olive,1287,1222,18,14,,,
2026-09-25,04:00-05:00,CWL-1,Pattern Whisker,ST-3350 Twill Garment Dye,PO-66180,Olive,1112,1074,24,10,,,
2026-09-25,05:00-06:00,CWL-1,Pattern Whisker,ST-3350 Twill Garment Dye,PO-66180,Olive,1434,1370,41,23,,,
2026-09-25,06:00-07:00,CWL-1,Pattern Whisker,ST-3350 Twill Garment Dye,PO-66180,Olive,1075,1062,27,9,,,
2026-09-25,07:00-08:00,CWL-1,Pattern Whisker,ST-3350 Twill Garment Dye,PO-66180,Olive,1230,1172,24,17,,,
2026-09-25,08:00-09:00,CWL-1,Hand Sand (Front & Back),ST-4412 Dark Stone,PO-77101,Dark Blue,590,553,8,6,,,
2026-09-25,09:00-10:00,CWL-1,Hand Sand (Front & Back),ST-4412 Dark Stone,PO-77101,Dark Blue,660,648,9,5,,,
2026-09-25,10:00-11:00,CWL-1,Hand Sand (Front & Back),ST-4412 Dark Stone,PO-77101,Dark Blue,622,615,16,11,,,
2026-09-25,11:00-12:00,CWL-1,Hand Sand (Front & Back),ST-4412 Dark Stone,PO-77101,Dark Blue,603,559,6,11,,,
2026-09-25,12:00-13:00,CWL-1,Hand Sand (Front & Back),ST-4412 Dark Stone,PO-77101,Dark Blue,715,653,9,9,,,
2026-09-25,13:00-14:00,CWL-1,Hand Sand (Front & Back),ST-4412 Dark Stone,PO-77101,Dark Blue,686,657,14,12,,,
2026-09-25,14:00-15:00,CWL-1,Hand Sand (Front & Back),ST-4412 Dark Stone,PO-77101,Dark Blue,610,567,14,6,,,
2026-09-25,15:00-16:00,CWL-1,Hand Sand (Front & Back),ST-4412 Dark Stone,PO-77101,Dark Blue,623,631,14,9,,,
2026-09-25,16:00-17:00,CWL-1,Hand Sand (Front & Back),ST-3350 Twill Garment Dye,PO-66180,Olive,462,448,6,7,,,
2026-09-25,17:00-18:00,CWL-1,Hand Sand (Front & Back),ST-3350 Twill Garment Dye,PO-66180,Olive,603,583,7,7,,,
2026-09-25,18:00-19:00,CWL-1,Hand Sand (Front & Back),ST-3350 Twill Garment Dye,PO-66180,Olive,607,556,5,9,,,
2026-09-25,19:00-20:00,CWL-1,Hand Sand (Front & Back),ST-3350 Twill Garment Dye,PO-66180,Olive,698,657,15,4,,,
2026-09-25,20:00-21:00,CWL-1,Hand Sand (Front & Back),ST-3350 Twill Garment Dye,PO-66180,Olive,638,620,9,3,,,
2026-09-25,21:00-22:00,CWL-1,Hand Sand (Front & Back),ST-3350 Twill Garment Dye,PO-66180,Olive,685,670,6,11,,,
2026-09-25,22:00-23:00,CWL-1,Hand Sand (Front & Back),ST-3350 Twill Garment Dye,PO-66180,Olive,618,596,13,8,,,
2026-09-25,23:00-00:00,CWL-1,Hand Sand (Front & Back),ST-3350 Twill Garment Dye,PO-66180,Olive,589,550,7,7,,,
2026-09-25,00:00-01:00,CWL-1,Hand Sand (Front & Back),ST-4412 Dark Stone,PO-77101,Dark Blue,509,509,14,5,,,
2026-09-25,01:00-02:00,CWL-1,Hand Sand (Front & Back),ST-4412 Dark Stone,PO-77101,Dark Blue,518,522,8,7,,,
2026-09-25,02:00-03:00,CWL-1,Hand Sand (Front & Back),ST-4412 Dark Stone,PO-77101,Dark Blue,587,545,8,6,,,
2026-09-25,03:00-04:00,CWL-1,Hand Sand (Front & Back),ST-4412 Dark Stone,PO-77101,Dark Blue,627,623,7,4,,,
2026-09-25,04:00-05:00,CWL-1,Hand Sand (Front & Back),ST-4412 Dark Stone,PO-77101,Dark Blue,703,642,9,5,,,
2026-09-25,05:00-06:00,CWL-1,Hand Sand (Front & Back),ST-4412 Dark Stone,PO-77101,Dark Blue,717,653,15,7,,,
2026-09-25,06:00-07:00,CWL-1,Hand Sand (Front & Back),ST-4412 Dark Stone,PO-77101,Dark Blue,589,541,12,3,,,
2026-09-25,07:00-08:00,CWL-1,Hand Sand (Front & Back),ST-4412 Dark Stone,PO-77101,Dark Blue,646,633,18,7,,,
2026-09-25,08:00-09:00,CWL-1,Allover Hand Sand,ST-2285 Dye Black,PO-99040,Jet Black,91,86,1,0,,,
2026-09-25,09:00-10:00,CWL-1,Allover Hand Sand,ST-2285 Dye Black,PO-99040,Jet Black,100,92,1,2,,,
2026-09-25,10:00-11:00,CWL-1,Allover Hand Sand,ST-2285 Dye Black,PO-99040,Jet Black,91,91,2,0,,,
2026-09-25,11:00-12:00,CWL-1,Allover Hand Sand,ST-2285 Dye Black,PO-99040,Jet Black,89,82,2,1,,,
2026-09-25,12:00-13:00,CWL-1,Allover Hand Sand,ST-2285 Dye Black,PO-99040,Jet Black,94,93,1,0,,,
2026-09-25,13:00-14:00,CWL-1,Allover Hand Sand,ST-2285 Dye Black,PO-99040,Jet Black,87,82,1,2,,,
2026-09-25,14:00-15:00,CWL-1,Allover Hand Sand,ST-2285 Dye Black,PO-99040,Jet Black,86,87,1,1,,,
2026-09-25,15:00-16:00,CWL-1,Allover Hand Sand,ST-2285 Dye Black,PO-99040,Jet Black,93,90,2,1,,,
2026-09-25,16:00-17:00,CWL-1,Allover Hand Sand,ST-4412 Dark Stone,PO-77101,Dark Blue,83,77,2,0,,,
2026-09-25,17:00-18:00,CWL-1,Allover Hand Sand,ST-4412 Dark Stone,PO-77101,Dark Blue,94,91,2,2,,,
2026-09-25,18:00-19:00,CWL-1,Allover Hand Sand,ST-4412 Dark Stone,PO-77101,Dark Blue,109,104,3,1,,,
2026-09-25,19:00-20:00,CWL-1,Allover Hand Sand,ST-4412 Dark Stone,PO-77101,Dark Blue,103,97,2,1,,,
2026-09-25,20:00-21:00,CWL-1,Allover Hand Sand,ST-4412 Dark Stone,PO-77101,Dark Blue,85,86,2,1,,,
2026-09-25,21:00-22:00,CWL-1,Allover Hand Sand,ST-4412 Dark Stone,PO-77101,Dark Blue,108,100,1,1,,,
2026-09-25,22:00-23:00,CWL-1,Allover Hand Sand,ST-4412 Dark Stone,PO-77101,Dark Blue,44,40,0,1,15,Quality hold,
2026-09-25,23:00-00:00,CWL-1,Allover Hand Sand,ST-4412 Dark Stone,PO-77101,Dark Blue,103,99,3,1,,,
2026-09-25,00:00-01:00,CWL-1,Allover Hand Sand,ST-5120 Acid Blast,PO-88010,Acid Black,85,81,2,1,,,
2026-09-25,01:00-02:00,CWL-1,Allover Hand Sand,ST-5120 Acid Blast,PO-88010,Acid Black,86,87,1,1,,,
2026-09-25,02:00-03:00,CWL-1,Allover Hand Sand,ST-5120 Acid Blast,PO-88010,Acid Black,91,84,2,2,,,
2026-09-25,03:00-04:00,CWL-1,Allover Hand Sand,ST-5120 Acid Blast,PO-88010,Acid Black,83,81,1,1,,,
2026-09-25,04:00-05:00,CWL-1,Allover Hand Sand,ST-5120 Acid Blast,PO-88010,Acid Black,105,105,2,1,,,
2026-09-25,05:00-06:00,CWL-1,Allover Hand Sand,ST-5120 Acid Blast,PO-88010,Acid Black,101,96,2,1,,,
2026-09-25,06:00-07:00,CWL-1,Allover Hand Sand,ST-5120 Acid Blast,PO-88010,Acid Black,106,101,2,1,,,
2026-09-25,07:00-08:00,CWL-1,Allover Hand Sand,ST-5120 Acid Blast,PO-88010,Acid Black,107,103,3,2,,,
2026-09-25,08:00-09:00,CWL-1,Tagging,ST-3350 Twill Garment Dye,PO-66180,Olive,679,684,7,12,,,
2026-09-25,09:00-10:00,CWL-1,Tagging,ST-3350 Twill Garment Dye,PO-66180,Olive,751,740,11,5,,,
2026-09-25,10:00-11:00,CWL-1,Tagging,ST-3350 Twill Garment Dye,PO-66180,Olive,748,701,19,10,,,
2026-09-25,11:00-12:00,CWL-1,Tagging,ST-3350 Twill Garment Dye,PO-66180,Olive,783,763,13,8,,,
2026-09-25,12:00-13:00,CWL-1,Tagging,ST-3350 Twill Garment Dye,PO-66180,Olive,747,726,18,4,,,
2026-09-25,13:00-14:00,CWL-1,Tagging,ST-3350 Twill Garment Dye,PO-66180,Olive,866,813,10,16,,,
2026-09-25,14:00-15:00,CWL-1,Tagging,ST-3350 Twill Garment Dye,PO-66180,Olive,741,709,9,6,,,
2026-09-25,15:00-16:00,CWL-1,Tagging,ST-3350 Twill Garment Dye,PO-66180,Olive,691,654,15,13,,,
2026-09-25,16:00-17:00,CWL-1,Tagging,ST-5120 Acid Blast,PO-88010,Acid Black,269,259,6,2,30,Operator shortage,
2026-09-25,17:00-18:00,CWL-1,Tagging,ST-5120 Acid Blast,PO-88010,Acid Black,891,848,20,13,,,
2026-09-25,18:00-19:00,CWL-1,Tagging,ST-5120 Acid Blast,PO-88010,Acid Black,790,782,9,7,,,
2026-09-25,19:00-20:00,CWL-1,Tagging,ST-5120 Acid Blast,PO-88010,Acid Black,851,781,10,9,,,
2026-09-25,20:00-21:00,CWL-1,Tagging,ST-5120 Acid Blast,PO-88010,Acid Black,758,738,16,7,,,
2026-09-25,21:00-22:00,CWL-1,Tagging,ST-5120 Acid Blast,PO-88010,Acid Black,699,677,15,7,,,
2026-09-25,22:00-23:00,CWL-1,Tagging,ST-5120 Acid Blast,PO-88010,Acid Black,667,664,8,8,,,
2026-09-25,23:00-00:00,CWL-1,Tagging,ST-5120 Acid Blast,PO-88010,Acid Black,888,807,7,7,,,
2026-09-25,00:00-01:00,CWL-1,Tagging,ST-5120 Acid Blast,PO-88010,Acid Black,625,570,11,10,,,
2026-09-25,01:00-02:00,CWL-1,Tagging,ST-5120 Acid Blast,PO-88010,Acid Black,757,752,13,8,,,
2026-09-25,02:00-03:00,CWL-1,Tagging,ST-5120 Acid Blast,PO-88010,Acid Black,856,789,11,4,,,
2026-09-25,03:00-04:00,CWL-1,Tagging,ST-5120 Acid Blast,PO-88010,Acid Black,772,730,16,12,,,
2026-09-25,04:00-05:00,CWL-1,Tagging,ST-5120 Acid Blast,PO-88010,Acid Black,720,734,20,4,,,
2026-09-25,05:00-06:00,CWL-1,Tagging,ST-5120 Acid Blast,PO-88010,Acid Black,677,677,8,13,,,
2026-09-25,06:00-07:00,CWL-1,Tagging,ST-5120 Acid Blast,PO-88010,Acid Black,737,678,8,10,,,
2026-09-25,07:00-08:00,CWL-1,Tagging,ST-5120 Acid Blast,PO-88010,Acid Black,904,840,19,15,,,
2026-09-25,08:00-09:00,CWL-1,Grinding,ST-4475 Vintage Wash,PO-77305,Vintage Indigo,191,187,3,3,,,
2026-09-25,09:00-10:00,CWL-1,Grinding,ST-4475 Vintage Wash,PO-77305,Vintage Indigo,228,216,6,4,,,
2026-09-25,10:00-11:00,CWL-1,Grinding,ST-4475 Vintage Wash,PO-77305,Vintage Indigo,239,229,5,2,,,
2026-09-25,11:00-12:00,CWL-1,Grinding,ST-4475 Vintage Wash,PO-77305,Vintage Indigo,21,20,1,0,30,Quality hold,
2026-09-25,12:00-13:00,CWL-1,Grinding,ST-4475 Vintage Wash,PO-77305,Vintage Indigo,232,232,6,5,,,
2026-09-25,13:00-14:00,CWL-1,Grinding,ST-4475 Vintage Wash,PO-77305,Vintage Indigo,216,215,4,4,,,
2026-09-25,14:00-15:00,CWL-1,Grinding,ST-4475 Vintage Wash,PO-77305,Vintage Indigo,227,216,7,1,,,
2026-09-25,15:00-16:00,CWL-1,Grinding,ST-4475 Vintage Wash,PO-77305,Vintage Indigo,254,242,6,5,,,
2026-09-25,16:00-17:00,CWL-1,Grinding,ST-5120 Acid Blast,PO-88010,Acid Black,204,203,2,4,,,
2026-09-25,17:00-18:00,CWL-1,Grinding,ST-5120 Acid Blast,PO-88010,Acid Black,218,199,3,3,,,
2026-09-25,18:00-19:00,CWL-1,Grinding,ST-5120 Acid Blast,PO-88010,Acid Black,254,257,2,4,,,
2026-09-25,19:00-20:00,CWL-1,Grinding,ST-5120 Acid Blast,PO-88010,Acid Black,261,252,7,3,,,
2026-09-25,20:00-21:00,CWL-1,Grinding,ST-5120 Acid Blast,PO-88010,Acid Black,233,223,5,2,,,
2026-09-25,21:00-22:00,CWL-1,Grinding,ST-5120 Acid Blast,PO-88010,Acid Black,206,208,4,1,,,
2026-09-25,22:00-23:00,CWL-1,Grinding,ST-5120 Acid Blast,PO-88010,Acid Black,241,240,6,4,,,
2026-09-25,23:00-00:00,CWL-1,Grinding,ST-5120 Acid Blast,PO-88010,Acid Black,245,237,2,2,,,
2026-09-25,00:00-01:00,CWL-1,Grinding,ST-4475 Vintage Wash,PO-77305,Vintage Indigo,46,42,1,0,45,Quality hold,
2026-09-25,01:00-02:00,CWL-1,Grinding,ST-4475 Vintage Wash,PO-77305,Vintage Indigo,205,207,3,4,,,
2026-09-25,02:00-03:00,CWL-1,Grinding,ST-4475 Vintage Wash,PO-77305,Vintage Indigo,231,230,3,4,,,
2026-09-25,03:00-04:00,CWL-1,Grinding,ST-4475 Vintage Wash,PO-77305,Vintage Indigo,230,222,4,2,,,
2026-09-25,04:00-05:00,CWL-1,Grinding,ST-4475 Vintage Wash,PO-77305,Vintage Indigo,278,259,4,4,,,
2026-09-25,05:00-06:00,CWL-1,Grinding,ST-4475 Vintage Wash,PO-77305,Vintage Indigo,245,230,6,4,,,
2026-09-25,06:00-07:00,CWL-1,Grinding,ST-4475 Vintage Wash,PO-77305,Vintage Indigo,223,203,4,1,,,
2026-09-25,07:00-08:00,CWL-1,Grinding,ST-4475 Vintage Wash,PO-77305,Vintage Indigo,209,199,4,4,,,
2026-09-25,08:00-09:00,CWL-1,Destruction,ST-3350 Twill Garment Dye,PO-66180,Olive,141,130,3,1,,,
2026-09-25,09:00-10:00,CWL-1,Destruction,ST-3350 Twill Garment Dye,PO-66180,Olive,192,184,5,3,,,
2026-09-25,10:00-11:00,CWL-1,Destruction,ST-3350 Twill Garment Dye,PO-66180,Olive,159,155,3,1,,,
2026-09-25,11:00-12:00,CWL-1,Destruction,ST-3350 Twill Garment Dye,PO-66180,Olive,171,172,1,2,,,
2026-09-25,12:00-13:00,CWL-1,Destruction,ST-3350 Twill Garment Dye,PO-66180,Olive,183,178,2,3,,,
2026-09-25,13:00-14:00,CWL-1,Destruction,ST-3350 Twill Garment Dye,PO-66180,Olive,168,165,4,3,,,
2026-09-25,14:00-15:00,CWL-1,Destruction,ST-3350 Twill Garment Dye,PO-66180,Olive,212,193,4,2,,,
2026-09-25,15:00-16:00,CWL-1,Destruction,ST-3350 Twill Garment Dye,PO-66180,Olive,172,174,4,3,,,
2026-09-25,16:00-17:00,CWL-1,Destruction,ST-5120 Acid Blast,PO-88010,Acid Black,157,148,2,2,,,
2026-09-25,17:00-18:00,CWL-1,Destruction,ST-5120 Acid Blast,PO-88010,Acid Black,180,176,5,2,,,
2026-09-25,18:00-19:00,CWL-1,Destruction,ST-5120 Acid Blast,PO-88010,Acid Black,176,175,3,2,,,
2026-09-25,19:00-20:00,CWL-1,Destruction,ST-5120 Acid Blast,PO-88010,Acid Black,179,177,3,3,,,
2026-09-25,20:00-21:00,CWL-1,Destruction,ST-5120 Acid Blast,PO-88010,Acid Black,198,196,1,1,,,
2026-09-25,21:00-22:00,CWL-1,Destruction,ST-5120 Acid Blast,PO-88010,Acid Black,23,23,1,1,45,Changeover / setup,
2026-09-25,22:00-23:00,CWL-1,Destruction,ST-5120 Acid Blast,PO-88010,Acid Black,166,159,4,2,,,
2026-09-25,23:00-00:00,CWL-1,Destruction,ST-5120 Acid Blast,PO-88010,Acid Black,193,192,1,4,,,
2026-09-25,00:00-01:00,CWL-1,Destruction,ST-5133 Snow Acid,PO-88055,Snow White,166,153,3,2,,,
2026-09-25,01:00-02:00,CWL-1,Destruction,ST-5133 Snow Acid,PO-88055,Snow White,207,191,4,1,,,
2026-09-25,02:00-03:00,CWL-1,Destruction,ST-5133 Snow Acid,PO-88055,Snow White,186,184,2,3,,,
2026-09-25,03:00-04:00,CWL-1,Destruction,ST-5133 Snow Acid,PO-88055,Snow White,210,191,4,3,,,
2026-09-25,04:00-05:00,CWL-1,Destruction,ST-5133 Snow Acid,PO-88055,Snow White,165,162,3,3,,,
2026-09-25,05:00-06:00,CWL-1,Destruction,ST-5133 Snow Acid,PO-88055,Snow White,171,167,4,1,,,
2026-09-25,06:00-07:00,CWL-1,Destruction,ST-5133 Snow Acid,PO-88055,Snow White,191,191,6,2,,,
2026-09-25,07:00-08:00,CWL-1,Destruction,ST-5133 Snow Acid,PO-88055,Snow White,179,172,4,3,,,
2026-09-25,08:00-09:00,CWL-1,Cutting / Destroy,ST-4430 Mid Blue,PO-77210,Mid Blue,330,314,7,5,,,
2026-09-25,09:00-10:00,CWL-1,Cutting / Destroy,ST-4430 Mid Blue,PO-77210,Mid Blue,340,332,8,6,,,
2026-09-25,10:00-11:00,CWL-1,Cutting / Destroy,ST-4430 Mid Blue,PO-77210,Mid Blue,379,368,5,6,,,
2026-09-25,11:00-12:00,CWL-1,Cutting / Destroy,ST-4430 Mid Blue,PO-77210,Mid Blue,339,336,3,4,,,
2026-09-25,12:00-13:00,CWL-1,Cutting / Destroy,ST-4430 Mid Blue,PO-77210,Mid Blue,302,302,3,1,,,
2026-09-25,13:00-14:00,CWL-1,Cutting / Destroy,ST-4430 Mid Blue,PO-77210,Mid Blue,379,351,3,6,,,
2026-09-25,14:00-15:00,CWL-1,Cutting / Destroy,ST-4430 Mid Blue,PO-77210,Mid Blue,350,337,9,3,,,
2026-09-25,15:00-16:00,CWL-1,Cutting / Destroy,ST-4430 Mid Blue,PO-77210,Mid Blue,307,299,5,5,,,
2026-09-25,16:00-17:00,CWL-1,Cutting / Destroy,ST-4412 Dark Stone,PO-77102,Black Stone,340,318,4,3,,,
2026-09-25,17:00-18:00,CWL-1,Cutting / Destroy,ST-4412 Dark Stone,PO-77102,Black Stone,307,298,6,5,,,
2026-09-25,18:00-19:00,CWL-1,Cutting / Destroy,ST-4412 Dark Stone,PO-77102,Black Stone,378,384,8,5,,,
2026-09-25,19:00-20:00,CWL-1,Cutting / Destroy,ST-4412 Dark Stone,PO-77102,Black Stone,375,352,5,2,,,
2026-09-25,20:00-21:00,CWL-1,Cutting / Destroy,ST-4412 Dark Stone,PO-77102,Black Stone,328,325,8,2,,,
2026-09-25,21:00-22:00,CWL-1,Cutting / Destroy,ST-4412 Dark Stone,PO-77102,Black Stone,388,375,5,5,,,
2026-09-25,22:00-23:00,CWL-1,Cutting / Destroy,ST-4412 Dark Stone,PO-77102,Black Stone,381,385,3,8,,,
2026-09-25,23:00-00:00,CWL-1,Cutting / Destroy,ST-4412 Dark Stone,PO-77102,Black Stone,359,357,8,5,,,
2026-09-25,00:00-01:00,CWL-1,Cutting / Destroy,ST-3350 Twill Garment Dye,PO-66180,Olive,269,263,6,4,,,
2026-09-25,01:00-02:00,CWL-1,Cutting / Destroy,ST-3350 Twill Garment Dye,PO-66180,Olive,365,350,9,5,,,
2026-09-25,02:00-03:00,CWL-1,Cutting / Destroy,ST-3350 Twill Garment Dye,PO-66180,Olive,99,95,1,1,30,Waiting for material,
2026-09-25,03:00-04:00,CWL-1,Cutting / Destroy,ST-3350 Twill Garment Dye,PO-66180,Olive,328,323,3,5,,,
2026-09-25,04:00-05:00,CWL-1,Cutting / Destroy,ST-3350 Twill Garment Dye,PO-66180,Olive,406,387,6,3,,,
2026-09-25,05:00-06:00,CWL-1,Cutting / Destroy,ST-3350 Twill Garment Dye,PO-66180,Olive,328,300,5,4,,,
2026-09-25,06:00-07:00,CWL-1,Cutting / Destroy,ST-3350 Twill Garment Dye,PO-66180,Olive,331,325,8,2,,,
2026-09-25,07:00-08:00,CWL-1,Cutting / Destroy,ST-3350 Twill Garment Dye,PO-66180,Olive,326,300,4,2,,,
2026-09-25,08:00-09:00,CWL-1,Air Blowing,ST-4412 Dark Stone,PO-77102,Black Stone,322,295,7,3,,,
2026-09-25,09:00-10:00,CWL-1,Air Blowing,ST-4412 Dark Stone,PO-77102,Black Stone,442,426,8,6,,,
2026-09-25,10:00-11:00,CWL-1,Air Blowing,ST-4412 Dark Stone,PO-77102,Black Stone,380,374,6,2,,,
2026-09-25,11:00-12:00,CWL-1,Air Blowing,ST-4412 Dark Stone,PO-77102,Black Stone,430,421,11,5,,,
2026-09-25,12:00-13:00,CWL-1,Air Blowing,ST-4412 Dark Stone,PO-77102,Black Stone,470,436,6,4,,,
2026-09-25,13:00-14:00,CWL-1,Air Blowing,ST-4412 Dark Stone,PO-77102,Black Stone,466,443,8,3,,,
2026-09-25,14:00-15:00,CWL-1,Air Blowing,ST-4412 Dark Stone,PO-77102,Black Stone,26,26,0,0,15,Machine breakdown,
2026-09-25,15:00-16:00,CWL-1,Air Blowing,ST-4412 Dark Stone,PO-77102,Black Stone,379,346,4,5,,,
2026-09-25,16:00-17:00,CWL-1,Air Blowing,ST-5133 Snow Acid,PO-88055,Snow White,372,347,6,5,,,
2026-09-25,17:00-18:00,CWL-1,Air Blowing,ST-5133 Snow Acid,PO-88055,Snow White,349,340,5,6,,,
2026-09-25,18:00-19:00,CWL-1,Air Blowing,ST-5133 Snow Acid,PO-88055,Snow White,451,422,5,7,,,
2026-09-25,19:00-20:00,CWL-1,Air Blowing,ST-5133 Snow Acid,PO-88055,Snow White,436,407,3,8,,,
2026-09-25,20:00-21:00,CWL-1,Air Blowing,ST-5133 Snow Acid,PO-88055,Snow White,361,340,9,6,,,
2026-09-25,21:00-22:00,CWL-1,Air Blowing,ST-5133 Snow Acid,PO-88055,Snow White,430,436,10,6,,,
2026-09-25,22:00-23:00,CWL-1,Air Blowing,ST-5133 Snow Acid,PO-88055,Snow White,429,399,4,3,,,
2026-09-25,23:00-00:00,CWL-1,Air Blowing,ST-5133 Snow Acid,PO-88055,Snow White,419,390,3,6,,,
2026-09-25,00:00-01:00,CWL-1,Air Blowing,ST-2285 Dye Black,PO-99040,Jet Black,310,298,4,4,,,
2026-09-25,01:00-02:00,CWL-1,Air Blowing,ST-2285 Dye Black,PO-99040,Jet Black,438,428,5,4,,,
2026-09-25,02:00-03:00,CWL-1,Air Blowing,ST-2285 Dye Black,PO-99040,Jet Black,403,377,4,6,,,
2026-09-25,03:00-04:00,CWL-1,Air Blowing,ST-2285 Dye Black,PO-99040,Jet Black,407,382,9,6,,,
2026-09-25,04:00-05:00,CWL-1,Air Blowing,ST-2285 Dye Black,PO-99040,Jet Black,444,411,5,8,,,
2026-09-25,05:00-06:00,CWL-1,Air Blowing,ST-2285 Dye Black,PO-99040,Jet Black,409,414,8,2,,,
2026-09-25,06:00-07:00,CWL-1,Air Blowing,ST-2285 Dye Black,PO-99040,Jet Black,448,425,4,8,,,
2026-09-25,07:00-08:00,CWL-1,Air Blowing,ST-2285 Dye Black,PO-99040,Jet Black,385,390,8,4,,,
2026-09-25,08:00-09:00,CWL-1,PP Spray (Front & Back),ST-2285 Dye Black,PO-99040,Jet Black,111,111,3,1,30,Quality hold,
2026-09-25,09:00-10:00,CWL-1,PP Spray (Front & Back),ST-2285 Dye Black,PO-99040,Jet Black,1000,937,20,9,,,
2026-09-25,10:00-11:00,CWL-1,PP Spray (Front & Back),ST-2285 Dye Black,PO-99040,Jet Black,784,774,14,4,,,
2026-09-25,11:00-12:00,CWL-1,PP Spray (Front & Back),ST-2285 Dye Black,PO-99040,Jet Black,919,923,22,12,,,
2026-09-25,12:00-13:00,CWL-1,PP Spray (Front & Back),ST-2285 Dye Black,PO-99040,Jet Black,832,840,17,5,,,
2026-09-25,13:00-14:00,CWL-1,PP Spray (Front & Back),ST-2285 Dye Black,PO-99040,Jet Black,985,972,27,11,,,
2026-09-25,14:00-15:00,CWL-1,PP Spray (Front & Back),ST-2285 Dye Black,PO-99040,Jet Black,840,793,12,13,,,
2026-09-25,15:00-16:00,CWL-1,PP Spray (Front & Back),ST-2285 Dye Black,PO-99040,Jet Black,949,932,16,9,,,
2026-09-25,16:00-17:00,CWL-1,PP Spray (Front & Back),ST-4412 Dark Stone,PO-77101,Dark Blue,814,810,20,10,,,
2026-09-25,17:00-18:00,CWL-1,PP Spray (Front & Back),ST-4412 Dark Stone,PO-77101,Dark Blue,1020,968,19,13,,,
2026-09-25,18:00-19:00,CWL-1,PP Spray (Front & Back),ST-4412 Dark Stone,PO-77101,Dark Blue,835,779,20,12,,,
2026-09-25,19:00-20:00,CWL-1,PP Spray (Front & Back),ST-4412 Dark Stone,PO-77101,Dark Blue,984,896,9,17,,,
2026-09-25,20:00-21:00,CWL-1,PP Spray (Front & Back),ST-4412 Dark Stone,PO-77101,Dark Blue,988,945,22,11,,,
2026-09-25,21:00-22:00,CWL-1,PP Spray (Front & Back),ST-4412 Dark Stone,PO-77101,Dark Blue,922,847,23,4,,,
2026-09-25,22:00-23:00,CWL-1,PP Spray (Front & Back),ST-4412 Dark Stone,PO-77101,Dark Blue,986,977,26,6,,,
2026-09-25,23:00-00:00,CWL-1,PP Spray (Front & Back),ST-4412 Dark Stone,PO-77101,Dark Blue,972,949,22,18,,,
2026-09-25,00:00-01:00,CWL-1,PP Spray (Front & Back),ST-4412 Dark Stone,PO-77102,Black Stone,707,649,8,9,,,
2026-09-25,01:00-02:00,CWL-1,PP Spray (Front & Back),ST-4412 Dark Stone,PO-77102,Black Stone,1036,981,24,13,,,
2026-09-25,02:00-03:00,CWL-1,PP Spray (Front & Back),ST-4412 Dark Stone,PO-77102,Black Stone,806,795,9,15,,,
2026-09-25,03:00-04:00,CWL-1,PP Spray (Front & Back),ST-4412 Dark Stone,PO-77102,Black Stone,859,857,25,9,,,
2026-09-25,04:00-05:00,CWL-1,PP Spray (Front & Back),ST-4412 Dark Stone,PO-77102,Black Stone,892,852,16,8,,,
2026-09-25,05:00-06:00,CWL-1,PP Spray (Front & Back),ST-4412 Dark Stone,PO-77102,Black Stone,1049,980,26,15,,,
2026-09-25,06:00-07:00,CWL-1,PP Spray (Front & Back),ST-4412 Dark Stone,PO-77102,Black Stone,1092,1001,25,11,,,
2026-09-25,07:00-08:00,CWL-1,PP Spray (Front & Back),ST-4412 Dark Stone,PO-77102,Black Stone,294,293,8,6,45,Quality hold,
2026-09-25,08:00-09:00,CWL-1,Allover PP Spray,ST-4412 Dark Stone,PO-77101,Dark Blue,301,281,3,2,,,
2026-09-25,09:00-10:00,CWL-1,Allover PP Spray,ST-4412 Dark Stone,PO-77101,Dark Blue,363,343,5,3,,,
2026-09-25,10:00-11:00,CWL-1,Allover PP Spray,ST-4412 Dark Stone,PO-77101,Dark Blue,332,314,5,2,,,
2026-09-25,11:00-12:00,CWL-1,Allover PP Spray,ST-4412 Dark Stone,PO-77101,Dark Blue,366,340,4,5,,,
2026-09-25,12:00-13:00,CWL-1,Allover PP Spray,ST-4412 Dark Stone,PO-77101,Dark Blue,284,286,5,4,,,
2026-09-25,13:00-14:00,CWL-1,Allover PP Spray,ST-4412 Dark Stone,PO-77101,Dark Blue,355,362,3,2,,,
2026-09-25,14:00-15:00,CWL-1,Allover PP Spray,ST-4412 Dark Stone,PO-77101,Dark Blue,314,289,6,5,,,
2026-09-25,15:00-16:00,CWL-1,Allover PP Spray,ST-4412 Dark Stone,PO-77101,Dark Blue,331,303,7,3,,,
2026-09-25,16:00-17:00,CWL-1,Allover PP Spray,ST-3350 Twill Garment Dye,PO-66180,Olive,328,306,6,1,,,
2026-09-25,17:00-18:00,CWL-1,Allover PP Spray,ST-3350 Twill Garment Dye,PO-66180,Olive,382,358,3,5,,,
2026-09-25,18:00-19:00,CWL-1,Allover PP Spray,ST-3350 Twill Garment Dye,PO-66180,Olive,375,357,6,3,,,
2026-09-25,19:00-20:00,CWL-1,Allover PP Spray,ST-3350 Twill Garment Dye,PO-66180,Olive,349,320,5,3,,,
2026-09-25,20:00-21:00,CWL-1,Allover PP Spray,ST-3350 Twill Garment Dye,PO-66180,Olive,335,311,8,6,,,
2026-09-25,21:00-22:00,CWL-1,Allover PP Spray,ST-3350 Twill Garment Dye,PO-66180,Olive,376,355,10,6,,,
2026-09-25,22:00-23:00,CWL-1,Allover PP Spray,ST-3350 Twill Garment Dye,PO-66180,Olive,291,290,6,5,,,
2026-09-25,23:00-00:00,CWL-1,Allover PP Spray,ST-3350 Twill Garment Dye,PO-66180,Olive,353,333,4,6,,,
2026-09-25,00:00-01:00,CWL-1,Allover PP Spray,ST-5120 Acid Blast,PO-88010,Acid Black,315,307,7,6,,,
2026-09-25,01:00-02:00,CWL-1,Allover PP Spray,ST-5120 Acid Blast,PO-88010,Acid Black,376,345,5,3,,,
2026-09-25,02:00-03:00,CWL-1,Allover PP Spray,ST-5120 Acid Blast,PO-88010,Acid Black,295,294,8,3,,,
2026-09-25,03:00-04:00,CWL-1,Allover PP Spray,ST-5120 Acid Blast,PO-88010,Acid Black,45,44,1,1,30,Machine breakdown,
2026-09-25,04:00-05:00,CWL-1,Allover PP Spray,ST-5120 Acid Blast,PO-88010,Acid Black,297,282,8,4,,,
2026-09-25,05:00-06:00,CWL-1,Allover PP Spray,ST-5120 Acid Blast,PO-88010,Acid Black,384,356,10,3,,,
2026-09-25,06:00-07:00,CWL-1,Allover PP Spray,ST-5120 Acid Blast,PO-88010,Acid Black,354,344,7,5,,,
2026-09-25,07:00-08:00,CWL-1,Allover PP Spray,ST-5120 Acid Blast,PO-88010,Acid Black,368,350,4,7,,,
2026-09-25,08:00-09:00,CWL-1,PP Rubbing,ST-2285 Dye Black,PO-99040,Jet Black,168,160,3,2,,,
2026-09-25,09:00-10:00,CWL-1,PP Rubbing,ST-2285 Dye Black,PO-99040,Jet Black,185,173,3,2,,,
2026-09-25,10:00-11:00,CWL-1,PP Rubbing,ST-2285 Dye Black,PO-99040,Jet Black,189,183,6,2,,,
2026-09-25,11:00-12:00,CWL-1,PP Rubbing,ST-2285 Dye Black,PO-99040,Jet Black,207,204,5,2,,,
2026-09-25,12:00-13:00,CWL-1,PP Rubbing,ST-2285 Dye Black,PO-99040,Jet Black,212,214,5,3,,,
2026-09-25,13:00-14:00,CWL-1,PP Rubbing,ST-2285 Dye Black,PO-99040,Jet Black,219,211,5,2,,,
2026-09-25,14:00-15:00,CWL-1,PP Rubbing,ST-2285 Dye Black,PO-99040,Jet Black,186,179,3,1,,,
2026-09-25,15:00-16:00,CWL-1,PP Rubbing,ST-2285 Dye Black,PO-99040,Jet Black,201,204,5,2,,,
2026-09-25,16:00-17:00,CWL-1,PP Rubbing,ST-2285 Dye Black,PO-99040,Jet Black,146,145,2,3,,,
2026-09-25,17:00-18:00,CWL-1,PP Rubbing,ST-2285 Dye Black,PO-99040,Jet Black,198,200,6,3,,,
2026-09-25,18:00-19:00,CWL-1,PP Rubbing,ST-2285 Dye Black,PO-99040,Jet Black,188,178,2,2,,,
2026-09-25,19:00-20:00,CWL-1,PP Rubbing,ST-2285 Dye Black,PO-99040,Jet Black,214,214,3,2,,,
2026-09-25,20:00-21:00,CWL-1,PP Rubbing,ST-2285 Dye Black,PO-99040,Jet Black,201,190,3,3,,,
2026-09-25,21:00-22:00,CWL-1,PP Rubbing,ST-2285 Dye Black,PO-99040,Jet Black,201,191,4,1,,,
2026-09-25,22:00-23:00,CWL-1,PP Rubbing,ST-2285 Dye Black,PO-99040,Jet Black,179,164,3,3,,,
2026-09-25,23:00-00:00,CWL-1,PP Rubbing,ST-2285 Dye Black,PO-99040,Jet Black,190,179,4,3,,,
2026-09-25,00:00-01:00,CWL-1,PP Rubbing,ST-4412 Dark Stone,PO-77101,Dark Blue,143,145,3,1,,,
2026-09-25,01:00-02:00,CWL-1,PP Rubbing,ST-4412 Dark Stone,PO-77101,Dark Blue,174,176,2,3,,,
2026-09-25,02:00-03:00,CWL-1,PP Rubbing,ST-4412 Dark Stone,PO-77101,Dark Blue,173,171,3,2,,,
2026-09-25,03:00-04:00,CWL-1,PP Rubbing,ST-4412 Dark Stone,PO-77101,Dark Blue,180,166,3,3,,,
2026-09-25,04:00-05:00,CWL-1,PP Rubbing,ST-4412 Dark Stone,PO-77101,Dark Blue,194,195,5,4,,,
2026-09-25,05:00-06:00,CWL-1,PP Rubbing,ST-4412 Dark Stone,PO-77101,Dark Blue,178,166,3,2,,,
2026-09-25,06:00-07:00,CWL-1,PP Rubbing,ST-4412 Dark Stone,PO-77101,Dark Blue,197,189,6,3,,,
2026-09-25,07:00-08:00,CWL-1,PP Rubbing,ST-4412 Dark Stone,PO-77101,Dark Blue,231,211,2,2,,,
2026-09-25,08:00-09:00,CWL-1,Machine 3D,ST-5120 Acid Blast,PO-88010,Acid Black,254,241,3,3,,,
2026-09-25,09:00-10:00,CWL-1,Machine 3D,ST-5120 Acid Blast,PO-88010,Acid Black,282,257,5,5,,,
2026-09-25,10:00-11:00,CWL-1,Machine 3D,ST-5120 Acid Blast,PO-88010,Acid Black,331,321,6,5,,,
2026-09-25,11:00-12:00,CWL-1,Machine 3D,ST-5120 Acid Blast,PO-88010,Acid Black,87,80,1,0,30,Other,
2026-09-25,12:00-13:00,CWL-1,Machine 3D,ST-5120 Acid Blast,PO-88010,Acid Black,302,281,6,5,,,
2026-09-25,13:00-14:00,CWL-1,Machine 3D,ST-5120 Acid Blast,PO-88010,Acid Black,299,280,3,5,,,
2026-09-25,14:00-15:00,CWL-1,Machine 3D,ST-5120 Acid Blast,PO-88010,Acid Black,309,309,7,3,,,
2026-09-25,15:00-16:00,CWL-1,Machine 3D,ST-5120 Acid Blast,PO-88010,Acid Black,279,282,7,4,,,
2026-09-25,16:00-17:00,CWL-1,Machine 3D,ST-5120 Acid Blast,PO-88010,Acid Black,213,215,3,2,,,
2026-09-25,17:00-18:00,CWL-1,Machine 3D,ST-5120 Acid Blast,PO-88010,Acid Black,287,282,8,3,,,
2026-09-25,18:00-19:00,CWL-1,Machine 3D,ST-5120 Acid Blast,PO-88010,Acid Black,336,325,5,4,,,
2026-09-25,19:00-20:00,CWL-1,Machine 3D,ST-5120 Acid Blast,PO-88010,Acid Black,328,318,5,2,,,
2026-09-25,20:00-21:00,CWL-1,Machine 3D,ST-5120 Acid Blast,PO-88010,Acid Black,147,147,3,3,15,Operator shortage,
2026-09-25,21:00-22:00,CWL-1,Machine 3D,ST-5120 Acid Blast,PO-88010,Acid Black,318,313,8,5,,,
2026-09-25,22:00-23:00,CWL-1,Machine 3D,ST-5120 Acid Blast,PO-88010,Acid Black,282,268,3,2,,,
2026-09-25,23:00-00:00,CWL-1,Machine 3D,ST-5120 Acid Blast,PO-88010,Acid Black,328,303,6,5,,,
2026-09-25,00:00-01:00,CWL-1,Machine 3D,ST-5133 Snow Acid,PO-88055,Snow White,248,249,6,5,,,
2026-09-25,01:00-02:00,CWL-1,Machine 3D,ST-5133 Snow Acid,PO-88055,Snow White,267,253,7,3,,,
2026-09-25,02:00-03:00,CWL-1,Machine 3D,ST-5133 Snow Acid,PO-88055,Snow White,288,278,7,5,,,
2026-09-25,03:00-04:00,CWL-1,Machine 3D,ST-5133 Snow Acid,PO-88055,Snow White,263,254,7,3,,,
2026-09-25,04:00-05:00,CWL-1,Machine 3D,ST-5133 Snow Acid,PO-88055,Snow White,310,294,4,6,,,
2026-09-25,05:00-06:00,CWL-1,Machine 3D,ST-5133 Snow Acid,PO-88055,Snow White,325,309,8,3,,,
2026-09-25,06:00-07:00,CWL-1,Machine 3D,ST-5133 Snow Acid,PO-88055,Snow White,276,264,6,4,,,
2026-09-25,07:00-08:00,CWL-1,Machine 3D,ST-5133 Snow Acid,PO-88055,Snow White,327,322,3,3,,,
2026-09-25,08:00-09:00,CWL-1,Iron 3D,ST-3350 Twill Garment Dye,PO-66180,Olive,225,218,4,3,,,
2026-09-25,09:00-10:00,CWL-1,Iron 3D,ST-3350 Twill Garment Dye,PO-66180,Olive,275,273,4,3,,,
2026-09-25,10:00-11:00,CWL-1,Iron 3D,ST-3350 Twill Garment Dye,PO-66180,Olive,295,278,2,2,,,
2026-09-25,11:00-12:00,CWL-1,Iron 3D,ST-3350 Twill Garment Dye,PO-66180,Olive,279,284,6,6,,,
2026-09-25,12:00-13:00,CWL-1,Iron 3D,ST-3350 Twill Garment Dye,PO-66180,Olive,290,275,5,4,,,
2026-09-25,13:00-14:00,CWL-1,Iron 3D,ST-3350 Twill Garment Dye,PO-66180,Olive,266,266,8,4,,,
2026-09-25,14:00-15:00,CWL-1,Iron 3D,ST-3350 Twill Garment Dye,PO-66180,Olive,249,229,3,2,,,
2026-09-25,15:00-16:00,CWL-1,Iron 3D,ST-3350 Twill Garment Dye,PO-66180,Olive,300,284,6,4,,,
2026-09-25,16:00-17:00,CWL-1,Iron 3D,ST-4412 Dark Stone,PO-77102,Black Stone,264,251,6,1,,,
2026-09-25,17:00-18:00,CWL-1,Iron 3D,ST-4412 Dark Stone,PO-77102,Black Stone,249,232,7,3,,,
2026-09-25,18:00-19:00,CWL-1,Iron 3D,ST-4412 Dark Stone,PO-77102,Black Stone,300,281,9,3,,,
2026-09-25,19:00-20:00,CWL-1,Iron 3D,ST-4412 Dark Stone,PO-77102,Black Stone,289,276,6,2,,,
2026-09-25,20:00-21:00,CWL-1,Iron 3D,ST-4412 Dark Stone,PO-77102,Black Stone,267,253,2,4,,,
2026-09-25,21:00-22:00,CWL-1,Iron 3D,ST-4412 Dark Stone,PO-77102,Black Stone,276,281,3,6,,,
2026-09-25,22:00-23:00,CWL-1,Iron 3D,ST-4412 Dark Stone,PO-77102,Black Stone,244,247,4,2,,,
2026-09-25,23:00-00:00,CWL-1,Iron 3D,ST-4412 Dark Stone,PO-77102,Black Stone,251,229,3,2,,,
2026-09-25,00:00-01:00,CWL-1,Iron 3D,ST-5120 Acid Blast,PO-88010,Acid Black,240,223,6,4,,,
2026-09-25,01:00-02:00,CWL-1,Iron 3D,ST-5120 Acid Blast,PO-88010,Acid Black,327,300,4,4,,,
2026-09-25,02:00-03:00,CWL-1,Iron 3D,ST-5120 Acid Blast,PO-88010,Acid Black,275,260,6,4,,,
2026-09-25,03:00-04:00,CWL-1,Iron 3D,ST-5120 Acid Blast,PO-88010,Acid Black,311,291,7,4,,,
2026-09-25,04:00-05:00,CWL-1,Iron 3D,ST-5120 Acid Blast,PO-88010,Acid Black,294,281,6,3,,,
2026-09-25,05:00-06:00,CWL-1,Iron 3D,ST-5120 Acid Blast,PO-88010,Acid Black,322,298,3,5,,,
2026-09-25,06:00-07:00,CWL-1,Iron 3D,ST-5120 Acid Blast,PO-88010,Acid Black,255,252,6,3,,,
2026-09-25,07:00-08:00,CWL-1,Iron 3D,ST-5120 Acid Blast,PO-88010,Acid Black,295,282,6,5,,,
2026-09-26,08:00-09:00,CWL-1,Laser Whisker,ST-4412 Dark Stone,PO-77101,Dark Blue,25,23,1,1,,,
2026-09-26,09:00-10:00,CWL-1,Laser Whisker,ST-4412 Dark Stone,PO-77101,Dark Blue,9,8,0,0,45,Quality hold,
2026-09-26,10:00-11:00,CWL-1,Laser Whisker,ST-4412 Dark Stone,PO-77101,Dark Blue,35,33,1,1,,,
2026-09-26,11:00-12:00,CWL-1,Laser Whisker,ST-4412 Dark Stone,PO-77101,Dark Blue,27,27,1,0,,,
2026-09-26,12:00-13:00,CWL-1,Laser Whisker,ST-4412 Dark Stone,PO-77101,Dark Blue,33,30,0,0,,,
2026-09-26,13:00-14:00,CWL-1,Laser Whisker,ST-4412 Dark Stone,PO-77101,Dark Blue,30,29,1,0,,,
2026-09-26,14:00-15:00,CWL-1,Laser Whisker,ST-4412 Dark Stone,PO-77101,Dark Blue,33,30,0,0,,,
2026-09-26,15:00-16:00,CWL-1,Laser Whisker,ST-4412 Dark Stone,PO-77101,Dark Blue,31,31,1,1,,,
2026-09-26,16:00-17:00,CWL-1,Laser Whisker,ST-5120 Acid Blast,PO-88010,Acid Black,24,23,0,0,,,
2026-09-26,17:00-18:00,CWL-1,Laser Whisker,ST-5120 Acid Blast,PO-88010,Acid Black,28,27,1,0,,,
2026-09-26,18:00-19:00,CWL-1,Laser Whisker,ST-5120 Acid Blast,PO-88010,Acid Black,34,34,1,1,,,
2026-09-26,19:00-20:00,CWL-1,Laser Whisker,ST-5120 Acid Blast,PO-88010,Acid Black,30,28,1,1,,,
2026-09-26,20:00-21:00,CWL-1,Laser Whisker,ST-5120 Acid Blast,PO-88010,Acid Black,29,27,0,0,,,
2026-09-26,21:00-22:00,CWL-1,Laser Whisker,ST-5120 Acid Blast,PO-88010,Acid Black,31,30,1,1,,,
2026-09-26,22:00-23:00,CWL-1,Laser Whisker,ST-5120 Acid Blast,PO-88010,Acid Black,27,27,1,1,,,
2026-09-26,23:00-00:00,CWL-1,Laser Whisker,ST-5120 Acid Blast,PO-88010,Acid Black,29,28,0,0,,,
2026-09-26,00:00-01:00,CWL-1,Laser Whisker,ST-3307 Twill Rinse,PO-66120,Khaki,29,28,0,0,,,
2026-09-26,01:00-02:00,CWL-1,Laser Whisker,ST-3307 Twill Rinse,PO-66120,Khaki,35,35,1,1,,,
2026-09-26,02:00-03:00,CWL-1,Laser Whisker,ST-3307 Twill Rinse,PO-66120,Khaki,30,30,1,0,,,
2026-09-26,03:00-04:00,CWL-1,Laser Whisker,ST-3307 Twill Rinse,PO-66120,Khaki,36,34,1,0,,,
2026-09-26,04:00-05:00,CWL-1,Laser Whisker,ST-3307 Twill Rinse,PO-66120,Khaki,29,29,1,0,,,
2026-09-26,05:00-06:00,CWL-1,Laser Whisker,ST-3307 Twill Rinse,PO-66120,Khaki,36,33,1,1,,,
2026-09-26,06:00-07:00,CWL-1,Laser Whisker,ST-3307 Twill Rinse,PO-66120,Khaki,33,32,0,0,,,
2026-09-26,07:00-08:00,CWL-1,Laser Whisker,ST-3307 Twill Rinse,PO-66120,Khaki,35,33,1,0,,,
2026-09-26,08:00-09:00,CWL-1,Laser Mark Destroy,ST-5133 Snow Acid,PO-88055,Snow White,87,88,2,1,,,
2026-09-26,09:00-10:00,CWL-1,Laser Mark Destroy,ST-5133 Snow Acid,PO-88055,Snow White,99,94,1,1,,,
2026-09-26,10:00-11:00,CWL-1,Laser Mark Destroy,ST-5133 Snow Acid,PO-88055,Snow White,87,85,1,1,,,
2026-09-26,11:00-12:00,CWL-1,Laser Mark Destroy,ST-5133 Snow Acid,PO-88055,Snow White,103,100,1,1,,,
2026-09-26,12:00-13:00,CWL-1,Laser Mark Destroy,ST-5133 Snow Acid,PO-88055,Snow White,92,86,2,2,,,
2026-09-26,13:00-14:00,CWL-1,Laser Mark Destroy,ST-5133 Snow Acid,PO-88055,Snow White,95,95,2,1,,,
2026-09-26,14:00-15:00,CWL-1,Laser Mark Destroy,ST-5133 Snow Acid,PO-88055,Snow White,96,92,2,1,,,
2026-09-26,15:00-16:00,CWL-1,Laser Mark Destroy,ST-5133 Snow Acid,PO-88055,Snow White,92,85,1,1,,,
2026-09-26,16:00-17:00,CWL-1,Laser Mark Destroy,ST-3350 Twill Garment Dye,PO-66180,Olive,85,83,1,2,,,
2026-09-26,17:00-18:00,CWL-1,Laser Mark Destroy,ST-3350 Twill Garment Dye,PO-66180,Olive,86,82,1,1,,,
2026-09-26,18:00-19:00,CWL-1,Laser Mark Destroy,ST-3350 Twill Garment Dye,PO-66180,Olive,88,88,3,0,,,
2026-09-26,19:00-20:00,CWL-1,Laser Mark Destroy,ST-3350 Twill Garment Dye,PO-66180,Olive,83,80,2,1,,,
2026-09-26,20:00-21:00,CWL-1,Laser Mark Destroy,ST-3350 Twill Garment Dye,PO-66180,Olive,80,82,2,1,,,
2026-09-26,21:00-22:00,CWL-1,Laser Mark Destroy,ST-3350 Twill Garment Dye,PO-66180,Olive,101,92,2,1,,,
2026-09-26,22:00-23:00,CWL-1,Laser Mark Destroy,ST-3350 Twill Garment Dye,PO-66180,Olive,103,103,3,1,,,
2026-09-26,23:00-00:00,CWL-1,Laser Mark Destroy,ST-3350 Twill Garment Dye,PO-66180,Olive,96,91,2,1,,,
2026-09-26,00:00-01:00,CWL-1,Laser Mark Destroy,ST-2285 Dye Black,PO-99040,Jet Black,69,68,2,1,,,
2026-09-26,01:00-02:00,CWL-1,Laser Mark Destroy,ST-2285 Dye Black,PO-99040,Jet Black,83,81,1,1,,,
2026-09-26,02:00-03:00,CWL-1,Laser Mark Destroy,ST-2285 Dye Black,PO-99040,Jet Black,96,91,1,1,,,
2026-09-26,03:00-04:00,CWL-1,Laser Mark Destroy,ST-2285 Dye Black,PO-99040,Jet Black,99,93,2,1,,,
2026-09-26,04:00-05:00,CWL-1,Laser Mark Destroy,ST-2285 Dye Black,PO-99040,Jet Black,101,99,3,0,,,
2026-09-26,05:00-06:00,CWL-1,Laser Mark Destroy,ST-2285 Dye Black,PO-99040,Jet Black,108,102,2,2,,,
2026-09-26,06:00-07:00,CWL-1,Laser Mark Destroy,ST-2285 Dye Black,PO-99040,Jet Black,86,80,3,1,,,
2026-09-26,07:00-08:00,CWL-1,Laser Mark Destroy,ST-2285 Dye Black,PO-99040,Jet Black,92,90,3,2,,,
2026-09-26,08:00-09:00,CWL-1,Pattern Whisker,ST-3307 Twill Rinse,PO-66120,Khaki,1165,1096,31,6,,,
2026-09-26,09:00-10:00,CWL-1,Pattern Whisker,ST-3307 Twill Rinse,PO-66120,Khaki,1426,1329,36,7,,,
2026-09-26,10:00-11:00,CWL-1,Pattern Whisker,ST-3307 Twill Rinse,PO-66120,Khaki,1295,1244,14,13,,,
2026-09-26,11:00-12:00,CWL-1,Pattern Whisker,ST-3307 Twill Rinse,PO-66120,Khaki,1333,1338,19,12,,,
2026-09-26,12:00-13:00,CWL-1,Pattern Whisker,ST-3307 Twill Rinse,PO-66120,Khaki,1087,1068,25,21,,,
2026-09-26,13:00-14:00,CWL-1,Pattern Whisker,ST-3307 Twill Rinse,PO-66120,Khaki,1277,1161,11,16,,,
2026-09-26,14:00-15:00,CWL-1,Pattern Whisker,ST-3307 Twill Rinse,PO-66120,Khaki,1183,1115,20,16,,,
2026-09-26,15:00-16:00,CWL-1,Pattern Whisker,ST-3307 Twill Rinse,PO-66120,Khaki,1419,1337,21,16,,,
2026-09-26,16:00-17:00,CWL-1,Pattern Whisker,ST-4430 Mid Blue,PO-77210,Mid Blue,1131,1031,20,13,,,
2026-09-26,17:00-18:00,CWL-1,Pattern Whisker,ST-4430 Mid Blue,PO-77210,Mid Blue,6,6,1,0,30,Other,
2026-09-26,18:00-19:00,CWL-1,Pattern Whisker,ST-4430 Mid Blue,PO-77210,Mid Blue,1230,1166,12,18,,,
2026-09-26,19:00-20:00,CWL-1,Pattern Whisker,ST-4430 Mid Blue,PO-77210,Mid Blue,1222,1246,30,13,,,
2026-09-26,20:00-21:00,CWL-1,Pattern Whisker,ST-4430 Mid Blue,PO-77210,Mid Blue,1272,1292,11,24,,,
2026-09-26,21:00-22:00,CWL-1,Pattern Whisker,ST-4430 Mid Blue,PO-77210,Mid Blue,1221,1171,13,7,,,
2026-09-26,22:00-23:00,CWL-1,Pattern Whisker,ST-4430 Mid Blue,PO-77210,Mid Blue,1102,1059,23,16,,,
2026-09-26,23:00-00:00,CWL-1,Pattern Whisker,ST-4430 Mid Blue,PO-77210,Mid Blue,1346,1243,20,14,,,
2026-09-26,00:00-01:00,CWL-1,Pattern Whisker,ST-2285 Dye Black,PO-99040,Jet Black,1068,984,27,5,,,
2026-09-26,01:00-02:00,CWL-1,Pattern Whisker,ST-2285 Dye Black,PO-99040,Jet Black,1152,1131,10,14,,,
2026-09-26,02:00-03:00,CWL-1,Pattern Whisker,ST-2285 Dye Black,PO-99040,Jet Black,1158,1156,34,14,,,
2026-09-26,03:00-04:00,CWL-1,Pattern Whisker,ST-2285 Dye Black,PO-99040,Jet Black,1319,1207,33,13,,,
2026-09-26,04:00-05:00,CWL-1,Pattern Whisker,ST-2285 Dye Black,PO-99040,Jet Black,1067,1051,17,12,,,
2026-09-26,05:00-06:00,CWL-1,Pattern Whisker,ST-2285 Dye Black,PO-99040,Jet Black,1177,1079,31,16,,,
2026-09-26,06:00-07:00,CWL-1,Pattern Whisker,ST-2285 Dye Black,PO-99040,Jet Black,1470,1363,13,15,,,
2026-09-26,07:00-08:00,CWL-1,Pattern Whisker,ST-2285 Dye Black,PO-99040,Jet Black,1263,1155,27,17,,,
2026-09-26,08:00-09:00,CWL-1,Hand Sand (Front & Back),ST-5133 Snow Acid,PO-88055,Snow White,504,459,4,3,,,
2026-09-26,09:00-10:00,CWL-1,Hand Sand (Front & Back),ST-5133 Snow Acid,PO-88055,Snow White,559,564,7,9,,,
2026-09-26,10:00-11:00,CWL-1,Hand Sand (Front & Back),ST-5133 Snow Acid,PO-88055,Snow White,633,645,17,11,,,
2026-09-26,11:00-12:00,CWL-1,Hand Sand (Front & Back),ST-5133 Snow Acid,PO-88055,Snow White,699,651,7,12,,,
2026-09-26,12:00-13:00,CWL-1,Hand Sand (Front & Back),ST-5133 Snow Acid,PO-88055,Snow White,668,623,14,6,,,
2026-09-26,13:00-14:00,CWL-1,Hand Sand (Front & Back),ST-5133 Snow Acid,PO-88055,Snow White,525,512,8,6,,,
2026-09-26,14:00-15:00,CWL-1,Hand Sand (Front & Back),ST-5133 Snow Acid,PO-88055,Snow White,715,671,13,11,,,
2026-09-26,15:00-16:00,CWL-1,Hand Sand (Front & Back),ST-5133 Snow Acid,PO-88055,Snow White,660,624,6,4,,,
2026-09-26,16:00-17:00,CWL-1,Hand Sand (Front & Back),ST-4412 Dark Stone,PO-77101,Dark Blue,536,547,6,5,,,
2026-09-26,17:00-18:00,CWL-1,Hand Sand (Front & Back),ST-4412 Dark Stone,PO-77101,Dark Blue,610,594,13,10,,,
2026-09-26,18:00-19:00,CWL-1,Hand Sand (Front & Back),ST-4412 Dark Stone,PO-77101,Dark Blue,573,549,4,11,,,
2026-09-26,19:00-20:00,CWL-1,Hand Sand (Front & Back),ST-4412 Dark Stone,PO-77101,Dark Blue,626,614,7,9,,,
2026-09-26,20:00-21:00,CWL-1,Hand Sand (Front & Back),ST-4412 Dark Stone,PO-77101,Dark Blue,640,593,8,10,,,
2026-09-26,21:00-22:00,CWL-1,Hand Sand (Front & Back),ST-4412 Dark Stone,PO-77101,Dark Blue,626,590,8,4,,,
2026-09-26,22:00-23:00,CWL-1,Hand Sand (Front & Back),ST-4412 Dark Stone,PO-77101,Dark Blue,597,607,16,6,,,
2026-09-26,23:00-00:00,CWL-1,Hand Sand (Front & Back),ST-4412 Dark Stone,PO-77101,Dark Blue,610,581,14,10,,,
2026-09-26,00:00-01:00,CWL-1,Hand Sand (Front & Back),ST-4475 Vintage Wash,PO-77305,Vintage Indigo,439,435,4,4,,,
2026-09-26,01:00-02:00,CWL-1,Hand Sand (Front & Back),ST-4475 Vintage Wash,PO-77305,Vintage Indigo,692,663,9,13,,,
2026-09-26,02:00-03:00,CWL-1,Hand Sand (Front & Back),ST-4475 Vintage Wash,PO-77305,Vintage Indigo,599,589,9,7,,,
2026-09-26,03:00-04:00,CWL-1,Hand Sand (Front & Back),ST-4475 Vintage Wash,PO-77305,Vintage Indigo,519,526,5,7,,,
2026-09-26,04:00-05:00,CWL-1,Hand Sand (Front & Back),ST-4475 Vintage Wash,PO-77305,Vintage Indigo,663,622,7,5,,,
2026-09-26,05:00-06:00,CWL-1,Hand Sand (Front & Back),ST-4475 Vintage Wash,PO-77305,Vintage Indigo,600,590,10,7,,,
2026-09-26,06:00-07:00,CWL-1,Hand Sand (Front & Back),ST-4475 Vintage Wash,PO-77305,Vintage Indigo,645,595,8,4,,,
2026-09-26,07:00-08:00,CWL-1,Hand Sand (Front & Back),ST-4475 Vintage Wash,PO-77305,Vintage Indigo,526,511,4,5,,,
2026-09-26,08:00-09:00,CWL-1,Allover Hand Sand,ST-4412 Dark Stone,PO-77101,Dark Blue,76,77,2,1,,,
2026-09-26,09:00-10:00,CWL-1,Allover Hand Sand,ST-4412 Dark Stone,PO-77101,Dark Blue,91,85,1,1,,,
2026-09-26,10:00-11:00,CWL-1,Allover Hand Sand,ST-4412 Dark Stone,PO-77101,Dark Blue,103,104,2,3,,,
2026-09-26,11:00-12:00,CWL-1,Allover Hand Sand,ST-4412 Dark Stone,PO-77101,Dark Blue,89,88,1,1,,,
2026-09-26,12:00-13:00,CWL-1,Allover Hand Sand,ST-4412 Dark Stone,PO-77101,Dark Blue,107,105,3,2,,,
2026-09-26,13:00-14:00,CWL-1,Allover Hand Sand,ST-4412 Dark Stone,PO-77101,Dark Blue,83,83,1,0,,,
2026-09-26,14:00-15:00,CWL-1,Allover Hand Sand,ST-4412 Dark Stone,PO-77101,Dark Blue,101,101,1,1,,,
2026-09-26,15:00-16:00,CWL-1,Allover Hand Sand,ST-4412 Dark Stone,PO-77101,Dark Blue,100,92,3,1,,,
2026-09-26,16:00-17:00,CWL-1,Allover Hand Sand,ST-2285 Dye Black,PO-99040,Jet Black,81,76,1,1,,,
2026-09-26,17:00-18:00,CWL-1,Allover Hand Sand,ST-2285 Dye Black,PO-99040,Jet Black,113,103,2,0,,,
2026-09-26,18:00-19:00,CWL-1,Allover Hand Sand,ST-2285 Dye Black,PO-99040,Jet Black,99,91,2,1,,,
2026-09-26,19:00-20:00,CWL-1,Allover Hand Sand,ST-2285 Dye Black,PO-99040,Jet Black,106,100,2,1,,,
2026-09-26,20:00-21:00,CWL-1,Allover Hand Sand,ST-2285 Dye Black,PO-99040,Jet Black,100,92,2,0,,,
2026-09-26,21:00-22:00,CWL-1,Allover Hand Sand,ST-2285 Dye Black,PO-99040,Jet Black,91,85,1,1,,,
2026-09-26,22:00-23:00,CWL-1,Allover Hand Sand,ST-2285 Dye Black,PO-99040,Jet Black,99,99,2,1,,,
2026-09-26,23:00-00:00,CWL-1,Allover Hand Sand,ST-2285 Dye Black,PO-99040,Jet Black,109,105,1,2,,,
2026-09-26,00:00-01:00,CWL-1,Allover Hand Sand,ST-4412 Dark Stone,PO-77101,Dark Blue,6,6,0,0,45,Waiting for material,
2026-09-26,01:00-02:00,CWL-1,Allover Hand Sand,ST-4412 Dark Stone,PO-77101,Dark Blue,94,93,3,1,,,
2026-09-26,02:00-03:00,CWL-1,Allover Hand Sand,ST-4412 Dark Stone,PO-77101,Dark Blue,82,81,2,1,,,
2026-09-26,03:00-04:00,CWL-1,Allover Hand Sand,ST-4412 Dark Stone,PO-77101,Dark Blue,40,36,0,0,45,Changeover / setup,
2026-09-26,04:00-05:00,CWL-1,Allover Hand Sand,ST-4412 Dark Stone,PO-77101,Dark Blue,102,97,3,1,,,
2026-09-26,05:00-06:00,CWL-1,Allover Hand Sand,ST-4412 Dark Stone,PO-77101,Dark Blue,97,92,1,1,,,
2026-09-26,06:00-07:00,CWL-1,Allover Hand Sand,ST-4412 Dark Stone,PO-77101,Dark Blue,96,90,1,1,,,
2026-09-26,07:00-08:00,CWL-1,Allover Hand Sand,ST-4412 Dark Stone,PO-77101,Dark Blue,83,82,2,1,,,
2026-09-26,08:00-09:00,CWL-1,Tagging,ST-2285 Dye Black,PO-99040,Jet Black,638,642,15,6,,,
2026-09-26,09:00-10:00,CWL-1,Tagging,ST-2285 Dye Black,PO-99040,Jet Black,694,665,10,8,,,
2026-09-26,10:00-11:00,CWL-1,Tagging,ST-2285 Dye Black,PO-99040,Jet Black,765,731,10,9,,,
2026-09-26,11:00-12:00,CWL-1,Tagging,ST-2285 Dye Black,PO-99040,Jet Black,764,706,6,10,,,
2026-09-26,12:00-13:00,CWL-1,Tagging,ST-2285 Dye Black,PO-99040,Jet Black,750,718,8,5,,,
2026-09-26,13:00-14:00,CWL-1,Tagging,ST-2285 Dye Black,PO-99040,Jet Black,779,769,19,11,,,
2026-09-26,14:00-15:00,CWL-1,Tagging,ST-2285 Dye Black,PO-99040,Jet Black,727,709,19,10,,,
2026-09-26,15:00-16:00,CWL-1,Tagging,ST-2285 Dye Black,PO-99040,Jet Black,735,691,12,6,,,
2026-09-26,16:00-17:00,CWL-1,Tagging,ST-3350 Twill Garment Dye,PO-66180,Olive,711,689,10,13,,,
2026-09-26,17:00-18:00,CWL-1,Tagging,ST-3350 Twill Garment Dye,PO-66180,Olive,694,658,15,6,,,
2026-09-26,18:00-19:00,CWL-1,Tagging,ST-3350 Twill Garment Dye,PO-66180,Olive,880,812,14,16,,,
2026-09-26,19:00-20:00,CWL-1,Tagging,ST-3350 Twill Garment Dye,PO-66180,Olive,740,682,9,6,,,
2026-09-26,20:00-21:00,CWL-1,Tagging,ST-3350 Twill Garment Dye,PO-66180,Olive,847,848,10,13,,,
2026-09-26,21:00-22:00,CWL-1,Tagging,ST-3350 Twill Garment Dye,PO-66180,Olive,883,851,23,14,,,
2026-09-26,22:00-23:00,CWL-1,Tagging,ST-3350 Twill Garment Dye,PO-66180,Olive,734,730,16,15,,,
2026-09-26,23:00-00:00,CWL-1,Tagging,ST-3350 Twill Garment Dye,PO-66180,Olive,722,658,12,8,,,
2026-09-26,00:00-01:00,CWL-1,Tagging,ST-3350 Twill Garment Dye,PO-66180,Olive,690,686,17,11,,,
2026-09-26,01:00-02:00,CWL-1,Tagging,ST-3350 Twill Garment Dye,PO-66180,Olive,807,739,9,4,,,
2026-09-26,02:00-03:00,CWL-1,Tagging,ST-3350 Twill Garment Dye,PO-66180,Olive,680,684,7,4,,,
2026-09-26,03:00-04:00,CWL-1,Tagging,ST-3350 Twill Garment Dye,PO-66180,Olive,881,821,8,13,,,
2026-09-26,04:00-05:00,CWL-1,Tagging,ST-3350 Twill Garment Dye,PO-66180,Olive,806,789,23,7,,,
2026-09-26,05:00-06:00,CWL-1,Tagging,ST-3350 Twill Garment Dye,PO-66180,Olive,755,747,14,7,,,
2026-09-26,06:00-07:00,CWL-1,Tagging,ST-3350 Twill Garment Dye,PO-66180,Olive,738,714,8,10,,,
2026-09-26,07:00-08:00,CWL-1,Tagging,ST-3350 Twill Garment Dye,PO-66180,Olive,685,677,7,13,,,
2026-09-26,08:00-09:00,CWL-1,Grinding,ST-4430 Mid Blue,PO-77211,Light Blue,184,180,2,3,,,
2026-09-26,09:00-10:00,CWL-1,Grinding,ST-4430 Mid Blue,PO-77211,Light Blue,252,252,5,3,,,
2026-09-26,10:00-11:00,CWL-1,Grinding,ST-4430 Mid Blue,PO-77211,Light Blue,227,227,6,2,,,
2026-09-26,11:00-12:00,CWL-1,Grinding,ST-4430 Mid Blue,PO-77211,Light Blue,235,228,7,2,,,
2026-09-26,12:00-13:00,CWL-1,Grinding,ST-4430 Mid Blue,PO-77211,Light Blue,234,223,2,4,,,
2026-09-26,13:00-14:00,CWL-1,Grinding,ST-4430 Mid Blue,PO-77211,Light Blue,227,219,5,3,,,
2026-09-26,14:00-15:00,CWL-1,Grinding,ST-4430 Mid Blue,PO-77211,Light Blue,82,79,2,1,45,Operator shortage,
2026-09-26,15:00-16:00,CWL-1,Grinding,ST-4430 Mid Blue,PO-77211,Light Blue,225,205,2,4,,,
2026-09-26,16:00-17:00,CWL-1,Grinding,ST-4412 Dark Stone,PO-77102,Black Stone,209,193,3,2,,,
2026-09-26,17:00-18:00,CWL-1,Grinding,ST-4412 Dark Stone,PO-77102,Black Stone,232,212,4,3,,,
2026-09-26,18:00-19:00,CWL-1,Grinding,ST-4412 Dark Stone,PO-77102,Black Stone,250,238,3,2,,,
2026-09-26,19:00-20:00,CWL-1,Grinding,ST-4412 Dark Stone,PO-77102,Black Stone,250,250,4,4,,,
2026-09-26,20:00-21:00,CWL-1,Grinding,ST-4412 Dark Stone,PO-77102,Black Stone,237,217,5,2,,,
2026-09-26,21:00-22:00,CWL-1,Grinding,ST-4412 Dark Stone,PO-77102,Black Stone,231,235,3,5,,,
2026-09-26,22:00-23:00,CWL-1,Grinding,ST-4412 Dark Stone,PO-77102,Black Stone,254,238,7,3,,,
2026-09-26,23:00-00:00,CWL-1,Grinding,ST-4412 Dark Stone,PO-77102,Black Stone,242,240,4,4,,,
2026-09-26,00:00-01:00,CWL-1,Grinding,ST-3350 Twill Garment Dye,PO-66180,Olive,167,169,2,3,,,
2026-09-26,01:00-02:00,CWL-1,Grinding,ST-3350 Twill Garment Dye,PO-66180,Olive,240,239,3,2,,,
2026-09-26,02:00-03:00,CWL-1,Grinding,ST-3350 Twill Garment Dye,PO-66180,Olive,223,209,4,3,,,
2026-09-26,03:00-04:00,CWL-1,Grinding,ST-3350 Twill Garment Dye,PO-66180,Olive,244,248,4,5,,,
2026-09-26,04:00-05:00,CWL-1,Grinding,ST-3350 Twill Garment Dye,PO-66180,Olive,205,199,2,2,,,
2026-09-26,05:00-06:00,CWL-1,Grinding,ST-3350 Twill Garment Dye,PO-66180,Olive,222,202,2,1,,,
2026-09-26,06:00-07:00,CWL-1,Grinding,ST-3350 Twill Garment Dye,PO-66180,Olive,259,237,4,3,,,
2026-09-26,07:00-08:00,CWL-1,Grinding,ST-3350 Twill Garment Dye,PO-66180,Olive,246,227,6,1,,,
2026-09-26,08:00-09:00,CWL-1,Destruction,ST-4412 Dark Stone,PO-77102,Black Stone,146,135,4,1,,,
2026-09-26,09:00-10:00,CWL-1,Destruction,ST-4412 Dark Stone,PO-77102,Black Stone,156,159,2,2,,,
2026-09-26,10:00-11:00,CWL-1,Destruction,ST-4412 Dark Stone,PO-77102,Black Stone,178,166,5,2,,,
2026-09-26,11:00-12:00,CWL-1,Destruction,ST-4412 Dark Stone,PO-77102,Black Stone,174,172,5,3,,,
2026-09-26,12:00-13:00,CWL-1,Destruction,ST-4412 Dark Stone,PO-77102,Black Stone,185,188,3,1,,,
2026-09-26,13:00-14:00,CWL-1,Destruction,ST-4412 Dark Stone,PO-77102,Black Stone,151,153,3,1,,,
2026-09-26,14:00-15:00,CWL-1,Destruction,ST-4412 Dark Stone,PO-77102,Black Stone,180,169,3,2,,,
2026-09-26,15:00-16:00,CWL-1,Destruction,ST-4412 Dark Stone,PO-77102,Black Stone,55,56,0,1,30,Waiting for material,
2026-09-26,16:00-17:00,CWL-1,Destruction,ST-4430 Mid Blue,PO-77211,Light Blue,8,8,0,0,15,Changeover / setup,
2026-09-26,17:00-18:00,CWL-1,Destruction,ST-4430 Mid Blue,PO-77211,Light Blue,173,176,1,2,,,
2026-09-26,18:00-19:00,CWL-1,Destruction,ST-4430 Mid Blue,PO-77211,Light Blue,163,152,2,1,,,
2026-09-26,19:00-20:00,CWL-1,Destruction,ST-4430 Mid Blue,PO-77211,Light Blue,192,182,2,2,,,
2026-09-26,20:00-21:00,CWL-1,Destruction,ST-4430 Mid Blue,PO-77211,Light Blue,177,181,3,2,,,
2026-09-26,21:00-22:00,CWL-1,Destruction,ST-4430 Mid Blue,PO-77211,Light Blue,204,197,3,3,,,
2026-09-26,22:00-23:00,CWL-1,Destruction,ST-4430 Mid Blue,PO-77211,Light Blue,198,189,2,4,,,
2026-09-26,23:00-00:00,CWL-1,Destruction,ST-4430 Mid Blue,PO-77211,Light Blue,177,162,5,2,,,
2026-09-26,00:00-01:00,CWL-1,Destruction,ST-2285 Dye Black,PO-99040,Jet Black,139,131,2,3,,,
2026-09-26,01:00-02:00,CWL-1,Destruction,ST-2285 Dye Black,PO-99040,Jet Black,172,173,5,1,,,
2026-09-26,02:00-03:00,CWL-1,Destruction,ST-2285 Dye Black,PO-99040,Jet Black,200,189,4,3,,,
2026-09-26,03:00-04:00,CWL-1,Destruction,ST-2285 Dye Black,PO-99040,Jet Black,57,53,1,0,30,Waiting for input,
2026-09-26,04:00-05:00,CWL-1,Destruction,ST-2285 Dye Black,PO-99040,Jet Black,180,164,3,1,,,
2026-09-26,05:00-06:00,CWL-1,Destruction,ST-2285 Dye Black,PO-99040,Jet Black,195,181,4,1,,,
2026-09-26,06:00-07:00,CWL-1,Destruction,ST-2285 Dye Black,PO-99040,Jet Black,164,158,3,1,,,
2026-09-26,07:00-08:00,CWL-1,Destruction,ST-2285 Dye Black,PO-99040,Jet Black,154,155,3,1,,,
2026-09-26,08:00-09:00,CWL-1,Cutting / Destroy,ST-4430 Mid Blue,PO-77210,Mid Blue,255,260,2,2,,,
2026-09-26,09:00-10:00,CWL-1,Cutting / Destroy,ST-4430 Mid Blue,PO-77210,Mid Blue,329,305,8,5,,,
2026-09-26,10:00-11:00,CWL-1,Cutting / Destroy,ST-4430 Mid Blue,PO-77210,Mid Blue,331,328,9,2,,,
2026-09-26,11:00-12:00,CWL-1,Cutting / Destroy,ST-4430 Mid Blue,PO-77210,Mid Blue,351,357,7,5,,,
2026-09-26,12:00-13:00,CWL-1,Cutting / Destroy,ST-4430 Mid Blue,PO-77210,Mid Blue,343,330,4,6,,,
2026-09-26,13:00-14:00,CWL-1,Cutting / Destroy,ST-4430 Mid Blue,PO-77210,Mid Blue,342,345,9,4,,,
2026-09-26,14:00-15:00,CWL-1,Cutting / Destroy,ST-4430 Mid Blue,PO-77210,Mid Blue,360,365,10,3,,,
2026-09-26,15:00-16:00,CWL-1,Cutting / Destroy,ST-4430 Mid Blue,PO-77210,Mid Blue,372,340,3,4,,,
2026-09-26,16:00-17:00,CWL-1,Cutting / Destroy,ST-4412 Dark Stone,PO-77102,Black Stone,301,275,6,3,,,
2026-09-26,17:00-18:00,CWL-1,Cutting / Destroy,ST-4412 Dark Stone,PO-77102,Black Stone,311,300,3,2,,,
2026-09-26,18:00-19:00,CWL-1,Cutting / Destroy,ST-4412 Dark Stone,PO-77102,Black Stone,345,345,7,5,,,
2026-09-26,19:00-20:00,CWL-1,Cutting / Destroy,ST-4412 Dark Stone,PO-77102,Black Stone,324,303,5,2,,,
2026-09-26,20:00-21:00,CWL-1,Cutting / Destroy,ST-4412 Dark Stone,PO-77102,Black Stone,393,365,10,2,,,
2026-09-26,21:00-22:00,CWL-1,Cutting / Destroy,ST-4412 Dark Stone,PO-77102,Black Stone,345,328,5,2,,,
2026-09-26,22:00-23:00,CWL-1,Cutting / Destroy,ST-4412 Dark Stone,PO-77102,Black Stone,381,377,7,4,,,
2026-09-26,23:00-00:00,CWL-1,Cutting / Destroy,ST-4412 Dark Stone,PO-77102,Black Stone,138,129,1,2,45,Other,
2026-09-26,00:00-01:00,CWL-1,Cutting / Destroy,ST-3350 Twill Garment Dye,PO-66180,Olive,306,281,8,5,,,
2026-09-26,01:00-02:00,CWL-1,Cutting / Destroy,ST-3350 Twill Garment Dye,PO-66180,Olive,366,372,4,6,,,
2026-09-26,02:00-03:00,CWL-1,Cutting / Destroy,ST-3350 Twill Garment Dye,PO-66180,Olive,363,344,5,6,,,
2026-09-26,03:00-04:00,CWL-1,Cutting / Destroy,ST-3350 Twill Garment Dye,PO-66180,Olive,379,369,6,5,,,
2026-09-26,04:00-05:00,CWL-1,Cutting / Destroy,ST-3350 Twill Garment Dye,PO-66180,Olive,331,324,4,5,,,
2026-09-26,05:00-06:00,CWL-1,Cutting / Destroy,ST-3350 Twill Garment Dye,PO-66180,Olive,333,335,3,7,,,
2026-09-26,06:00-07:00,CWL-1,Cutting / Destroy,ST-3350 Twill Garment Dye,PO-66180,Olive,393,361,7,6,,,
2026-09-26,07:00-08:00,CWL-1,Cutting / Destroy,ST-3350 Twill Garment Dye,PO-66180,Olive,403,373,6,3,,,
2026-09-26,08:00-09:00,CWL-1,Air Blowing,ST-5120 Acid Blast,PO-88010,Acid Black,326,322,3,4,,,
2026-09-26,09:00-10:00,CWL-1,Air Blowing,ST-5120 Acid Blast,PO-88010,Acid Black,387,357,8,6,,,
2026-09-26,10:00-11:00,CWL-1,Air Blowing,ST-5120 Acid Blast,PO-88010,Acid Black,407,380,10,3,,,
2026-09-26,11:00-12:00,CWL-1,Air Blowing,ST-5120 Acid Blast,PO-88010,Acid Black,427,429,7,2,,,
2026-09-26,12:00-13:00,CWL-1,Air Blowing,ST-5120 Acid Blast,PO-88010,Acid Black,354,358,7,4,,,
2026-09-26,13:00-14:00,CWL-1,Air Blowing,ST-5120 Acid Blast,PO-88010,Acid Black,380,360,7,6,,,
2026-09-26,14:00-15:00,CWL-1,Air Blowing,ST-5120 Acid Blast,PO-88010,Acid Black,352,350,7,6,,,
2026-09-26,15:00-16:00,CWL-1,Air Blowing,ST-5120 Acid Blast,PO-88010,Acid Black,414,381,7,3,,,
2026-09-26,16:00-17:00,CWL-1,Air Blowing,ST-4475 Vintage Wash,PO-77305,Vintage Indigo,352,354,8,3,,,
2026-09-26,17:00-18:00,CWL-1,Air Blowing,ST-4475 Vintage Wash,PO-77305,Vintage Indigo,357,338,3,2,,,
2026-09-26,18:00-19:00,CWL-1,Air Blowing,ST-4475 Vintage Wash,PO-77305,Vintage Indigo,383,366,8,7,,,
2026-09-26,19:00-20:00,CWL-1,Air Blowing,ST-4475 Vintage Wash,PO-77305,Vintage Indigo,429,413,4,6,,,
2026-09-26,20:00-21:00,CWL-1,Air Blowing,ST-4475 Vintage Wash,PO-77305,Vintage Indigo,393,359,9,6,,,
2026-09-26,21:00-22:00,CWL-1,Air Blowing,ST-4475 Vintage Wash,PO-77305,Vintage Indigo,176,170,5,2,15,Other,
2026-09-26,22:00-23:00,CWL-1,Air Blowing,ST-4475 Vintage Wash,PO-77305,Vintage Indigo,427,391,4,3,,,
2026-09-26,23:00-00:00,CWL-1,Air Blowing,ST-4475 Vintage Wash,PO-77305,Vintage Indigo,432,397,4,7,,,
2026-09-26,00:00-01:00,CWL-1,Air Blowing,ST-3307 Twill Rinse,PO-66120,Khaki,320,307,9,5,,,
2026-09-26,01:00-02:00,CWL-1,Air Blowing,ST-3307 Twill Rinse,PO-66120,Khaki,455,435,12,2,,,
2026-09-26,02:00-03:00,CWL-1,Air Blowing,ST-3307 Twill Rinse,PO-66120,Khaki,392,360,4,4,,,
2026-09-26,03:00-04:00,CWL-1,Air Blowing,ST-3307 Twill Rinse,PO-66120,Khaki,401,387,10,4,,,
2026-09-26,04:00-05:00,CWL-1,Air Blowing,ST-3307 Twill Rinse,PO-66120,Khaki,456,415,5,6,,,
2026-09-26,05:00-06:00,CWL-1,Air Blowing,ST-3307 Twill Rinse,PO-66120,Khaki,431,432,7,4,,,
2026-09-26,06:00-07:00,CWL-1,Air Blowing,ST-3307 Twill Rinse,PO-66120,Khaki,392,375,6,7,,,
2026-09-26,07:00-08:00,CWL-1,Air Blowing,ST-3307 Twill Rinse,PO-66120,Khaki,432,394,8,5,,,
2026-09-26,08:00-09:00,CWL-1,PP Spray (Front & Back),ST-4430 Mid Blue,PO-77210,Mid Blue,687,685,7,5,,,
2026-09-26,09:00-10:00,CWL-1,PP Spray (Front & Back),ST-4430 Mid Blue,PO-77210,Mid Blue,842,812,21,13,,,
2026-09-26,10:00-11:00,CWL-1,PP Spray (Front & Back),ST-4430 Mid Blue,PO-77210,Mid Blue,841,769,22,11,,,
2026-09-26,11:00-12:00,CWL-1,PP Spray (Front & Back),ST-4430 Mid Blue,PO-77210,Mid Blue,797,776,14,13,,,
2026-09-26,12:00-13:00,CWL-1,PP Spray (Front & Back),ST-4430 Mid Blue,PO-77210,Mid Blue,970,902,22,9,,,
2026-09-26,13:00-14:00,CWL-1,PP Spray (Front & Back),ST-4430 Mid Blue,PO-77210,Mid Blue,787,779,20,15,,,
2026-09-26,14:00-15:00,CWL-1,PP Spray (Front & Back),ST-4430 Mid Blue,PO-77210,Mid Blue,931,920,25,17,,,
2026-09-26,15:00-16:00,CWL-1,PP Spray (Front & Back),ST-4430 Mid Blue,PO-77210,Mid Blue,932,851,8,7,,,
2026-09-26,16:00-17:00,CWL-1,PP Spray (Front & Back),ST-4430 Mid Blue,PO-77211,Light Blue,885,824,20,12,,,
2026-09-26,17:00-18:00,CWL-1,PP Spray (Front & Back),ST-4430 Mid Blue,PO-77211,Light Blue,965,927,22,9,,,
2026-09-26,18:00-19:00,CWL-1,PP Spray (Front & Back),ST-4430 Mid Blue,PO-77211,Light Blue,869,885,18,6,,,
2026-09-26,19:00-20:00,CWL-1,PP Spray (Front & Back),ST-4430 Mid Blue,PO-77211,Light Blue,831,779,22,11,,,
2026-09-26,20:00-21:00,CWL-1,PP Spray (Front & Back),ST-4430 Mid Blue,PO-77211,Light Blue,998,927,11,6,,,
2026-09-26,21:00-22:00,CWL-1,PP Spray (Front & Back),ST-4430 Mid Blue,PO-77211,Light Blue,996,984,29,16,,,
2026-09-26,22:00-23:00,CWL-1,PP Spray (Front & Back),ST-4430 Mid Blue,PO-77211,Light Blue,832,770,8,11,,,
2026-09-26,23:00-00:00,CWL-1,PP Spray (Front & Back),ST-4430 Mid Blue,PO-77211,Light Blue,963,909,19,6,,,
2026-09-26,00:00-01:00,CWL-1,PP Spray (Front & Back),ST-4412 Dark Stone,PO-77102,Black Stone,716,655,12,4,,,
2026-09-26,01:00-02:00,CWL-1,PP Spray (Front & Back),ST-4412 Dark Stone,PO-77102,Black Stone,906,848,8,11,,,
2026-09-26,02:00-03:00,CWL-1,PP Spray (Front & Back),ST-4412 Dark Stone,PO-77102,Black Stone,1025,932,21,15,,,
2026-09-26,03:00-04:00,CWL-1,PP Spray (Front & Back),ST-4412 Dark Stone,PO-77102,Black Stone,791,765,11,10,,,
2026-09-26,04:00-05:00,CWL-1,PP Spray (Front & Back),ST-4412 Dark Stone,PO-77102,Black Stone,954,950,20,6,,,
2026-09-26,05:00-06:00,CWL-1,PP Spray (Front & Back),ST-4412 Dark Stone,PO-77102,Black Stone,879,873,8,9,,,
2026-09-26,06:00-07:00,CWL-1,PP Spray (Front & Back),ST-4412 Dark Stone,PO-77102,Black Stone,888,880,10,13,,,
2026-09-26,07:00-08:00,CWL-1,PP Spray (Front & Back),ST-4412 Dark Stone,PO-77102,Black Stone,888,847,24,14,,,
2026-09-26,08:00-09:00,CWL-1,Allover PP Spray,ST-5133 Snow Acid,PO-88055,Snow White,306,279,8,4,,,
2026-09-26,09:00-10:00,CWL-1,Allover PP Spray,ST-5133 Snow Acid,PO-88055,Snow White,56,51,1,0,15,Other,
2026-09-26,10:00-11:00,CWL-1,Allover PP Spray,ST-5133 Snow Acid,PO-88055,Snow White,312,292,7,4,,,
2026-09-26,11:00-12:00,CWL-1,Allover PP Spray,ST-5133 Snow Acid,PO-88055,Snow White,295,281,2,5,,,
2026-09-26,12:00-13:00,CWL-1,Allover PP Spray,ST-5133 Snow Acid,PO-88055,Snow White,287,286,5,5,,,
2026-09-26,13:00-14:00,CWL-1,Allover PP Spray,ST-5133 Snow Acid,PO-88055,Snow White,350,322,6,5,,,
2026-09-26,14:00-15:00,CWL-1,Allover PP Spray,ST-5133 Snow Acid,PO-88055,Snow White,312,305,6,5,,,
2026-09-26,15:00-16:00,CWL-1,Allover PP Spray,ST-5133 Snow Acid,PO-88055,Snow White,357,347,3,5,,,
2026-09-26,16:00-17:00,CWL-1,Allover PP Spray,ST-2285 Dye Black,PO-99040,Jet Black,266,264,7,4,,,
2026-09-26,17:00-18:00,CWL-1,Allover PP Spray,ST-2285 Dye Black,PO-99040,Jet Black,333,317,10,6,,,
2026-09-26,18:00-19:00,CWL-1,Allover PP Spray,ST-2285 Dye Black,PO-99040,Jet Black,326,318,8,3,,,
2026-09-26,19:00-20:00,CWL-1,Allover PP Spray,ST-2285 Dye Black,PO-99040,Jet Black,153,143,2,2,30,Other,
2026-09-26,20:00-21:00,CWL-1,Allover PP Spray,ST-2285 Dye Black,PO-99040,Jet Black,302,298,9,4,,,
2026-09-26,21:00-22:00,CWL-1,Allover PP Spray,ST-2285 Dye Black,PO-99040,Jet Black,53,50,1,0,15,Other,
2026-09-26,22:00-23:00,CWL-1,Allover PP Spray,ST-2285 Dye Black,PO-99040,Jet Black,318,313,9,1,,,
2026-09-26,23:00-00:00,CWL-1,Allover PP Spray,ST-2285 Dye Black,PO-99040,Jet Black,306,286,3,3,,,
2026-09-26,00:00-01:00,CWL-1,Allover PP Spray,ST-5120 Acid Blast,PO-88010,Acid Black,312,299,4,3,,,
2026-09-26,01:00-02:00,CWL-1,Allover PP Spray,ST-5120 Acid Blast,PO-88010,Acid Black,360,342,4,5,,,
2026-09-26,02:00-03:00,CWL-1,Allover PP Spray,ST-5120 Acid Blast,PO-88010,Acid Black,374,354,9,3,,,
2026-09-26,03:00-04:00,CWL-1,Allover PP Spray,ST-5120 Acid Blast,PO-88010,Acid Black,357,357,5,6,,,
2026-09-26,04:00-05:00,CWL-1,Allover PP Spray,ST-5120 Acid Blast,PO-88010,Acid Black,341,344,6,3,,,
2026-09-26,05:00-06:00,CWL-1,Allover PP Spray,ST-5120 Acid Blast,PO-88010,Acid Black,377,354,5,3,,,
2026-09-26,06:00-07:00,CWL-1,Allover PP Spray,ST-5120 Acid Blast,PO-88010,Acid Black,312,294,4,5,,,
2026-09-26,07:00-08:00,CWL-1,Allover PP Spray,ST-5120 Acid Blast,PO-88010,Acid Black,360,333,5,6,,,
2026-09-26,08:00-09:00,CWL-1,PP Rubbing,ST-4412 Dark Stone,PO-77102,Black Stone,166,156,4,2,,,
2026-09-26,09:00-10:00,CWL-1,PP Rubbing,ST-4412 Dark Stone,PO-77102,Black Stone,199,187,2,3,,,
2026-09-26,10:00-11:00,CWL-1,PP Rubbing,ST-4412 Dark Stone,PO-77102,Black Stone,172,172,2,2,,,
2026-09-26,11:00-12:00,CWL-1,PP Rubbing,ST-4412 Dark Stone,PO-77102,Black Stone,213,208,3,2,,,
2026-09-26,12:00-13:00,CWL-1,PP Rubbing,ST-4412 Dark Stone,PO-77102,Black Stone,216,205,3,2,,,
2026-09-26,13:00-14:00,CWL-1,PP Rubbing,ST-4412 Dark Stone,PO-77102,Black Stone,172,168,5,1,,,
2026-09-26,14:00-15:00,CWL-1,PP Rubbing,ST-4412 Dark Stone,PO-77102,Black Stone,178,176,2,3,,,
2026-09-26,15:00-16:00,CWL-1,PP Rubbing,ST-4412 Dark Stone,PO-77102,Black Stone,190,180,3,3,,,
2026-09-26,16:00-17:00,CWL-1,PP Rubbing,ST-2285 Dye Black,PO-99040,Jet Black,154,142,2,1,,,
2026-09-26,17:00-18:00,CWL-1,PP Rubbing,ST-2285 Dye Black,PO-99040,Jet Black,173,167,4,2,,,
2026-09-26,18:00-19:00,CWL-1,PP Rubbing,ST-2285 Dye Black,PO-99040,Jet Black,216,199,4,2,,,
2026-09-26,19:00-20:00,CWL-1,PP Rubbing,ST-2285 Dye Black,PO-99040,Jet Black,177,181,3,3,,,
2026-09-26,20:00-21:00,CWL-1,PP Rubbing,ST-2285 Dye Black,PO-99040,Jet Black,50,46,1,1,15,Machine breakdown,
2026-09-26,21:00-22:00,CWL-1,PP Rubbing,ST-2285 Dye Black,PO-99040,Jet Black,218,208,5,4,,,
2026-09-26,22:00-23:00,CWL-1,PP Rubbing,ST-2285 Dye Black,PO-99040,Jet Black,223,211,3,4,,,
2026-09-26,23:00-00:00,CWL-1,PP Rubbing,ST-2285 Dye Black,PO-99040,Jet Black,203,195,3,3,,,
2026-09-26,00:00-01:00,CWL-1,PP Rubbing,ST-4475 Vintage Wash,PO-77305,Vintage Indigo,139,141,4,0,,,
2026-09-26,01:00-02:00,CWL-1,PP Rubbing,ST-4475 Vintage Wash,PO-77305,Vintage Indigo,201,195,3,2,,,
2026-09-26,02:00-03:00,CWL-1,PP Rubbing,ST-4475 Vintage Wash,PO-77305,Vintage Indigo,102,98,2,2,45,Changeover / setup,
2026-09-26,03:00-04:00,CWL-1,PP Rubbing,ST-4475 Vintage Wash,PO-77305,Vintage Indigo,180,166,5,1,,,
2026-09-26,04:00-05:00,CWL-1,PP Rubbing,ST-4475 Vintage Wash,PO-77305,Vintage Indigo,172,168,3,2,,,
2026-09-26,05:00-06:00,CWL-1,PP Rubbing,ST-4475 Vintage Wash,PO-77305,Vintage Indigo,185,175,1,2,,,
2026-09-26,06:00-07:00,CWL-1,PP Rubbing,ST-4475 Vintage Wash,PO-77305,Vintage Indigo,208,209,3,2,,,
2026-09-26,07:00-08:00,CWL-1,PP Rubbing,ST-4475 Vintage Wash,PO-77305,Vintage Indigo,182,178,5,1,,,
2026-09-26,08:00-09:00,CWL-1,Machine 3D,ST-3350 Twill Garment Dye,PO-66180,Olive,238,228,4,4,,,
2026-09-26,09:00-10:00,CWL-1,Machine 3D,ST-3350 Twill Garment Dye,PO-66180,Olive,328,321,7,3,,,
2026-09-26,10:00-11:00,CWL-1,Machine 3D,ST-3350 Twill Garment Dye,PO-66180,Olive,293,269,7,1,,,
2026-09-26,11:00-12:00,CWL-1,Machine 3D,ST-3350 Twill Garment Dye,PO-66180,Olive,322,309,9,3,,,
2026-09-26,12:00-13:00,CWL-1,Machine 3D,ST-3350 Twill Garment Dye,PO-66180,Olive,284,281,9,5,,,
2026-09-26,13:00-14:00,CWL-1,Machine 3D,ST-3350 Twill Garment Dye,PO-66180,Olive,308,294,6,4,,,
2026-09-26,14:00-15:00,CWL-1,Machine 3D,ST-3350 Twill Garment Dye,PO-66180,Olive,285,267,3,5,,,
2026-09-26,15:00-16:00,CWL-1,Machine 3D,ST-3350 Twill Garment Dye,PO-66180,Olive,271,268,7,5,,,
2026-09-26,16:00-17:00,CWL-1,Machine 3D,ST-2285 Dye Black,PO-99040,Jet Black,269,255,7,1,,,
2026-09-26,17:00-18:00,CWL-1,Machine 3D,ST-2285 Dye Black,PO-99040,Jet Black,265,258,6,2,,,
2026-09-26,18:00-19:00,CWL-1,Machine 3D,ST-2285 Dye Black,PO-99040,Jet Black,304,287,3,5,,,
2026-09-26,19:00-20:00,CWL-1,Machine 3D,ST-2285 Dye Black,PO-99040,Jet Black,326,314,9,2,,,
2026-09-26,20:00-21:00,CWL-1,Machine 3D,ST-2285 Dye Black,PO-99040,Jet Black,326,310,7,4,,,
2026-09-26,21:00-22:00,CWL-1,Machine 3D,ST-2285 Dye Black,PO-99040,Jet Black,62,57,2,1,30,Changeover / setup,
2026-09-26,22:00-23:00,CWL-1,Machine 3D,ST-2285 Dye Black,PO-99040,Jet Black,266,256,5,3,,,
2026-09-26,23:00-00:00,CWL-1,Machine 3D,ST-2285 Dye Black,PO-99040,Jet Black,269,264,7,3,,,
2026-09-26,00:00-01:00,CWL-1,Machine 3D,ST-4430 Mid Blue,PO-77210,Mid Blue,250,238,5,5,,,
2026-09-26,01:00-02:00,CWL-1,Machine 3D,ST-4430 Mid Blue,PO-77210,Mid Blue,265,248,5,5,,,
2026-09-26,02:00-03:00,CWL-1,Machine 3D,ST-4430 Mid Blue,PO-77210,Mid Blue,335,311,3,3,,,
2026-09-26,03:00-04:00,CWL-1,Machine 3D,ST-4430 Mid Blue,PO-77210,Mid Blue,344,324,6,5,,,
2026-09-26,04:00-05:00,CWL-1,Machine 3D,ST-4430 Mid Blue,PO-77210,Mid Blue,38,37,1,0,45,Quality hold,
2026-09-26,05:00-06:00,CWL-1,Machine 3D,ST-4430 Mid Blue,PO-77210,Mid Blue,326,298,6,4,,,
2026-09-26,06:00-07:00,CWL-1,Machine 3D,ST-4430 Mid Blue,PO-77210,Mid Blue,311,312,5,5,,,
2026-09-26,07:00-08:00,CWL-1,Machine 3D,ST-4430 Mid Blue,PO-77210,Mid Blue,300,275,3,5,,,
2026-09-26,08:00-09:00,CWL-1,Iron 3D,ST-3350 Twill Garment Dye,PO-66180,Olive,256,244,6,5,,,
2026-09-26,09:00-10:00,CWL-1,Iron 3D,ST-3350 Twill Garment Dye,PO-66180,Olive,276,260,2,5,,,
2026-09-26,10:00-11:00,CWL-1,Iron 3D,ST-3350 Twill Garment Dye,PO-66180,Olive,235,237,4,2,,,
2026-09-26,11:00-12:00,CWL-1,Iron 3D,ST-3350 Twill Garment Dye,PO-66180,Olive,277,267,4,1,,,
2026-09-26,12:00-13:00,CWL-1,Iron 3D,ST-3350 Twill Garment Dye,PO-66180,Olive,269,256,7,2,,,
2026-09-26,13:00-14:00,CWL-1,Iron 3D,ST-3350 Twill Garment Dye,PO-66180,Olive,288,291,5,5,,,
2026-09-26,14:00-15:00,CWL-1,Iron 3D,ST-3350 Twill Garment Dye,PO-66180,Olive,277,272,3,2,,,
2026-09-26,15:00-16:00,CWL-1,Iron 3D,ST-3350 Twill Garment Dye,PO-66180,Olive,307,290,4,4,,,
2026-09-26,16:00-17:00,CWL-1,Iron 3D,ST-4430 Mid Blue,PO-77211,Light Blue,231,225,6,1,,,
2026-09-26,17:00-18:00,CWL-1,Iron 3D,ST-4430 Mid Blue,PO-77211,Light Blue,276,274,2,4,,,
2026-09-26,18:00-19:00,CWL-1,Iron 3D,ST-4430 Mid Blue,PO-77211,Light Blue,251,245,4,5,,,
2026-09-26,19:00-20:00,CWL-1,Iron 3D,ST-4430 Mid Blue,PO-77211,Light Blue,317,297,3,2,,,
2026-09-26,20:00-21:00,CWL-1,Iron 3D,ST-4430 Mid Blue,PO-77211,Light Blue,284,270,5,2,,,
2026-09-26,21:00-22:00,CWL-1,Iron 3D,ST-4430 Mid Blue,PO-77211,Light Blue,259,242,6,3,,,
2026-09-26,22:00-23:00,CWL-1,Iron 3D,ST-4430 Mid Blue,PO-77211,Light Blue,235,231,2,3,,,
2026-09-26,23:00-00:00,CWL-1,Iron 3D,ST-4430 Mid Blue,PO-77211,Light Blue,291,282,6,2,,,
2026-09-26,00:00-01:00,CWL-1,Iron 3D,ST-4430 Mid Blue,PO-77210,Mid Blue,254,243,4,3,,,
2026-09-26,01:00-02:00,CWL-1,Iron 3D,ST-4430 Mid Blue,PO-77210,Mid Blue,261,241,3,3,,,
2026-09-26,02:00-03:00,CWL-1,Iron 3D,ST-4430 Mid Blue,PO-77210,Mid Blue,288,289,7,2,,,
2026-09-26,03:00-04:00,CWL-1,Iron 3D,ST-4430 Mid Blue,PO-77210,Mid Blue,270,252,3,1,,,
2026-09-26,04:00-05:00,CWL-1,Iron 3D,ST-4430 Mid Blue,PO-77210,Mid Blue,126,117,1,0,45,Quality hold,
2026-09-26,05:00-06:00,CWL-1,Iron 3D,ST-4430 Mid Blue,PO-77210,Mid Blue,298,300,3,2,,,
2026-09-26,06:00-07:00,CWL-1,Iron 3D,ST-4430 Mid Blue,PO-77210,Mid Blue,275,275,7,2,,,
2026-09-26,07:00-08:00,CWL-1,Iron 3D,ST-4430 Mid Blue,PO-77210,Mid Blue,278,268,5,2,,,
2026-09-27,08:00-09:00,CWL-1,Laser Whisker,ST-4430 Mid Blue,PO-77210,Mid Blue,25,25,0,0,,,
2026-09-27,09:00-10:00,CWL-1,Laser Whisker,ST-4430 Mid Blue,PO-77210,Mid Blue,32,30,1,0,,,
2026-09-27,10:00-11:00,CWL-1,Laser Whisker,ST-4430 Mid Blue,PO-77210,Mid Blue,31,28,1,1,,,
2026-09-27,11:00-12:00,CWL-1,Laser Whisker,ST-4430 Mid Blue,PO-77210,Mid Blue,33,33,1,1,,,
2026-09-27,12:00-13:00,CWL-1,Laser Whisker,ST-4430 Mid Blue,PO-77210,Mid Blue,34,32,0,0,,,
2026-09-27,13:00-14:00,CWL-1,Laser Whisker,ST-4430 Mid Blue,PO-77210,Mid Blue,33,30,1,1,,,
2026-09-27,14:00-15:00,CWL-1,Laser Whisker,ST-4430 Mid Blue,PO-77210,Mid Blue,34,34,1,0,,,
2026-09-27,15:00-16:00,CWL-1,Laser Whisker,ST-4430 Mid Blue,PO-77210,Mid Blue,33,34,1,0,,,
2026-09-27,16:00-17:00,CWL-1,Laser Whisker,ST-4412 Dark Stone,PO-77102,Black Stone,25,24,0,0,,,
2026-09-27,17:00-18:00,CWL-1,Laser Whisker,ST-4412 Dark Stone,PO-77102,Black Stone,30,29,1,1,,,
2026-09-27,18:00-19:00,CWL-1,Laser Whisker,ST-4412 Dark Stone,PO-77102,Black Stone,34,31,0,0,,,
2026-09-27,19:00-20:00,CWL-1,Laser Whisker,ST-4412 Dark Stone,PO-77102,Black Stone,37,34,1,0,,,
2026-09-27,20:00-21:00,CWL-1,Laser Whisker,ST-4412 Dark Stone,PO-77102,Black Stone,35,33,1,1,,,
2026-09-27,21:00-22:00,CWL-1,Laser Whisker,ST-4412 Dark Stone,PO-77102,Black Stone,30,30,1,0,,,
2026-09-27,22:00-23:00,CWL-1,Laser Whisker,ST-4412 Dark Stone,PO-77102,Black Stone,30,30,0,0,,,
2026-09-27,23:00-00:00,CWL-1,Laser Whisker,ST-4412 Dark Stone,PO-77102,Black Stone,27,27,0,1,,,
2026-09-27,00:00-01:00,CWL-1,Laser Whisker,ST-4475 Vintage Wash,PO-77305,Vintage Indigo,27,27,0,1,,,
2026-09-27,01:00-02:00,CWL-1,Laser Whisker,ST-4475 Vintage Wash,PO-77305,Vintage Indigo,33,33,1,0,,,
2026-09-27,02:00-03:00,CWL-1,Laser Whisker,ST-4475 Vintage Wash,PO-77305,Vintage Indigo,31,29,0,0,,,
2026-09-27,03:00-04:00,CWL-1,Laser Whisker,ST-4475 Vintage Wash,PO-77305,Vintage Indigo,35,33,1,1,,,
2026-09-27,04:00-05:00,CWL-1,Laser Whisker,ST-4475 Vintage Wash,PO-77305,Vintage Indigo,31,31,0,1,,,
2026-09-27,05:00-06:00,CWL-1,Laser Whisker,ST-4475 Vintage Wash,PO-77305,Vintage Indigo,33,30,1,0,,,
2026-09-27,06:00-07:00,CWL-1,Laser Whisker,ST-4475 Vintage Wash,PO-77305,Vintage Indigo,34,31,0,0,,,
2026-09-27,07:00-08:00,CWL-1,Laser Whisker,ST-4475 Vintage Wash,PO-77305,Vintage Indigo,33,31,1,1,,,
2026-09-27,08:00-09:00,CWL-1,Laser Mark Destroy,ST-5120 Acid Blast,PO-88010,Acid Black,78,76,1,1,,,
2026-09-27,09:00-10:00,CWL-1,Laser Mark Destroy,ST-5120 Acid Blast,PO-88010,Acid Black,103,98,3,1,,,
2026-09-27,10:00-11:00,CWL-1,Laser Mark Destroy,ST-5120 Acid Blast,PO-88010,Acid Black,103,103,3,2,,,
2026-09-27,11:00-12:00,CWL-1,Laser Mark Destroy,ST-5120 Acid Blast,PO-88010,Acid Black,79,81,1,1,,,
2026-09-27,12:00-13:00,CWL-1,Laser Mark Destroy,ST-5120 Acid Blast,PO-88010,Acid Black,84,81,1,2,,,
2026-09-27,13:00-14:00,CWL-1,Laser Mark Destroy,ST-5120 Acid Blast,PO-88010,Acid Black,87,84,2,2,,,
2026-09-27,14:00-15:00,CWL-1,Laser Mark Destroy,ST-5120 Acid Blast,PO-88010,Acid Black,94,92,2,2,,,
2026-09-27,15:00-16:00,CWL-1,Laser Mark Destroy,ST-5120 Acid Blast,PO-88010,Acid Black,91,85,1,2,,,
2026-09-27,16:00-17:00,CWL-1,Laser Mark Destroy,ST-4430 Mid Blue,PO-77211,Light Blue,89,86,2,1,,,
2026-09-27,17:00-18:00,CWL-1,Laser Mark Destroy,ST-4430 Mid Blue,PO-77211,Light Blue,91,89,1,0,,,
2026-09-27,18:00-19:00,CWL-1,Laser Mark Destroy,ST-4430 Mid Blue,PO-77211,Light Blue,113,103,1,1,,,
2026-09-27,19:00-20:00,CWL-1,Laser Mark Destroy,ST-4430 Mid Blue,PO-77211,Light Blue,109,104,2,1,,,
2026-09-27,20:00-21:00,CWL-1,Laser Mark Destroy,ST-4430 Mid Blue,PO-77211,Light Blue,95,86,1,1,,,
2026-09-27,21:00-22:00,CWL-1,Laser Mark Destroy,ST-4430 Mid Blue,PO-77211,Light Blue,91,86,2,1,,,
2026-09-27,22:00-23:00,CWL-1,Laser Mark Destroy,ST-4430 Mid Blue,PO-77211,Light Blue,95,90,1,1,,,
2026-09-27,23:00-00:00,CWL-1,Laser Mark Destroy,ST-4430 Mid Blue,PO-77211,Light Blue,91,83,2,1,,,
2026-09-27,00:00-01:00,CWL-1,Laser Mark Destroy,ST-4475 Vintage Wash,PO-77305,Vintage Indigo,71,70,1,2,,,
2026-09-27,01:00-02:00,CWL-1,Laser Mark Destroy,ST-4475 Vintage Wash,PO-77305,Vintage Indigo,94,90,2,1,,,
2026-09-27,02:00-03:00,CWL-1,Laser Mark Destroy,ST-4475 Vintage Wash,PO-77305,Vintage Indigo,88,83,1,1,,,
2026-09-27,03:00-04:00,CWL-1,Laser Mark Destroy,ST-4475 Vintage Wash,PO-77305,Vintage Indigo,94,95,2,1,,,
2026-09-27,04:00-05:00,CWL-1,Laser Mark Destroy,ST-4475 Vintage Wash,PO-77305,Vintage Indigo,105,104,2,1,,,
2026-09-27,05:00-06:00,CWL-1,Laser Mark Destroy,ST-4475 Vintage Wash,PO-77305,Vintage Indigo,89,86,1,1,,,
2026-09-27,06:00-07:00,CWL-1,Laser Mark Destroy,ST-4475 Vintage Wash,PO-77305,Vintage Indigo,94,89,2,0,,,
2026-09-27,07:00-08:00,CWL-1,Laser Mark Destroy,ST-4475 Vintage Wash,PO-77305,Vintage Indigo,95,93,2,1,,,
2026-09-27,08:00-09:00,CWL-1,Pattern Whisker,ST-2285 Dye Black,PO-99040,Jet Black,1060,1013,22,16,,,
2026-09-27,09:00-10:00,CWL-1,Pattern Whisker,ST-2285 Dye Black,PO-99040,Jet Black,370,351,9,4,30,Machine breakdown,
2026-09-27,10:00-11:00,CWL-1,Pattern Whisker,ST-2285 Dye Black,PO-99040,Jet Black,1226,1189,32,20,,,
2026-09-27,11:00-12:00,CWL-1,Pattern Whisker,ST-2285 Dye Black,PO-99040,Jet Black,1255,1194,18,16,,,
2026-09-27,12:00-13:00,CWL-1,Pattern Whisker,ST-2285 Dye Black,PO-99040,Jet Black,1386,1312,24,27,,,
2026-09-27,13:00-14:00,CWL-1,Pattern Whisker,ST-2285 Dye Black,PO-99040,Jet Black,1353,1345,26,18,,,
2026-09-27,14:00-15:00,CWL-1,Pattern Whisker,ST-2285 Dye Black,PO-99040,Jet Black,1098,1088,31,5,,,
2026-09-27,15:00-16:00,CWL-1,Pattern Whisker,ST-2285 Dye Black,PO-99040,Jet Black,1201,1095,14,17,,,
2026-09-27,16:00-17:00,CWL-1,Pattern Whisker,ST-5133 Snow Acid,PO-88055,Snow White,935,920,25,6,,,
2026-09-27,17:00-18:00,CWL-1,Pattern Whisker,ST-5133 Snow Acid,PO-88055,Snow White,1401,1307,20,19,,,
2026-09-27,18:00-19:00,CWL-1,Pattern Whisker,ST-5133 Snow Acid,PO-88055,Snow White,1174,1139,22,20,,,
2026-09-27,19:00-20:00,CWL-1,Pattern Whisker,ST-5133 Snow Acid,PO-88055,Snow White,1207,1106,24,17,,,
2026-09-27,20:00-21:00,CWL-1,Pattern Whisker,ST-5133 Snow Acid,PO-88055,Snow White,1080,1095,20,20,,,
2026-09-27,21:00-22:00,CWL-1,Pattern Whisker,ST-5133 Snow Acid,PO-88055,Snow White,1269,1222,26,23,,,
2026-09-27,22:00-23:00,CWL-1,Pattern Whisker,ST-5133 Snow Acid,PO-88055,Snow White,1348,1259,12,9,,,
2026-09-27,23:00-00:00,CWL-1,Pattern Whisker,ST-5133 Snow Acid,PO-88055,Snow White,1171,1110,22,13,,,
2026-09-27,00:00-01:00,CWL-1,Pattern Whisker,ST-2285 Dye Black,PO-99040,Jet Black,965,955,17,14,,,
2026-09-27,01:00-02:00,CWL-1,Pattern Whisker,ST-2285 Dye Black,PO-99040,Jet Black,1175,1171,11,15,,,
2026-09-27,02:00-03:00,CWL-1,Pattern Whisker,ST-2285 Dye Black,PO-99040,Jet Black,1279,1176,31,7,,,
2026-09-27,03:00-04:00,CWL-1,Pattern Whisker,ST-2285 Dye Black,PO-99040,Jet Black,1125,1093,15,6,,,
2026-09-27,04:00-05:00,CWL-1,Pattern Whisker,ST-2285 Dye Black,PO-99040,Jet Black,1238,1177,31,6,,,
2026-09-27,05:00-06:00,CWL-1,Pattern Whisker,ST-2285 Dye Black,PO-99040,Jet Black,1360,1306,23,15,,,
2026-09-27,06:00-07:00,CWL-1,Pattern Whisker,ST-2285 Dye Black,PO-99040,Jet Black,1091,1075,32,18,,,
2026-09-27,07:00-08:00,CWL-1,Pattern Whisker,ST-2285 Dye Black,PO-99040,Jet Black,1173,1184,25,10,,,
2026-09-27,08:00-09:00,CWL-1,Hand Sand (Front & Back),ST-3307 Twill Rinse,PO-66120,Khaki,450,448,11,6,,,
2026-09-27,09:00-10:00,CWL-1,Hand Sand (Front & Back),ST-3307 Twill Rinse,PO-66120,Khaki,5,5,0,1,15,Changeover / setup,
2026-09-27,10:00-11:00,CWL-1,Hand Sand (Front & Back),ST-3307 Twill Rinse,PO-66120,Khaki,526,527,5,9,,,
2026-09-27,11:00-12:00,CWL-1,Hand Sand (Front & Back),ST-3307 Twill Rinse,PO-66120,Khaki,645,643,19,6,,,
2026-09-27,12:00-13:00,CWL-1,Hand Sand (Front & Back),ST-3307 Twill Rinse,PO-66120,Khaki,570,551,9,6,,,
2026-09-27,13:00-14:00,CWL-1,Hand Sand (Front & Back),ST-3307 Twill Rinse,PO-66120,Khaki,625,591,9,5,,,
2026-09-27,14:00-15:00,CWL-1,Hand Sand (Front & Back),ST-3307 Twill Rinse,PO-66120,Khaki,140,132,2,1,45,Changeover / setup,
2026-09-27,15:00-16:00,CWL-1,Hand Sand (Front & Back),ST-3307 Twill Rinse,PO-66120,Khaki,688,626,14,10,,,
2026-09-27,16:00-17:00,CWL-1,Hand Sand (Front & Back),ST-3350 Twill Garment Dye,PO-66180,Olive,486,493,4,10,,,
2026-09-27,17:00-18:00,CWL-1,Hand Sand (Front & Back),ST-3350 Twill Garment Dye,PO-66180,Olive,634,587,8,7,,,
2026-09-27,18:00-19:00,CWL-1,Hand Sand (Front & Back),ST-3350 Twill Garment Dye,PO-66180,Olive,684,667,18,10,,,
2026-09-27,19:00-20:00,CWL-1,Hand Sand (Front & Back),ST-3350 Twill Garment Dye,PO-66180,Olive,520,512,8,3,,,
2026-09-27,20:00-21:00,CWL-1,Hand Sand (Front & Back),ST-3350 Twill Garment Dye,PO-66180,Olive,565,570,11,5,,,
2026-09-27,21:00-22:00,CWL-1,Hand Sand (Front & Back),ST-3350 Twill Garment Dye,PO-66180,Olive,537,528,9,5,,,
2026-09-27,22:00-23:00,CWL-1,Hand Sand (Front & Back),ST-3350 Twill Garment Dye,PO-66180,Olive,560,516,6,6,,,
2026-09-27,23:00-00:00,CWL-1,Hand Sand (Front & Back),ST-3350 Twill Garment Dye,PO-66180,Olive,614,569,15,11,,,
2026-09-27,00:00-01:00,CWL-1,Hand Sand (Front & Back),ST-5120 Acid Blast,PO-88010,Acid Black,494,496,10,5,,,
2026-09-27,01:00-02:00,CWL-1,Hand Sand (Front & Back),ST-5120 Acid Blast,PO-88010,Acid Black,555,536,4,8,,,
2026-09-27,02:00-03:00,CWL-1,Hand Sand (Front & Back),ST-5120 Acid Blast,PO-88010,Acid Black,568,560,11,11,,,
2026-09-27,03:00-04:00,CWL-1,Hand Sand (Front & Back),ST-5120 Acid Blast,PO-88010,Acid Black,616,582,10,7,,,
2026-09-27,04:00-05:00,CWL-1,Hand Sand (Front & Back),ST-5120 Acid Blast,PO-88010,Acid Black,605,552,15,9,,,
2026-09-27,05:00-06:00,CWL-1,Hand Sand (Front & Back),ST-5120 Acid Blast,PO-88010,Acid Black,589,596,14,4,,,
2026-09-27,06:00-07:00,CWL-1,Hand Sand (Front & Back),ST-5120 Acid Blast,PO-88010,Acid Black,567,547,10,4,,,
2026-09-27,07:00-08:00,CWL-1,Hand Sand (Front & Back),ST-5120 Acid Blast,PO-88010,Acid Black,597,598,7,8,,,
2026-09-27,08:00-09:00,CWL-1,Allover Hand Sand,ST-5120 Acid Blast,PO-88010,Acid Black,68,69,2,1,,,
2026-09-27,09:00-10:00,CWL-1,Allover Hand Sand,ST-5120 Acid Blast,PO-88010,Acid Black,18,17,0,0,45,Changeover / setup,
2026-09-27,10:00-11:00,CWL-1,Allover Hand Sand,ST-5120 Acid Blast,PO-88010,Acid Black,98,97,2,1,,,
2026-09-27,11:00-12:00,CWL-1,Allover Hand Sand,ST-5120 Acid Blast,PO-88010,Acid Black,101,94,2,1,,,
2026-09-27,12:00-13:00,CWL-1,Allover Hand Sand,ST-5120 Acid Blast,PO-88010,Acid Black,106,101,0,1,,,
2026-09-27,13:00-14:00,CWL-1,Allover Hand Sand,ST-5120 Acid Blast,PO-88010,Acid Black,90,84,0,1,,,
2026-09-27,14:00-15:00,CWL-1,Allover Hand Sand,ST-5120 Acid Blast,PO-88010,Acid Black,105,98,3,1,,,
2026-09-27,15:00-16:00,CWL-1,Allover Hand Sand,ST-5120 Acid Blast,PO-88010,Acid Black,91,93,1,2,,,
2026-09-27,16:00-17:00,CWL-1,Allover Hand Sand,ST-2285 Dye Black,PO-99040,Jet Black,88,85,1,2,,,
2026-09-27,17:00-18:00,CWL-1,Allover Hand Sand,ST-2285 Dye Black,PO-99040,Jet Black,89,83,1,1,,,
2026-09-27,18:00-19:00,CWL-1,Allover Hand Sand,ST-2285 Dye Black,PO-99040,Jet Black,95,88,0,1,,,
2026-09-27,19:00-20:00,CWL-1,Allover Hand Sand,ST-2285 Dye Black,PO-99040,Jet Black,103,97,2,1,,,
2026-09-27,20:00-21:00,CWL-1,Allover Hand Sand,ST-2285 Dye Black,PO-99040,Jet Black,101,95,2,1,,,
2026-09-27,21:00-22:00,CWL-1,Allover Hand Sand,ST-2285 Dye Black,PO-99040,Jet Black,89,90,1,1,,,
2026-09-27,22:00-23:00,CWL-1,Allover Hand Sand,ST-2285 Dye Black,PO-99040,Jet Black,90,83,2,1,,,
2026-09-27,23:00-00:00,CWL-1,Allover Hand Sand,ST-2285 Dye Black,PO-99040,Jet Black,100,100,3,1,,,
2026-09-27,00:00-01:00,CWL-1,Allover Hand Sand,ST-3307 Twill Rinse,PO-66120,Khaki,81,80,1,1,,,
2026-09-27,01:00-02:00,CWL-1,Allover Hand Sand,ST-3307 Twill Rinse,PO-66120,Khaki,109,102,2,1,,,
2026-09-27,02:00-03:00,CWL-1,Allover Hand Sand,ST-3307 Twill Rinse,PO-66120,Khaki,104,105,2,2,,,
2026-09-27,03:00-04:00,CWL-1,Allover Hand Sand,ST-3307 Twill Rinse,PO-66120,Khaki,39,37,1,0,30,Waiting for input,
2026-09-27,04:00-05:00,CWL-1,Allover Hand Sand,ST-3307 Twill Rinse,PO-66120,Khaki,96,94,2,1,,,
2026-09-27,05:00-06:00,CWL-1,Allover Hand Sand,ST-3307 Twill Rinse,PO-66120,Khaki,105,98,1,2,,,
2026-09-27,06:00-07:00,CWL-1,Allover Hand Sand,ST-3307 Twill Rinse,PO-66120,Khaki,110,106,3,1,,,
2026-09-27,07:00-08:00,CWL-1,Allover Hand Sand,ST-3307 Twill Rinse,PO-66120,Khaki,109,105,2,1,,,
2026-09-27,08:00-09:00,CWL-1,Tagging,ST-3350 Twill Garment Dye,PO-66180,Olive,653,610,13,11,,,
2026-09-27,09:00-10:00,CWL-1,Tagging,ST-3350 Twill Garment Dye,PO-66180,Olive,859,856,14,5,,,
2026-09-27,10:00-11:00,CWL-1,Tagging,ST-3350 Twill Garment Dye,PO-66180,Olive,819,818,23,12,,,
2026-09-27,11:00-12:00,CWL-1,Tagging,ST-3350 Twill Garment Dye,PO-66180,Olive,883,855,19,6,,,
2026-09-27,12:00-13:00,CWL-1,Tagging,ST-3350 Twill Garment Dye,PO-66180,Olive,177,170,3,2,15,Operator shortage,
2026-09-27,13:00-14:00,CWL-1,Tagging,ST-3350 Twill Garment Dye,PO-66180,Olive,889,853,14,6,,,
2026-09-27,14:00-15:00,CWL-1,Tagging,ST-3350 Twill Garment Dye,PO-66180,Olive,848,827,17,13,,,
2026-09-27,15:00-16:00,CWL-1,Tagging,ST-3350 Twill Garment Dye,PO-66180,Olive,841,831,11,4,,,
2026-09-27,16:00-17:00,CWL-1,Tagging,ST-4412 Dark Stone,PO-77101,Dark Blue,656,631,6,8,,,
2026-09-27,17:00-18:00,CWL-1,Tagging,ST-4412 Dark Stone,PO-77101,Dark Blue,795,770,17,12,,,
2026-09-27,18:00-19:00,CWL-1,Tagging,ST-4412 Dark Stone,PO-77101,Dark Blue,812,749,17,11,,,
2026-09-27,19:00-20:00,CWL-1,Tagging,ST-4412 Dark Stone,PO-77101,Dark Blue,691,702,6,4,,,
2026-09-27,20:00-21:00,CWL-1,Tagging,ST-4412 Dark Stone,PO-77101,Dark Blue,731,737,10,12,,,
2026-09-27,21:00-22:00,CWL-1,Tagging,ST-4412 Dark Stone,PO-77101,Dark Blue,677,669,7,11,,,
2026-09-27,22:00-23:00,CWL-1,Tagging,ST-4412 Dark Stone,PO-77101,Dark Blue,876,846,11,13,,,
2026-09-27,23:00-00:00,CWL-1,Tagging,ST-4412 Dark Stone,PO-77101,Dark Blue,730,680,12,4,,,
2026-09-27,00:00-01:00,CWL-1,Tagging,ST-5133 Snow Acid,PO-88055,Snow White,680,625,6,11,,,
2026-09-27,01:00-02:00,CWL-1,Tagging,ST-5133 Snow Acid,PO-88055,Snow White,692,692,17,5,,,
2026-09-27,02:00-03:00,CWL-1,Tagging,ST-5133 Snow Acid,PO-88055,Snow White,832,808,12,10,,,
2026-09-27,03:00-04:00,CWL-1,Tagging,ST-5133 Snow Acid,PO-88055,Snow White,710,692,19,9,,,
2026-09-27,04:00-05:00,CWL-1,Tagging,ST-5133 Snow Acid,PO-88055,Snow White,742,685,9,9,,,
2026-09-27,05:00-06:00,CWL-1,Tagging,ST-5133 Snow Acid,PO-88055,Snow White,815,831,20,5,,,
2026-09-27,06:00-07:00,CWL-1,Tagging,ST-5133 Snow Acid,PO-88055,Snow White,702,684,15,7,,,
2026-09-27,07:00-08:00,CWL-1,Tagging,ST-5133 Snow Acid,PO-88055,Snow White,722,712,17,11,,,
2026-09-27,08:00-09:00,CWL-1,Grinding,ST-4412 Dark Stone,PO-77102,Black Stone,176,172,5,2,,,
2026-09-27,09:00-10:00,CWL-1,Grinding,ST-4412 Dark Stone,PO-77102,Black Stone,248,233,5,3,,,
2026-09-27,10:00-11:00,CWL-1,Grinding,ST-4412 Dark Stone,PO-77102,Black Stone,231,219,5,4,,,
2026-09-27,11:00-12:00,CWL-1,Grinding,ST-4412 Dark Stone,PO-77102,Black Stone,219,208,4,3,,,
2026-09-27,12:00-13:00,CWL-1,Grinding,ST-4412 Dark Stone,PO-77102,Black Stone,251,243,4,3,,,
2026-09-27,13:00-14:00,CWL-1,Grinding,ST-4412 Dark Stone,PO-77102,Black Stone,223,227,3,5,,,
2026-09-27,14:00-15:00,CWL-1,Grinding,ST-4412 Dark Stone,PO-77102,Black Stone,267,253,3,3,,,
2026-09-27,15:00-16:00,CWL-1,Grinding,ST-4412 Dark Stone,PO-77102,Black Stone,246,227,2,1,,,
2026-09-27,16:00-17:00,CWL-1,Grinding,ST-2285 Dye Black,PO-99040,Jet Black,211,206,2,2,,,
2026-09-27,17:00-18:00,CWL-1,Grinding,ST-2285 Dye Black,PO-99040,Jet Black,241,232,7,2,,,
2026-09-27,18:00-19:00,CWL-1,Grinding,ST-2285 Dye Black,PO-99040,Jet Black,227,225,7,2,,,
2026-09-27,19:00-20:00,CWL-1,Grinding,ST-2285 Dye Black,PO-99040,Jet Black,36,35,1,1,45,Waiting for material,
2026-09-27,20:00-21:00,CWL-1,Grinding,ST-2285 Dye Black,PO-99040,Jet Black,232,228,5,2,,,
2026-09-27,21:00-22:00,CWL-1,Grinding,ST-2285 Dye Black,PO-99040,Jet Black,269,255,6,5,,,
2026-09-27,22:00-23:00,CWL-1,Grinding,ST-2285 Dye Black,PO-99040,Jet Black,237,218,3,2,,,
2026-09-27,23:00-00:00,CWL-1,Grinding,ST-2285 Dye Black,PO-99040,Jet Black,236,219,3,2,,,
2026-09-27,00:00-01:00,CWL-1,Grinding,ST-5133 Snow Acid,PO-88055,Snow White,204,198,5,3,,,
2026-09-27,01:00-02:00,CWL-1,Grinding,ST-5133 Snow Acid,PO-88055,Snow White,244,237,4,3,,,
2026-09-27,02:00-03:00,CWL-1,Grinding,ST-5133 Snow Acid,PO-88055,Snow White,208,211,4,2,,,
2026-09-27,03:00-04:00,CWL-1,Grinding,ST-5133 Snow Acid,PO-88055,Snow White,249,230,5,2,,,
2026-09-27,04:00-05:00,CWL-1,Grinding,ST-5133 Snow Acid,PO-88055,Snow White,225,217,6,3,,,
2026-09-27,05:00-06:00,CWL-1,Grinding,ST-5133 Snow Acid,PO-88055,Snow White,256,255,2,2,,,
2026-09-27,06:00-07:00,CWL-1,Grinding,ST-5133 Snow Acid,PO-88055,Snow White,263,252,7,4,,,
2026-09-27,07:00-08:00,CWL-1,Grinding,ST-5133 Snow Acid,PO-88055,Snow White,230,213,6,3,,,
2026-09-27,08:00-09:00,CWL-1,Destruction,ST-4412 Dark Stone,PO-77101,Dark Blue,65,61,0,1,15,Waiting for material,
2026-09-27,09:00-10:00,CWL-1,Destruction,ST-4412 Dark Stone,PO-77101,Dark Blue,197,192,4,2,,,
2026-09-27,10:00-11:00,CWL-1,Destruction,ST-4412 Dark Stone,PO-77101,Dark Blue,201,195,5,3,,,
2026-09-27,11:00-12:00,CWL-1,Destruction,ST-4412 Dark Stone,PO-77101,Dark Blue,198,187,4,1,,,
2026-09-27,12:00-13:00,CWL-1,Destruction,ST-4412 Dark Stone,PO-77101,Dark Blue,83,79,3,1,15,Other,
2026-09-27,13:00-14:00,CWL-1,Destruction,ST-4412 Dark Stone,PO-77101,Dark Blue,209,195,3,3,,,
2026-09-27,14:00-15:00,CWL-1,Destruction,ST-4412 Dark Stone,PO-77101,Dark Blue,165,156,3,1,,,
2026-09-27,15:00-16:00,CWL-1,Destruction,ST-4412 Dark Stone,PO-77101,Dark Blue,209,195,5,3,,,
2026-09-27,16:00-17:00,CWL-1,Destruction,ST-4412 Dark Stone,PO-77101,Dark Blue,152,144,3,1,,,
2026-09-27,17:00-18:00,CWL-1,Destruction,ST-4412 Dark Stone,PO-77101,Dark Blue,184,186,4,2,,,
2026-09-27,18:00-19:00,CWL-1,Destruction,ST-4412 Dark Stone,PO-77101,Dark Blue,85,78,2,2,15,Power / utility,
2026-09-27,19:00-20:00,CWL-1,Destruction,ST-4412 Dark Stone,PO-77101,Dark Blue,189,181,4,1,,,
2026-09-27,20:00-21:00,CWL-1,Destruction,ST-4412 Dark Stone,PO-77101,Dark Blue,172,175,5,2,,,
2026-09-27,21:00-22:00,CWL-1,Destruction,ST-4412 Dark Stone,PO-77101,Dark Blue,179,173,3,2,,,
2026-09-27,22:00-23:00,CWL-1,Destruction,ST-4412 Dark Stone,PO-77101,Dark Blue,169,161,4,2,,,
2026-09-27,23:00-00:00,CWL-1,Destruction,ST-4412 Dark Stone,PO-77101,Dark Blue,199,190,4,2,,,
2026-09-27,00:00-01:00,CWL-1,Destruction,ST-4412 Dark Stone,PO-77102,Black Stone,139,131,2,1,,,
2026-09-27,01:00-02:00,CWL-1,Destruction,ST-4412 Dark Stone,PO-77102,Black Stone,158,156,5,3,,,
2026-09-27,02:00-03:00,CWL-1,Destruction,ST-4412 Dark Stone,PO-77102,Black Stone,203,186,3,1,,,
2026-09-27,03:00-04:00,CWL-1,Destruction,ST-4412 Dark Stone,PO-77102,Black Stone,173,169,4,3,,,
2026-09-27,04:00-05:00,CWL-1,Destruction,ST-4412 Dark Stone,PO-77102,Black Stone,163,154,1,2,,,
2026-09-27,05:00-06:00,CWL-1,Destruction,ST-4412 Dark Stone,PO-77102,Black Stone,203,188,5,2,,,
2026-09-27,06:00-07:00,CWL-1,Destruction,ST-4412 Dark Stone,PO-77102,Black Stone,164,160,4,3,,,
2026-09-27,07:00-08:00,CWL-1,Destruction,ST-4412 Dark Stone,PO-77102,Black Stone,186,180,3,4,,,
2026-09-27,08:00-09:00,CWL-1,Cutting / Destroy,ST-4430 Mid Blue,PO-77210,Mid Blue,272,254,8,1,,,
2026-09-27,09:00-10:00,CWL-1,Cutting / Destroy,ST-4430 Mid Blue,PO-77210,Mid Blue,341,336,6,3,,,
2026-09-27,10:00-11:00,CWL-1,Cutting / Destroy,ST-4430 Mid Blue,PO-77210,Mid Blue,349,346,8,6,,,
2026-09-27,11:00-12:00,CWL-1,Cutting / Destroy,ST-4430 Mid Blue,PO-77210,Mid Blue,329,312,6,4,,,
2026-09-27,12:00-13:00,CWL-1,Cutting / Destroy,ST-4430 Mid Blue,PO-77210,Mid Blue,312,301,3,4,,,
2026-09-27,13:00-14:00,CWL-1,Cutting / Destroy,ST-4430 Mid Blue,PO-77210,Mid Blue,315,295,3,3,,,
2026-09-27,14:00-15:00,CWL-1,Cutting / Destroy,ST-4430 Mid Blue,PO-77210,Mid Blue,369,373,11,4,,,
2026-09-27,15:00-16:00,CWL-1,Cutting / Destroy,ST-4430 Mid Blue,PO-77210,Mid Blue,399,375,10,5,,,
2026-09-27,16:00-17:00,CWL-1,Cutting / Destroy,ST-2285 Dye Black,PO-99040,Jet Black,274,278,6,4,,,
2026-09-27,17:00-18:00,CWL-1,Cutting / Destroy,ST-2285 Dye Black,PO-99040,Jet Black,354,328,9,3,,,
2026-09-27,18:00-19:00,CWL-1,Cutting / Destroy,ST-2285 Dye Black,PO-99040,Jet Black,303,299,4,2,,,
2026-09-27,19:00-20:00,CWL-1,Cutting / Destroy,ST-2285 Dye Black,PO-99040,Jet Black,406,372,3,3,,,
2026-09-27,20:00-21:00,CWL-1,Cutting / Destroy,ST-2285 Dye Black,PO-99040,Jet Black,336,313,7,4,,,
2026-09-27,21:00-22:00,CWL-1,Cutting / Destroy,ST-2285 Dye Black,PO-99040,Jet Black,352,326,9,6,,,
2026-09-27,22:00-23:00,CWL-1,Cutting / Destroy,ST-2285 Dye Black,PO-99040,Jet Black,373,353,7,7,,,
2026-09-27,23:00-00:00,CWL-1,Cutting / Destroy,ST-2285 Dye Black,PO-99040,Jet Black,5,5,0,0,15,Waiting for input,
2026-09-27,00:00-01:00,CWL-1,Cutting / Destroy,ST-4475 Vintage Wash,PO-77305,Vintage Indigo,318,298,7,2,,,
2026-09-27,01:00-02:00,CWL-1,Cutting / Destroy,ST-4475 Vintage Wash,PO-77305,Vintage Indigo,394,359,8,5,,,
2026-09-27,02:00-03:00,CWL-1,Cutting / Destroy,ST-4475 Vintage Wash,PO-77305,Vintage Indigo,322,319,3,5,,,
2026-09-27,03:00-04:00,CWL-1,Cutting / Destroy,ST-4475 Vintage Wash,PO-77305,Vintage Indigo,318,311,9,2,,,
2026-09-27,04:00-05:00,CWL-1,Cutting / Destroy,ST-4475 Vintage Wash,PO-77305,Vintage Indigo,403,386,6,6,,,
2026-09-27,05:00-06:00,CWL-1,Cutting / Destroy,ST-4475 Vintage Wash,PO-77305,Vintage Indigo,388,367,4,2,,,
2026-09-27,06:00-07:00,CWL-1,Cutting / Destroy,ST-4475 Vintage Wash,PO-77305,Vintage Indigo,313,307,8,2,,,
2026-09-27,07:00-08:00,CWL-1,Cutting / Destroy,ST-4475 Vintage Wash,PO-77305,Vintage Indigo,331,327,5,4,,,
2026-09-27,08:00-09:00,CWL-1,Air Blowing,ST-4412 Dark Stone,PO-77102,Black Stone,339,342,5,3,,,
2026-09-27,09:00-10:00,CWL-1,Air Blowing,ST-4412 Dark Stone,PO-77102,Black Stone,395,365,9,6,,,
2026-09-27,10:00-11:00,CWL-1,Air Blowing,ST-4412 Dark Stone,PO-77102,Black Stone,445,414,12,3,,,
2026-09-27,11:00-12:00,CWL-1,Air Blowing,ST-4412 Dark Stone,PO-77102,Black Stone,444,435,11,5,,,
2026-09-27,12:00-13:00,CWL-1,Air Blowing,ST-4412 Dark Stone,PO-77102,Black Stone,416,413,6,5,,,
2026-09-27,13:00-14:00,CWL-1,Air Blowing,ST-4412 Dark Stone,PO-77102,Black Stone,393,363,8,7,,,
2026-09-27,14:00-15:00,CWL-1,Air Blowing,ST-4412 Dark Stone,PO-77102,Black Stone,380,358,4,6,,,
2026-09-27,15:00-16:00,CWL-1,Air Blowing,ST-4412 Dark Stone,PO-77102,Black Stone,374,380,5,6,,,
2026-09-27,16:00-17:00,CWL-1,Air Blowing,ST-3307 Twill Rinse,PO-66120,Khaki,388,360,8,5,,,
2026-09-27,17:00-18:00,CWL-1,Air Blowing,ST-3307 Twill Rinse,PO-66120,Khaki,450,442,6,3,,,
2026-09-27,18:00-19:00,CWL-1,Air Blowing,ST-3307 Twill Rinse,PO-66120,Khaki,416,418,7,3,,,
2026-09-27,19:00-20:00,CWL-1,Air Blowing,ST-3307 Twill Rinse,PO-66120,Khaki,423,406,4,5,,,
2026-09-27,20:00-21:00,CWL-1,Air Blowing,ST-3307 Twill Rinse,PO-66120,Khaki,394,365,7,5,,,
2026-09-27,21:00-22:00,CWL-1,Air Blowing,ST-3307 Twill Rinse,PO-66120,Khaki,435,425,13,4,,,
2026-09-27,22:00-23:00,CWL-1,Air Blowing,ST-3307 Twill Rinse,PO-66120,Khaki,438,439,4,5,,,
2026-09-27,23:00-00:00,CWL-1,Air Blowing,ST-3307 Twill Rinse,PO-66120,Khaki,383,365,8,5,,,
2026-09-27,00:00-01:00,CWL-1,Air Blowing,ST-4412 Dark Stone,PO-77102,Black Stone,337,322,3,3,,,
2026-09-27,01:00-02:00,CWL-1,Air Blowing,ST-4412 Dark Stone,PO-77102,Black Stone,370,368,6,7,,,
2026-09-27,02:00-03:00,CWL-1,Air Blowing,ST-4412 Dark Stone,PO-77102,Black Stone,404,409,9,5,,,
2026-09-27,03:00-04:00,CWL-1,Air Blowing,ST-4412 Dark Stone,PO-77102,Black Stone,392,377,4,5,,,
2026-09-27,04:00-05:00,CWL-1,Air Blowing,ST-4412 Dark Stone,PO-77102,Black Stone,376,348,10,5,,,
2026-09-27,05:00-06:00,CWL-1,Air Blowing,ST-4412 Dark Stone,PO-77102,Black Stone,414,388,8,7,,,
2026-09-27,06:00-07:00,CWL-1,Air Blowing,ST-4412 Dark Stone,PO-77102,Black Stone,395,360,8,6,,,
2026-09-27,07:00-08:00,CWL-1,Air Blowing,ST-4412 Dark Stone,PO-77102,Black Stone,345,347,7,6,,,
2026-09-27,08:00-09:00,CWL-1,PP Spray (Front & Back),ST-4412 Dark Stone,PO-77101,Dark Blue,728,725,11,7,,,
2026-09-27,09:00-10:00,CWL-1,PP Spray (Front & Back),ST-4412 Dark Stone,PO-77101,Dark Blue,261,262,5,4,15,Changeover / setup,
2026-09-27,10:00-11:00,CWL-1,PP Spray (Front & Back),ST-4412 Dark Stone,PO-77101,Dark Blue,1013,957,8,14,,,
2026-09-27,11:00-12:00,CWL-1,PP Spray (Front & Back),ST-4412 Dark Stone,PO-77101,Dark Blue,890,829,16,6,,,
2026-09-27,12:00-13:00,CWL-1,PP Spray (Front & Back),ST-4412 Dark Stone,PO-77101,Dark Blue,925,903,20,10,,,
2026-09-27,13:00-14:00,CWL-1,PP Spray (Front & Back),ST-4412 Dark Stone,PO-77101,Dark Blue,980,975,29,7,,,
2026-09-27,14:00-15:00,CWL-1,PP Spray (Front & Back),ST-4412 Dark Stone,PO-77101,Dark Blue,900,897,20,14,,,
2026-09-27,15:00-16:00,CWL-1,PP Spray (Front & Back),ST-4412 Dark Stone,PO-77101,Dark Blue,909,924,26,5,,,
2026-09-27,16:00-17:00,CWL-1,PP Spray (Front & Back),ST-4412 Dark Stone,PO-77102,Black Stone,833,826,22,7,,,
2026-09-27,17:00-18:00,CWL-1,PP Spray (Front & Back),ST-4412 Dark Stone,PO-77102,Black Stone,868,820,16,6,,,
2026-09-27,18:00-19:00,CWL-1,PP Spray (Front & Back),ST-4412 Dark Stone,PO-77102,Black Stone,886,859,12,12,,,
2026-09-27,19:00-20:00,CWL-1,PP Spray (Front & Back),ST-4412 Dark Stone,PO-77102,Black Stone,824,818,15,15,,,
2026-09-27,20:00-21:00,CWL-1,PP Spray (Front & Back),ST-4412 Dark Stone,PO-77102,Black Stone,850,858,8,11,,,
2026-09-27,21:00-22:00,CWL-1,PP Spray (Front & Back),ST-4412 Dark Stone,PO-77102,Black Stone,938,944,24,12,,,
2026-09-27,22:00-23:00,CWL-1,PP Spray (Front & Back),ST-4412 Dark Stone,PO-77102,Black Stone,323,312,3,5,45,Machine breakdown,
2026-09-27,23:00-00:00,CWL-1,PP Spray (Front & Back),ST-4412 Dark Stone,PO-77102,Black Stone,861,812,19,14,,,
2026-09-27,00:00-01:00,CWL-1,PP Spray (Front & Back),ST-3307 Twill Rinse,PO-66120,Khaki,721,735,8,10,,,
2026-09-27,01:00-02:00,CWL-1,PP Spray (Front & Back),ST-3307 Twill Rinse,PO-66120,Khaki,850,830,8,4,,,
2026-09-27,02:00-03:00,CWL-1,PP Spray (Front & Back),ST-3307 Twill Rinse,PO-66120,Khaki,877,859,19,15,,,
2026-09-27,03:00-04:00,CWL-1,PP Spray (Front & Back),ST-3307 Twill Rinse,PO-66120,Khaki,997,951,14,12,,,
2026-09-27,04:00-05:00,CWL-1,PP Spray (Front & Back),ST-3307 Twill Rinse,PO-66120,Khaki,798,814,24,10,,,
2026-09-27,05:00-06:00,CWL-1,PP Spray (Front & Back),ST-3307 Twill Rinse,PO-66120,Khaki,1029,982,15,13,,,
2026-09-27,06:00-07:00,CWL-1,PP Spray (Front & Back),ST-3307 Twill Rinse,PO-66120,Khaki,986,903,22,14,,,
2026-09-27,07:00-08:00,CWL-1,PP Spray (Front & Back),ST-3307 Twill Rinse,PO-66120,Khaki,940,909,11,10,,,
2026-09-27,08:00-09:00,CWL-1,Allover PP Spray,ST-4412 Dark Stone,PO-77102,Black Stone,319,300,8,6,,,
2026-09-27,09:00-10:00,CWL-1,Allover PP Spray,ST-4412 Dark Stone,PO-77102,Black Stone,352,333,10,6,,,
2026-09-27,10:00-11:00,CWL-1,Allover PP Spray,ST-4412 Dark Stone,PO-77102,Black Stone,335,328,7,5,,,
2026-09-27,11:00-12:00,CWL-1,Allover PP Spray,ST-4412 Dark Stone,PO-77102,Black Stone,345,323,5,3,,,
2026-09-27,12:00-13:00,CWL-1,Allover PP Spray,ST-4412 Dark Stone,PO-77102,Black Stone,343,336,7,5,,,
2026-09-27,13:00-14:00,CWL-1,Allover PP Spray,ST-4412 Dark Stone,PO-77102,Black Stone,362,335,7,4,,,
2026-09-27,14:00-15:00,CWL-1,Allover PP Spray,ST-4412 Dark Stone,PO-77102,Black Stone,353,333,8,5,,,
2026-09-27,15:00-16:00,CWL-1,Allover PP Spray,ST-4412 Dark Stone,PO-77102,Black Stone,330,331,9,3,,,
2026-09-27,16:00-17:00,CWL-1,Allover PP Spray,ST-4430 Mid Blue,PO-77211,Light Blue,299,276,7,2,,,
2026-09-27,17:00-18:00,CWL-1,Allover PP Spray,ST-4430 Mid Blue,PO-77211,Light Blue,363,366,8,7,,,
2026-09-27,18:00-19:00,CWL-1,Allover PP Spray,ST-4430 Mid Blue,PO-77211,Light Blue,278,279,7,6,,,
2026-09-27,19:00-20:00,CWL-1,Allover PP Spray,ST-4430 Mid Blue,PO-77211,Light Blue,318,307,8,4,,,
2026-09-27,20:00-21:00,CWL-1,Allover PP Spray,ST-4430 Mid Blue,PO-77211,Light Blue,348,325,3,1,,,
2026-09-27,21:00-22:00,CWL-1,Allover PP Spray,ST-4430 Mid Blue,PO-77211,Light Blue,319,317,6,5,,,
2026-09-27,22:00-23:00,CWL-1,Allover PP Spray,ST-4430 Mid Blue,PO-77211,Light Blue,344,316,3,5,,,
2026-09-27,23:00-00:00,CWL-1,Allover PP Spray,ST-4430 Mid Blue,PO-77211,Light Blue,292,280,8,4,,,
2026-09-27,00:00-01:00,CWL-1,Allover PP Spray,ST-4430 Mid Blue,PO-77211,Light Blue,301,288,6,5,,,
2026-09-27,01:00-02:00,CWL-1,Allover PP Spray,ST-4430 Mid Blue,PO-77211,Light Blue,350,330,5,3,,,
2026-09-27,02:00-03:00,CWL-1,Allover PP Spray,ST-4430 Mid Blue,PO-77211,Light Blue,362,338,10,4,,,
2026-09-27,03:00-04:00,CWL-1,Allover PP Spray,ST-4430 Mid Blue,PO-77211,Light Blue,115,115,3,1,45,Operator shortage,
2026-09-27,04:00-05:00,CWL-1,Allover PP Spray,ST-4430 Mid Blue,PO-77211,Light Blue,374,358,5,6,,,
2026-09-27,05:00-06:00,CWL-1,Allover PP Spray,ST-4430 Mid Blue,PO-77211,Light Blue,312,312,5,6,,,
2026-09-27,06:00-07:00,CWL-1,Allover PP Spray,ST-4430 Mid Blue,PO-77211,Light Blue,54,51,1,0,15,Power / utility,
2026-09-27,07:00-08:00,CWL-1,Allover PP Spray,ST-4430 Mid Blue,PO-77211,Light Blue,298,296,7,4,,,
2026-09-27,08:00-09:00,CWL-1,PP Rubbing,ST-2285 Dye Black,PO-99040,Jet Black,174,161,3,3,,,
2026-09-27,09:00-10:00,CWL-1,PP Rubbing,ST-2285 Dye Black,PO-99040,Jet Black,210,210,6,3,,,
2026-09-27,10:00-11:00,CWL-1,PP Rubbing,ST-2285 Dye Black,PO-99040,Jet Black,195,189,3,2,,,
2026-09-27,11:00-12:00,CWL-1,PP Rubbing,ST-2285 Dye Black,PO-99040,Jet Black,193,182,5,2,,,
2026-09-27,12:00-13:00,CWL-1,PP Rubbing,ST-2285 Dye Black,PO-99040,Jet Black,170,164,2,1,,,
2026-09-27,13:00-14:00,CWL-1,PP Rubbing,ST-2285 Dye Black,PO-99040,Jet Black,209,191,3,1,,,
2026-09-27,14:00-15:00,CWL-1,PP Rubbing,ST-2285 Dye Black,PO-99040,Jet Black,185,182,3,3,,,
2026-09-27,15:00-16:00,CWL-1,PP Rubbing,ST-2285 Dye Black,PO-99040,Jet Black,218,211,5,3,,,
2026-09-27,16:00-17:00,CWL-1,PP Rubbing,ST-4430 Mid Blue,PO-77210,Mid Blue,180,164,4,3,,,
2026-09-27,17:00-18:00,CWL-1,PP Rubbing,ST-4430 Mid Blue,PO-77210,Mid Blue,188,174,4,3,,,
2026-09-27,18:00-19:00,CWL-1,PP Rubbing,ST-4430 Mid Blue,PO-77210,Mid Blue,176,166,3,1,,,
2026-09-27,19:00-20:00,CWL-1,PP Rubbing,ST-4430 Mid Blue,PO-77210,Mid Blue,176,167,5,2,,,
2026-09-27,20:00-21:00,CWL-1,PP Rubbing,ST-4430 Mid Blue,PO-77210,Mid Blue,211,211,4,4,,,
2026-09-27,21:00-22:00,CWL-1,PP Rubbing,ST-4430 Mid Blue,PO-77210,Mid Blue,171,170,4,3,,,
2026-09-27,22:00-23:00,CWL-1,PP Rubbing,ST-4430 Mid Blue,PO-77210,Mid Blue,175,167,3,2,,,
2026-09-27,23:00-00:00,CWL-1,PP Rubbing,ST-4430 Mid Blue,PO-77210,Mid Blue,206,189,2,2,,,
2026-09-27,00:00-01:00,CWL-1,PP Rubbing,ST-2285 Dye Black,PO-99040,Jet Black,174,166,2,1,,,
2026-09-27,01:00-02:00,CWL-1,PP Rubbing,ST-2285 Dye Black,PO-99040,Jet Black,178,173,2,1,,,
2026-09-27,02:00-03:00,CWL-1,PP Rubbing,ST-2285 Dye Black,PO-99040,Jet Black,186,180,6,4,,,
2026-09-27,03:00-04:00,CWL-1,PP Rubbing,ST-2285 Dye Black,PO-99040,Jet Black,234,213,3,4,,,
2026-09-27,04:00-05:00,CWL-1,PP Rubbing,ST-2285 Dye Black,PO-99040,Jet Black,174,176,5,3,,,
2026-09-27,05:00-06:00,CWL-1,PP Rubbing,ST-2285 Dye Black,PO-99040,Jet Black,184,174,2,2,,,
2026-09-27,06:00-07:00,CWL-1,PP Rubbing,ST-2285 Dye Black,PO-99040,Jet Black,233,214,5,2,,,
2026-09-27,07:00-08:00,CWL-1,PP Rubbing,ST-2285 Dye Black,PO-99040,Jet Black,179,170,6,2,,,
2026-09-27,08:00-09:00,CWL-1,Machine 3D,ST-5133 Snow Acid,PO-88055,Snow White,237,226,5,2,,,
2026-09-27,09:00-10:00,CWL-1,Machine 3D,ST-5133 Snow Acid,PO-88055,Snow White,280,273,8,4,,,
2026-09-27,10:00-11:00,CWL-1,Machine 3D,ST-5133 Snow Acid,PO-88055,Snow White,258,253,5,2,,,
2026-09-27,11:00-12:00,CWL-1,Machine 3D,ST-5133 Snow Acid,PO-88055,Snow White,304,287,6,5,,,
2026-09-27,12:00-13:00,CWL-1,Machine 3D,ST-5133 Snow Acid,PO-88055,Snow White,321,304,8,5,,,
2026-09-27,13:00-14:00,CWL-1,Machine 3D,ST-5133 Snow Acid,PO-88055,Snow White,271,262,4,3,,,
2026-09-27,14:00-15:00,CWL-1,Machine 3D,ST-5133 Snow Acid,PO-88055,Snow White,325,304,7,5,,,
2026-09-27,15:00-16:00,CWL-1,Machine 3D,ST-5133 Snow Acid,PO-88055,Snow White,267,252,6,3,,,
2026-09-27,16:00-17:00,CWL-1,Machine 3D,ST-4475 Vintage Wash,PO-77305,Vintage Indigo,247,247,7,4,,,
2026-09-27,17:00-18:00,CWL-1,Machine 3D,ST-4475 Vintage Wash,PO-77305,Vintage Indigo,291,296,4,4,,,
2026-09-27,18:00-19:00,CWL-1,Machine 3D,ST-4475 Vintage Wash,PO-77305,Vintage Indigo,283,262,4,2,,,
2026-09-27,19:00-20:00,CWL-1,Machine 3D,ST-4475 Vintage Wash,PO-77305,Vintage Indigo,264,251,4,1,,,
2026-09-27,20:00-21:00,CWL-1,Machine 3D,ST-4475 Vintage Wash,PO-77305,Vintage Indigo,131,120,3,1,15,Waiting for input,
2026-09-27,21:00-22:00,CWL-1,Machine 3D,ST-4475 Vintage Wash,PO-77305,Vintage Indigo,341,320,7,5,,,
2026-09-27,22:00-23:00,CWL-1,Machine 3D,ST-4475 Vintage Wash,PO-77305,Vintage Indigo,276,259,6,4,,,
2026-09-27,23:00-00:00,CWL-1,Machine 3D,ST-4475 Vintage Wash,PO-77305,Vintage Indigo,258,250,3,4,,,
2026-09-27,00:00-01:00,CWL-1,Machine 3D,ST-4412 Dark Stone,PO-77101,Dark Blue,260,259,4,3,,,
2026-09-27,01:00-02:00,CWL-1,Machine 3D,ST-4412 Dark Stone,PO-77101,Dark Blue,274,267,8,2,,,
2026-09-27,02:00-03:00,CWL-1,Machine 3D,ST-4412 Dark Stone,PO-77101,Dark Blue,281,274,3,2,,,
2026-09-27,03:00-04:00,CWL-1,Machine 3D,ST-4412 Dark Stone,PO-77101,Dark Blue,312,317,4,5,,,
2026-09-27,04:00-05:00,CWL-1,Machine 3D,ST-4412 Dark Stone,PO-77101,Dark Blue,308,310,5,4,,,
2026-09-27,05:00-06:00,CWL-1,Machine 3D,ST-4412 Dark Stone,PO-77101,Dark Blue,337,316,3,4,,,
2026-09-27,06:00-07:00,CWL-1,Machine 3D,ST-4412 Dark Stone,PO-77101,Dark Blue,279,267,5,4,,,
2026-09-27,07:00-08:00,CWL-1,Machine 3D,ST-4412 Dark Stone,PO-77101,Dark Blue,328,318,9,4,,,
2026-09-27,08:00-09:00,CWL-1,Iron 3D,ST-5120 Acid Blast,PO-88010,Acid Black,93,92,3,1,15,Quality hold,
2026-09-27,09:00-10:00,CWL-1,Iron 3D,ST-5120 Acid Blast,PO-88010,Acid Black,257,255,5,1,,,
2026-09-27,10:00-11:00,CWL-1,Iron 3D,ST-5120 Acid Blast,PO-88010,Acid Black,257,253,4,2,,,
2026-09-27,11:00-12:00,CWL-1,Iron 3D,ST-5120 Acid Blast,PO-88010,Acid Black,277,264,3,5,,,
2026-09-27,12:00-13:00,CWL-1,Iron 3D,ST-5120 Acid Blast,PO-88010,Acid Black,288,283,2,2,,,
2026-09-27,13:00-14:00,CWL-1,Iron 3D,ST-5120 Acid Blast,PO-88010,Acid Black,236,237,5,3,,,
2026-09-27,14:00-15:00,CWL-1,Iron 3D,ST-5120 Acid Blast,PO-88010,Acid Black,281,285,9,4,,,
2026-09-27,15:00-16:00,CWL-1,Iron 3D,ST-5120 Acid Blast,PO-88010,Acid Black,296,299,6,5,,,
2026-09-27,16:00-17:00,CWL-1,Iron 3D,ST-4430 Mid Blue,PO-77210,Mid Blue,199,203,5,3,,,
2026-09-27,17:00-18:00,CWL-1,Iron 3D,ST-4430 Mid Blue,PO-77210,Mid Blue,263,240,2,4,,,
2026-09-27,18:00-19:00,CWL-1,Iron 3D,ST-4430 Mid Blue,PO-77210,Mid Blue,294,272,3,4,,,
2026-09-27,19:00-20:00,CWL-1,Iron 3D,ST-4430 Mid Blue,PO-77210,Mid Blue,255,250,4,1,,,
2026-09-27,20:00-21:00,CWL-1,Iron 3D,ST-4430 Mid Blue,PO-77210,Mid Blue,304,288,6,5,,,
2026-09-27,21:00-22:00,CWL-1,Iron 3D,ST-4430 Mid Blue,PO-77210,Mid Blue,318,290,3,3,,,
2026-09-27,22:00-23:00,CWL-1,Iron 3D,ST-4430 Mid Blue,PO-77210,Mid Blue,252,256,3,4,,,
2026-09-27,23:00-00:00,CWL-1,Iron 3D,ST-4430 Mid Blue,PO-77210,Mid Blue,284,260,7,1,,,
2026-09-27,00:00-01:00,CWL-1,Iron 3D,ST-5133 Snow Acid,PO-88055,Snow White,229,214,3,3,,,
2026-09-27,01:00-02:00,CWL-1,Iron 3D,ST-5133 Snow Acid,PO-88055,Snow White,266,252,3,2,,,
2026-09-27,02:00-03:00,CWL-1,Iron 3D,ST-5133 Snow Acid,PO-88055,Snow White,303,288,8,5,,,
2026-09-27,03:00-04:00,CWL-1,Iron 3D,ST-5133 Snow Acid,PO-88055,Snow White,297,280,8,3,,,
2026-09-27,04:00-05:00,CWL-1,Iron 3D,ST-5133 Snow Acid,PO-88055,Snow White,244,239,5,1,,,
2026-09-27,05:00-06:00,CWL-1,Iron 3D,ST-5133 Snow Acid,PO-88055,Snow White,259,258,4,4,,,
2026-09-27,06:00-07:00,CWL-1,Iron 3D,ST-5133 Snow Acid,PO-88055,Snow White,315,297,5,2,,,
2026-09-27,07:00-08:00,CWL-1,Iron 3D,ST-5133 Snow Acid,PO-88055,Snow White,260,255,5,4,,,
2026-09-28,08:00-09:00,CWL-1,Laser Whisker,ST-3307 Twill Rinse,PO-66120,Khaki,30,28,1,0,,,
2026-09-28,09:00-10:00,CWL-1,Laser Whisker,ST-3307 Twill Rinse,PO-66120,Khaki,33,31,0,0,,,
2026-09-28,10:00-11:00,CWL-1,Laser Whisker,ST-3307 Twill Rinse,PO-66120,Khaki,28,27,1,1,,,
2026-09-28,11:00-12:00,CWL-1,Laser Whisker,ST-3307 Twill Rinse,PO-66120,Khaki,27,27,1,0,,,
2026-09-28,12:00-13:00,CWL-1,Laser Whisker,ST-3307 Twill Rinse,PO-66120,Khaki,33,32,1,1,,,
2026-09-28,13:00-14:00,CWL-1,Laser Whisker,ST-3307 Twill Rinse,PO-66120,Khaki,34,34,0,0,,,
2026-09-28,14:00-15:00,CWL-1,Laser Whisker,ST-3307 Twill Rinse,PO-66120,Khaki,35,33,1,1,,,
2026-09-28,15:00-16:00,CWL-1,Laser Whisker,ST-3307 Twill Rinse,PO-66120,Khaki,32,31,1,0,,,
2026-09-28,16:00-17:00,CWL-1,Laser Whisker,ST-4412 Dark Stone,PO-77101,Dark Blue,29,28,1,0,,,
2026-09-28,17:00-18:00,CWL-1,Laser Whisker,ST-4412 Dark Stone,PO-77101,Dark Blue,35,34,1,0,,,
2026-09-28,18:00-19:00,CWL-1,Laser Whisker,ST-4412 Dark Stone,PO-77101,Dark Blue,28,28,0,0,,,
2026-09-28,19:00-20:00,CWL-1,Laser Whisker,ST-4412 Dark Stone,PO-77101,Dark Blue,35,33,1,0,,,
2026-09-28,20:00-21:00,CWL-1,Laser Whisker,ST-4412 Dark Stone,PO-77101,Dark Blue,28,27,0,0,,,
2026-09-28,21:00-22:00,CWL-1,Laser Whisker,ST-4412 Dark Stone,PO-77101,Dark Blue,34,34,1,0,,,
2026-09-28,22:00-23:00,CWL-1,Laser Whisker,ST-4412 Dark Stone,PO-77101,Dark Blue,32,32,0,1,,,
2026-09-28,23:00-00:00,CWL-1,Laser Whisker,ST-4412 Dark Stone,PO-77101,Dark Blue,34,31,0,0,,,
2026-09-28,00:00-01:00,CWL-1,Laser Whisker,ST-4430 Mid Blue,PO-77210,Mid Blue,25,25,0,1,,,
2026-09-28,01:00-02:00,CWL-1,Laser Whisker,ST-4430 Mid Blue,PO-77210,Mid Blue,30,30,0,0,,,
2026-09-28,02:00-03:00,CWL-1,Laser Whisker,ST-4430 Mid Blue,PO-77210,Mid Blue,31,30,1,0,,,
2026-09-28,03:00-04:00,CWL-1,Laser Whisker,ST-4430 Mid Blue,PO-77210,Mid Blue,36,35,0,0,,,
2026-09-28,04:00-05:00,CWL-1,Laser Whisker,ST-4430 Mid Blue,PO-77210,Mid Blue,33,33,0,0,,,
2026-09-28,05:00-06:00,CWL-1,Laser Whisker,ST-4430 Mid Blue,PO-77210,Mid Blue,34,34,1,1,,,
2026-09-28,06:00-07:00,CWL-1,Laser Whisker,ST-4430 Mid Blue,PO-77210,Mid Blue,31,31,1,0,,,
2026-09-28,07:00-08:00,CWL-1,Laser Whisker,ST-4430 Mid Blue,PO-77210,Mid Blue,34,34,1,0,,,
2026-09-28,08:00-09:00,CWL-1,Laser Mark Destroy,ST-4412 Dark Stone,PO-77102,Black Stone,82,77,2,1,,,
2026-09-28,09:00-10:00,CWL-1,Laser Mark Destroy,ST-4412 Dark Stone,PO-77102,Black Stone,94,89,2,1,,,
2026-09-28,10:00-11:00,CWL-1,Laser Mark Destroy,ST-4412 Dark Stone,PO-77102,Black Stone,85,85,2,1,,,
2026-09-28,11:00-12:00,CWL-1,Laser Mark Destroy,ST-4412 Dark Stone,PO-77102,Black Stone,88,86,0,1,,,
2026-09-28,12:00-13:00,CWL-1,Laser Mark Destroy,ST-4412 Dark Stone,PO-77102,Black Stone,105,100,2,1,,,
2026-09-28,13:00-14:00,CWL-1,Laser Mark Destroy,ST-4412 Dark Stone,PO-77102,Black Stone,85,82,1,1,,,
2026-09-28,14:00-15:00,CWL-1,Laser Mark Destroy,ST-4412 Dark Stone,PO-77102,Black Stone,91,86,1,2,,,
2026-09-28,15:00-16:00,CWL-1,Laser Mark Destroy,ST-4412 Dark Stone,PO-77102,Black Stone,102,100,2,1,,,
2026-09-28,16:00-17:00,CWL-1,Laser Mark Destroy,ST-2285 Dye Black,PO-99040,Jet Black,87,86,2,2,,,
2026-09-28,17:00-18:00,CWL-1,Laser Mark Destroy,ST-2285 Dye Black,PO-99040,Jet Black,97,93,1,0,,,
2026-09-28,18:00-19:00,CWL-1,Laser Mark Destroy,ST-2285 Dye Black,PO-99040,Jet Black,90,90,2,1,,,
2026-09-28,19:00-20:00,CWL-1,Laser Mark Destroy,ST-2285 Dye Black,PO-99040,Jet Black,88,81,2,2,,,
2026-09-28,20:00-21:00,CWL-1,Laser Mark Destroy,ST-2285 Dye Black,PO-99040,Jet Black,91,87,2,1,,,
2026-09-28,21:00-22:00,CWL-1,Laser Mark Destroy,ST-2285 Dye Black,PO-99040,Jet Black,39,37,1,0,45,Machine breakdown,
2026-09-28,22:00-23:00,CWL-1,Laser Mark Destroy,ST-2285 Dye Black,PO-99040,Jet Black,107,101,1,2,,,
2026-09-28,23:00-00:00,CWL-1,Laser Mark Destroy,ST-2285 Dye Black,PO-99040,Jet Black,90,91,2,1,,,
2026-09-28,00:00-01:00,CWL-1,Laser Mark Destroy,ST-4412 Dark Stone,PO-77102,Black Stone,85,81,2,2,,,
2026-09-28,01:00-02:00,CWL-1,Laser Mark Destroy,ST-4412 Dark Stone,PO-77102,Black Stone,88,80,1,2,,,
2026-09-28,02:00-03:00,CWL-1,Laser Mark Destroy,ST-4412 Dark Stone,PO-77102,Black Stone,107,103,2,1,,,
2026-09-28,03:00-04:00,CWL-1,Laser Mark Destroy,ST-4412 Dark Stone,PO-77102,Black Stone,88,86,2,2,,,
2026-09-28,04:00-05:00,CWL-1,Laser Mark Destroy,ST-4412 Dark Stone,PO-77102,Black Stone,84,84,2,1,,,
2026-09-28,05:00-06:00,CWL-1,Laser Mark Destroy,ST-4412 Dark Stone,PO-77102,Black Stone,85,85,1,1,,,
2026-09-28,06:00-07:00,CWL-1,Laser Mark Destroy,ST-4412 Dark Stone,PO-77102,Black Stone,89,83,1,1,,,
2026-09-28,07:00-08:00,CWL-1,Laser Mark Destroy,ST-4412 Dark Stone,PO-77102,Black Stone,83,85,2,1,,,
2026-09-28,08:00-09:00,CWL-1,Pattern Whisker,ST-5120 Acid Blast,PO-88010,Acid Black,1095,1056,15,20,,,
2026-09-28,09:00-10:00,CWL-1,Pattern Whisker,ST-5120 Acid Blast,PO-88010,Acid Black,1334,1248,32,15,,,
2026-09-28,10:00-11:00,CWL-1,Pattern Whisker,ST-5120 Acid Blast,PO-88010,Acid Black,1321,1301,19,18,,,
2026-09-28,11:00-12:00,CWL-1,Pattern Whisker,ST-5120 Acid Blast,PO-88010,Acid Black,1467,1349,29,23,,,
2026-09-28,12:00-13:00,CWL-1,Pattern Whisker,ST-5120 Acid Blast,PO-88010,Acid Black,1124,1074,14,15,,,
2026-09-28,13:00-14:00,CWL-1,Pattern Whisker,ST-5120 Acid Blast,PO-88010,Acid Black,1089,1061,27,18,,,
2026-09-28,14:00-15:00,CWL-1,Pattern Whisker,ST-5120 Acid Blast,PO-88010,Acid Black,1362,1323,25,19,,,
2026-09-28,15:00-16:00,CWL-1,Pattern Whisker,ST-5120 Acid Blast,PO-88010,Acid Black,1277,1272,16,12,,,
2026-09-28,16:00-17:00,CWL-1,Pattern Whisker,ST-3307 Twill Rinse,PO-66120,Khaki,1246,1162,13,11,,,
2026-09-28,17:00-18:00,CWL-1,Pattern Whisker,ST-3307 Twill Rinse,PO-66120,Khaki,1216,1220,35,24,,,
2026-09-28,18:00-19:00,CWL-1,Pattern Whisker,ST-3307 Twill Rinse,PO-66120,Khaki,1230,1222,20,6,,,
2026-09-28,19:00-20:00,CWL-1,Pattern Whisker,ST-3307 Twill Rinse,PO-66120,Khaki,1271,1211,27,16,,,
2026-09-28,20:00-21:00,CWL-1,Pattern Whisker,ST-3307 Twill Rinse,PO-66120,Khaki,1145,1058,31,17,,,
2026-09-28,21:00-22:00,CWL-1,Pattern Whisker,ST-3307 Twill Rinse,PO-66120,Khaki,1257,1196,20,12,,,
2026-09-28,22:00-23:00,CWL-1,Pattern Whisker,ST-3307 Twill Rinse,PO-66120,Khaki,1276,1258,28,14,,,
2026-09-28,23:00-00:00,CWL-1,Pattern Whisker,ST-3307 Twill Rinse,PO-66120,Khaki,1376,1353,37,22,,,
2026-09-28,00:00-01:00,CWL-1,Pattern Whisker,ST-5120 Acid Blast,PO-88010,Acid Black,948,915,14,16,,,
2026-09-28,01:00-02:00,CWL-1,Pattern Whisker,ST-5120 Acid Blast,PO-88010,Acid Black,1233,1238,16,20,,,
2026-09-28,02:00-03:00,CWL-1,Pattern Whisker,ST-5120 Acid Blast,PO-88010,Acid Black,1297,1228,29,9,,,
2026-09-28,03:00-04:00,CWL-1,Pattern Whisker,ST-5120 Acid Blast,PO-88010,Acid Black,1298,1230,19,13,,,
2026-09-28,04:00-05:00,CWL-1,Pattern Whisker,ST-5120 Acid Blast,PO-88010,Acid Black,1451,1356,30,11,,,
2026-09-28,05:00-06:00,CWL-1,Pattern Whisker,ST-5120 Acid Blast,PO-88010,Acid Black,1236,1234,17,15,,,
2026-09-28,06:00-07:00,CWL-1,Pattern Whisker,ST-5120 Acid Blast,PO-88010,Acid Black,1140,1106,13,11,,,
2026-09-28,07:00-08:00,CWL-1,Pattern Whisker,ST-5120 Acid Blast,PO-88010,Acid Black,1101,1045,21,14,,,
2026-09-28,08:00-09:00,CWL-1,Hand Sand (Front & Back),ST-5133 Snow Acid,PO-88055,Snow White,479,467,11,3,,,
2026-09-28,09:00-10:00,CWL-1,Hand Sand (Front & Back),ST-5133 Snow Acid,PO-88055,Snow White,560,524,12,4,,,
2026-09-28,10:00-11:00,CWL-1,Hand Sand (Front & Back),ST-5133 Snow Acid,PO-88055,Snow White,641,623,10,11,,,
2026-09-28,11:00-12:00,CWL-1,Hand Sand (Front & Back),ST-5133 Snow Acid,PO-88055,Snow White,90,82,2,1,15,Operator shortage,
2026-09-28,12:00-13:00,CWL-1,Hand Sand (Front & Back),ST-5133 Snow Acid,PO-88055,Snow White,557,565,13,7,,,
2026-09-28,13:00-14:00,CWL-1,Hand Sand (Front & Back),ST-5133 Snow Acid,PO-88055,Snow White,710,653,6,9,,,
2026-09-28,14:00-15:00,CWL-1,Hand Sand (Front & Back),ST-5133 Snow Acid,PO-88055,Snow White,643,643,10,7,,,
2026-09-28,15:00-16:00,CWL-1,Hand Sand (Front & Back),ST-5133 Snow Acid,PO-88055,Snow White,534,530,12,11,,,
2026-09-28,16:00-17:00,CWL-1,Hand Sand (Front & Back),ST-3307 Twill Rinse,PO-66120,Khaki,560,512,14,6,,,
2026-09-28,17:00-18:00,CWL-1,Hand Sand (Front & Back),ST-3307 Twill Rinse,PO-66120,Khaki,677,630,7,6,,,
2026-09-28,18:00-19:00,CWL-1,Hand Sand (Front & Back),ST-3307 Twill Rinse,PO-66120,Khaki,622,599,12,10,,,
2026-09-28,19:00-20:00,CWL-1,Hand Sand (Front & Back),ST-3307 Twill Rinse,PO-66120,Khaki,656,644,6,11,,,
2026-09-28,20:00-21:00,CWL-1,Hand Sand (Front & Back),ST-3307 Twill Rinse,PO-66120,Khaki,691,661,14,11,,,
2026-09-28,21:00-22:00,CWL-1,Hand Sand (Front & Back),ST-3307 Twill Rinse,PO-66120,Khaki,657,655,8,6,,,
2026-09-28,22:00-23:00,CWL-1,Hand Sand (Front & Back),ST-3307 Twill Rinse,PO-66120,Khaki,656,600,14,11,,,
2026-09-28,23:00-00:00,CWL-1,Hand Sand (Front & Back),ST-3307 Twill Rinse,PO-66120,Khaki,546,554,15,8,,,
2026-09-28,00:00-01:00,CWL-1,Hand Sand (Front & Back),ST-5133 Snow Acid,PO-88055,Snow White,592,553,11,8,,,
2026-09-28,01:00-02:00,CWL-1,Hand Sand (Front & Back),ST-5133 Snow Acid,PO-88055,Snow White,576,525,5,11,,,
2026-09-28,02:00-03:00,CWL-1,Hand Sand (Front & Back),ST-5133 Snow Acid,PO-88055,Snow White,691,669,16,6,,,
2026-09-28,03:00-04:00,CWL-1,Hand Sand (Front & Back),ST-5133 Snow Acid,PO-88055,Snow White,575,554,6,4,,,
2026-09-28,04:00-05:00,CWL-1,Hand Sand (Front & Back),ST-5133 Snow Acid,PO-88055,Snow White,651,645,12,7,,,
2026-09-28,05:00-06:00,CWL-1,Hand Sand (Front & Back),ST-5133 Snow Acid,PO-88055,Snow White,672,658,9,10,,,
2026-09-28,06:00-07:00,CWL-1,Hand Sand (Front & Back),ST-5133 Snow Acid,PO-88055,Snow White,523,520,13,3,,,
2026-09-28,07:00-08:00,CWL-1,Hand Sand (Front & Back),ST-5133 Snow Acid,PO-88055,Snow White,558,548,9,4,,,
2026-09-28,08:00-09:00,CWL-1,Allover Hand Sand,ST-4430 Mid Blue,PO-77211,Light Blue,94,89,1,0,,,
2026-09-28,09:00-10:00,CWL-1,Allover Hand Sand,ST-4430 Mid Blue,PO-77211,Light Blue,89,83,2,1,,,
2026-09-28,10:00-11:00,CWL-1,Allover Hand Sand,ST-4430 Mid Blue,PO-77211,Light Blue,105,106,2,1,,,
2026-09-28,11:00-12:00,CWL-1,Allover Hand Sand,ST-4430 Mid Blue,PO-77211,Light Blue,100,95,2,1,,,
2026-09-28,12:00-13:00,CWL-1,Allover Hand Sand,ST-4430 Mid Blue,PO-77211,Light Blue,104,97,1,1,,,
2026-09-28,13:00-14:00,CWL-1,Allover Hand Sand,ST-4430 Mid Blue,PO-77211,Light Blue,88,81,1,1,,,
2026-09-28,14:00-15:00,CWL-1,Allover Hand Sand,ST-4430 Mid Blue,PO-77211,Light Blue,104,102,1,2,,,
2026-09-28,15:00-16:00,CWL-1,Allover Hand Sand,ST-4430 Mid Blue,PO-77211,Light Blue,101,101,2,2,,,
2026-09-28,16:00-17:00,CWL-1,Allover Hand Sand,ST-3350 Twill Garment Dye,PO-66180,Olive,92,88,1,1,,,
2026-09-28,17:00-18:00,CWL-1,Allover Hand Sand,ST-3350 Twill Garment Dye,PO-66180,Olive,98,90,1,1,,,
2026-09-28,18:00-19:00,CWL-1,Allover Hand Sand,ST-3350 Twill Garment Dye,PO-66180,Olive,90,89,1,2,,,
2026-09-28,19:00-20:00,CWL-1,Allover Hand Sand,ST-3350 Twill Garment Dye,PO-66180,Olive,99,91,1,1,,,
2026-09-28,20:00-21:00,CWL-1,Allover Hand Sand,ST-3350 Twill Garment Dye,PO-66180,Olive,81,81,1,1,,,
2026-09-28,21:00-22:00,CWL-1,Allover Hand Sand,ST-3350 Twill Garment Dye,PO-66180,Olive,108,104,3,1,,,
2026-09-28,22:00-23:00,CWL-1,Allover Hand Sand,ST-3350 Twill Garment Dye,PO-66180,Olive,101,98,3,2,,,
2026-09-28,23:00-00:00,CWL-1,Allover Hand Sand,ST-3350 Twill Garment Dye,PO-66180,Olive,104,102,1,1,,,
2026-09-28,00:00-01:00,CWL-1,Allover Hand Sand,ST-4412 Dark Stone,PO-77102,Black Stone,74,75,2,1,,,
2026-09-28,01:00-02:00,CWL-1,Allover Hand Sand,ST-4412 Dark Stone,PO-77102,Black Stone,105,101,3,1,,,
2026-09-28,02:00-03:00,CWL-1,Allover Hand Sand,ST-4412 Dark Stone,PO-77102,Black Stone,94,89,1,1,,,
2026-09-28,03:00-04:00,CWL-1,Allover Hand Sand,ST-4412 Dark Stone,PO-77102,Black Stone,82,82,1,1,,,
2026-09-28,04:00-05:00,CWL-1,Allover Hand Sand,ST-4412 Dark Stone,PO-77102,Black Stone,90,88,1,1,,,
2026-09-28,05:00-06:00,CWL-1,Allover Hand Sand,ST-4412 Dark Stone,PO-77102,Black Stone,105,102,2,2,,,
2026-09-28,06:00-07:00,CWL-1,Allover Hand Sand,ST-4412 Dark Stone,PO-77102,Black Stone,86,87,3,1,,,
2026-09-28,07:00-08:00,CWL-1,Allover Hand Sand,ST-4412 Dark Stone,PO-77102,Black Stone,114,104,1,2,,,
2026-09-28,08:00-09:00,CWL-1,Tagging,ST-2285 Dye Black,PO-99040,Jet Black,705,646,9,6,,,
2026-09-28,09:00-10:00,CWL-1,Tagging,ST-2285 Dye Black,PO-99040,Jet Black,267,248,5,4,30,Power / utility,
2026-09-28,10:00-11:00,CWL-1,Tagging,ST-2285 Dye Black,PO-99040,Jet Black,878,851,9,10,,,
2026-09-28,11:00-12:00,CWL-1,Tagging,ST-2285 Dye Black,PO-99040,Jet Black,900,849,16,13,,,
2026-09-28,12:00-13:00,CWL-1,Tagging,ST-2285 Dye Black,PO-99040,Jet Black,806,754,18,5,,,
2026-09-28,13:00-14:00,CWL-1,Tagging,ST-2285 Dye Black,PO-99040,Jet Black,750,696,19,12,,,
2026-09-28,14:00-15:00,CWL-1,Tagging,ST-2285 Dye Black,PO-99040,Jet Black,739,707,17,9,,,
2026-09-28,15:00-16:00,CWL-1,Tagging,ST-2285 Dye Black,PO-99040,Jet Black,690,660,9,12,,,
2026-09-28,16:00-17:00,CWL-1,Tagging,ST-4475 Vintage Wash,PO-77305,Vintage Indigo,562,561,7,3,,,
2026-09-28,17:00-18:00,CWL-1,Tagging,ST-4475 Vintage Wash,PO-77305,Vintage Indigo,860,808,10,14,,,
2026-09-28,18:00-19:00,CWL-1,Tagging,ST-4475 Vintage Wash,PO-77305,Vintage Indigo,759,727,15,5,,,
2026-09-28,19:00-20:00,CWL-1,Tagging,ST-4475 Vintage Wash,PO-77305,Vintage Indigo,819,818,18,13,,,
2026-09-28,20:00-21:00,CWL-1,Tagging,ST-4475 Vintage Wash,PO-77305,Vintage Indigo,726,709,6,5,,,
2026-09-28,21:00-22:00,CWL-1,Tagging,ST-4475 Vintage Wash,PO-77305,Vintage Indigo,755,744,10,10,,,
2026-09-28,22:00-23:00,CWL-1,Tagging,ST-4475 Vintage Wash,PO-77305,Vintage Indigo,733,692,15,5,,,
2026-09-28,23:00-00:00,CWL-1,Tagging,ST-4475 Vintage Wash,PO-77305,Vintage Indigo,263,254,4,4,15,Operator shortage,
2026-09-28,00:00-01:00,CWL-1,Tagging,ST-5133 Snow Acid,PO-88055,Snow White,618,581,9,10,,,
2026-09-28,01:00-02:00,CWL-1,Tagging,ST-5133 Snow Acid,PO-88055,Snow White,734,703,12,10,,,
2026-09-28,02:00-03:00,CWL-1,Tagging,ST-5133 Snow Acid,PO-88055,Snow White,836,842,11,17,,,
2026-09-28,03:00-04:00,CWL-1,Tagging,ST-5133 Snow Acid,PO-88055,Snow White,754,720,10,6,,,
2026-09-28,04:00-05:00,CWL-1,Tagging,ST-5133 Snow Acid,PO-88055,Snow White,751,718,7,8,,,
2026-09-28,05:00-06:00,CWL-1,Tagging,ST-5133 Snow Acid,PO-88055,Snow White,670,654,16,11,,,
2026-09-28,06:00-07:00,CWL-1,Tagging,ST-5133 Snow Acid,PO-88055,Snow White,716,694,8,10,,,
2026-09-28,07:00-08:00,CWL-1,Tagging,ST-5133 Snow Acid,PO-88055,Snow White,844,815,23,10,,,
2026-09-28,08:00-09:00,CWL-1,Grinding,ST-2285 Dye Black,PO-99040,Jet Black,180,173,3,3,,,
2026-09-28,09:00-10:00,CWL-1,Grinding,ST-2285 Dye Black,PO-99040,Jet Black,203,205,6,2,,,
2026-09-28,10:00-11:00,CWL-1,Grinding,ST-2285 Dye Black,PO-99040,Jet Black,253,250,5,3,,,
2026-09-28,11:00-12:00,CWL-1,Grinding,ST-2285 Dye Black,PO-99040,Jet Black,254,235,5,2,,,
2026-09-28,12:00-13:00,CWL-1,Grinding,ST-2285 Dye Black,PO-99040,Jet Black,249,232,4,1,,,
2026-09-28,13:00-14:00,CWL-1,Grinding,ST-2285 Dye Black,PO-99040,Jet Black,216,200,6,2,,,
2026-09-28,14:00-15:00,CWL-1,Grinding,ST-2285 Dye Black,PO-99040,Jet Black,256,240,5,2,,,
2026-09-28,15:00-16:00,CWL-1,Grinding,ST-2285 Dye Black,PO-99040,Jet Black,207,208,5,4,,,
2026-09-28,16:00-17:00,CWL-1,Grinding,ST-4412 Dark Stone,PO-77101,Dark Blue,180,179,4,2,,,
2026-09-28,17:00-18:00,CWL-1,Grinding,ST-4412 Dark Stone,PO-77101,Dark Blue,276,257,6,5,,,
2026-09-28,18:00-19:00,CWL-1,Grinding,ST-4412 Dark Stone,PO-77101,Dark Blue,244,231,2,4,,,
2026-09-28,19:00-20:00,CWL-1,Grinding,ST-4412 Dark Stone,PO-77101,Dark Blue,282,257,2,1,,,
2026-09-28,20:00-21:00,CWL-1,Grinding,ST-4412 Dark Stone,PO-77101,Dark Blue,249,241,3,4,,,
2026-09-28,21:00-22:00,CWL-1,Grinding,ST-4412 Dark Stone,PO-77101,Dark Blue,239,229,4,1,,,
2026-09-28,22:00-23:00,CWL-1,Grinding,ST-4412 Dark Stone,PO-77101,Dark Blue,224,217,3,4,,,
2026-09-28,23:00-00:00,CWL-1,Grinding,ST-4412 Dark Stone,PO-77101,Dark Blue,227,216,5,2,,,
2026-09-28,00:00-01:00,CWL-1,Grinding,ST-4475 Vintage Wash,PO-77305,Vintage Indigo,186,182,3,3,,,
2026-09-28,01:00-02:00,CWL-1,Grinding,ST-4475 Vintage Wash,PO-77305,Vintage Indigo,230,228,4,4,,,
2026-09-28,02:00-03:00,CWL-1,Grinding,ST-4475 Vintage Wash,PO-77305,Vintage Indigo,253,247,3,2,,,
2026-09-28,03:00-04:00,CWL-1,Grinding,ST-4475 Vintage Wash,PO-77305,Vintage Indigo,251,245,7,5,,,
2026-09-28,04:00-05:00,CWL-1,Grinding,ST-4475 Vintage Wash,PO-77305,Vintage Indigo,225,219,5,3,,,
2026-09-28,05:00-06:00,CWL-1,Grinding,ST-4475 Vintage Wash,PO-77305,Vintage Indigo,203,207,2,1,,,
2026-09-28,06:00-07:00,CWL-1,Grinding,ST-4475 Vintage Wash,PO-77305,Vintage Indigo,214,200,4,2,,,
2026-09-28,07:00-08:00,CWL-1,Grinding,ST-4475 Vintage Wash,PO-77305,Vintage Indigo,213,214,3,1,,,
2026-09-28,08:00-09:00,CWL-1,Destruction,ST-4412 Dark Stone,PO-77101,Dark Blue,152,140,1,2,,,
2026-09-28,09:00-10:00,CWL-1,Destruction,ST-4412 Dark Stone,PO-77101,Dark Blue,214,196,3,1,,,
2026-09-28,10:00-11:00,CWL-1,Destruction,ST-4412 Dark Stone,PO-77101,Dark Blue,163,160,2,3,,,
2026-09-28,11:00-12:00,CWL-1,Destruction,ST-4412 Dark Stone,PO-77101,Dark Blue,189,179,3,2,,,
2026-09-28,12:00-13:00,CWL-1,Destruction,ST-4412 Dark Stone,PO-77101,Dark Blue,203,189,3,3,,,
2026-09-28,13:00-14:00,CWL-1,Destruction,ST-4412 Dark Stone,PO-77101,Dark Blue,186,186,3,3,,,
2026-09-28,14:00-15:00,CWL-1,Destruction,ST-4412 Dark Stone,PO-77101,Dark Blue,174,169,3,2,,,
2026-09-28,15:00-16:00,CWL-1,Destruction,ST-4412 Dark Stone,PO-77101,Dark Blue,184,183,4,1,,,
2026-09-28,16:00-17:00,CWL-1,Destruction,ST-2285 Dye Black,PO-99040,Jet Black,63,63,1,1,30,Power / utility,
2026-09-28,17:00-18:00,CWL-1,Destruction,ST-2285 Dye Black,PO-99040,Jet Black,188,186,2,3,,,
2026-09-28,18:00-19:00,CWL-1,Destruction,ST-2285 Dye Black,PO-99040,Jet Black,164,167,3,3,,,
2026-09-28,19:00-20:00,CWL-1,Destruction,ST-2285 Dye Black,PO-99040,Jet Black,181,166,3,2,,,
2026-09-28,20:00-21:00,CWL-1,Destruction,ST-2285 Dye Black,PO-99040,Jet Black,162,154,4,3,,,
2026-09-28,21:00-22:00,CWL-1,Destruction,ST-2285 Dye Black,PO-99040,Jet Black,188,188,1,3,,,
2026-09-28,22:00-23:00,CWL-1,Destruction,ST-2285 Dye Black,PO-99040,Jet Black,186,174,2,1,,,
2026-09-28,23:00-00:00,CWL-1,Destruction,ST-2285 Dye Black,PO-99040,Jet Black,197,181,1,1,,,
2026-09-28,00:00-01:00,CWL-1,Destruction,ST-3307 Twill Rinse,PO-66120,Khaki,169,159,2,2,,,
2026-09-28,01:00-02:00,CWL-1,Destruction,ST-3307 Twill Rinse,PO-66120,Khaki,185,177,3,4,,,
2026-09-28,02:00-03:00,CWL-1,Destruction,ST-3307 Twill Rinse,PO-66120,Khaki,182,173,5,3,,,
2026-09-28,03:00-04:00,CWL-1,Destruction,ST-3307 Twill Rinse,PO-66120,Khaki,197,184,2,2,,,
2026-09-28,04:00-05:00,CWL-1,Destruction,ST-3307 Twill Rinse,PO-66120,Khaki,202,198,4,2,,,
2026-09-28,05:00-06:00,CWL-1,Destruction,ST-3307 Twill Rinse,PO-66120,Khaki,165,162,4,3,,,
2026-09-28,06:00-07:00,CWL-1,Destruction,ST-3307 Twill Rinse,PO-66120,Khaki,208,199,3,3,,,
2026-09-28,07:00-08:00,CWL-1,Destruction,ST-3307 Twill Rinse,PO-66120,Khaki,162,154,2,1,,,
2026-09-28,08:00-09:00,CWL-1,Cutting / Destroy,ST-4412 Dark Stone,PO-77102,Black Stone,325,309,8,2,,,
2026-09-28,09:00-10:00,CWL-1,Cutting / Destroy,ST-4412 Dark Stone,PO-77102,Black Stone,351,358,4,5,,,
2026-09-28,10:00-11:00,CWL-1,Cutting / Destroy,ST-4412 Dark Stone,PO-77102,Black Stone,340,324,3,6,,,
2026-09-28,11:00-12:00,CWL-1,Cutting / Destroy,ST-4412 Dark Stone,PO-77102,Black Stone,349,352,4,5,,,
2026-09-28,12:00-13:00,CWL-1,Cutting / Destroy,ST-4412 Dark Stone,PO-77102,Black Stone,370,360,9,7,,,
2026-09-28,13:00-14:00,CWL-1,Cutting / Destroy,ST-4412 Dark Stone,PO-77102,Black Stone,318,296,9,6,,,
2026-09-28,14:00-15:00,CWL-1,Cutting / Destroy,ST-4412 Dark Stone,PO-77102,Black Stone,376,375,9,5,,,
2026-09-28,15:00-16:00,CWL-1,Cutting / Destroy,ST-4412 Dark Stone,PO-77102,Black Stone,411,383,8,7,,,
2026-09-28,16:00-17:00,CWL-1,Cutting / Destroy,ST-5133 Snow Acid,PO-88055,Snow White,296,269,4,5,,,
2026-09-28,17:00-18:00,CWL-1,Cutting / Destroy,ST-5133 Snow Acid,PO-88055,Snow White,374,351,5,5,,,
2026-09-28,18:00-19:00,CWL-1,Cutting / Destroy,ST-5133 Snow Acid,PO-88055,Snow White,340,330,3,4,,,
2026-09-28,19:00-20:00,CWL-1,Cutting / Destroy,ST-5133 Snow Acid,PO-88055,Snow White,347,340,8,5,,,
2026-09-28,20:00-21:00,CWL-1,Cutting / Destroy,ST-5133 Snow Acid,PO-88055,Snow White,354,354,10,5,,,
2026-09-28,21:00-22:00,CWL-1,Cutting / Destroy,ST-5133 Snow Acid,PO-88055,Snow White,338,319,6,5,,,
2026-09-28,22:00-23:00,CWL-1,Cutting / Destroy,ST-5133 Snow Acid,PO-88055,Snow White,351,323,4,2,,,
2026-09-28,23:00-00:00,CWL-1,Cutting / Destroy,ST-5133 Snow Acid,PO-88055,Snow White,378,359,9,7,,,
2026-09-28,00:00-01:00,CWL-1,Cutting / Destroy,ST-4475 Vintage Wash,PO-77305,Vintage Indigo,272,251,3,1,,,
2026-09-28,01:00-02:00,CWL-1,Cutting / Destroy,ST-4475 Vintage Wash,PO-77305,Vintage Indigo,370,337,4,2,,,
2026-09-28,02:00-03:00,CWL-1,Cutting / Destroy,ST-4475 Vintage Wash,PO-77305,Vintage Indigo,349,346,10,3,,,
2026-09-28,03:00-04:00,CWL-1,Cutting / Destroy,ST-4475 Vintage Wash,PO-77305,Vintage Indigo,398,375,9,6,,,
2026-09-28,04:00-05:00,CWL-1,Cutting / Destroy,ST-4475 Vintage Wash,PO-77305,Vintage Indigo,348,327,9,5,,,
2026-09-28,05:00-06:00,CWL-1,Cutting / Destroy,ST-4475 Vintage Wash,PO-77305,Vintage Indigo,398,381,6,8,,,
2026-09-28,06:00-07:00,CWL-1,Cutting / Destroy,ST-4475 Vintage Wash,PO-77305,Vintage Indigo,365,345,6,6,,,
2026-09-28,07:00-08:00,CWL-1,Cutting / Destroy,ST-4475 Vintage Wash,PO-77305,Vintage Indigo,391,383,6,6,,,
2026-09-28,08:00-09:00,CWL-1,Air Blowing,ST-5120 Acid Blast,PO-88010,Acid Black,295,294,7,2,,,
2026-09-28,09:00-10:00,CWL-1,Air Blowing,ST-5120 Acid Blast,PO-88010,Acid Black,409,380,7,7,,,
2026-09-28,10:00-11:00,CWL-1,Air Blowing,ST-5120 Acid Blast,PO-88010,Acid Black,476,436,4,8,,,
2026-09-28,11:00-12:00,CWL-1,Air Blowing,ST-5120 Acid Blast,PO-88010,Acid Black,441,438,7,3,,,
2026-09-28,12:00-13:00,CWL-1,Air Blowing,ST-5120 Acid Blast,PO-88010,Acid Black,424,396,5,5,,,
2026-09-28,13:00-14:00,CWL-1,Air Blowing,ST-5120 Acid Blast,PO-88010,Acid Black,380,384,9,4,,,
2026-09-28,14:00-15:00,CWL-1,Air Blowing,ST-5120 Acid Blast,PO-88010,Acid Black,432,412,10,5,,,
2026-09-28,15:00-16:00,CWL-1,Air Blowing,ST-5120 Acid Blast,PO-88010,Acid Black,373,369,10,3,,,
2026-09-28,16:00-17:00,CWL-1,Air Blowing,ST-2285 Dye Black,PO-99040,Jet Black,323,310,3,2,,,
2026-09-28,17:00-18:00,CWL-1,Air Blowing,ST-2285 Dye Black,PO-99040,Jet Black,411,402,12,3,,,
2026-09-28,18:00-19:00,CWL-1,Air Blowing,ST-2285 Dye Black,PO-99040,Jet Black,50,48,1,1,45,Changeover / setup,
2026-09-28,19:00-20:00,CWL-1,Air Blowing,ST-2285 Dye Black,PO-99040,Jet Black,384,380,6,2,,,
2026-09-28,20:00-21:00,CWL-1,Air Blowing,ST-2285 Dye Black,PO-99040,Jet Black,390,376,10,3,,,
2026-09-28,21:00-22:00,CWL-1,Air Blowing,ST-2285 Dye Black,PO-99040,Jet Black,399,404,9,4,,,
2026-09-28,22:00-23:00,CWL-1,Air Blowing,ST-2285 Dye Black,PO-99040,Jet Black,391,362,3,6,,,
2026-09-28,23:00-00:00,CWL-1,Air Blowing,ST-2285 Dye Black,PO-99040,Jet Black,431,399,5,8,,,
2026-09-28,00:00-01:00,CWL-1,Air Blowing,ST-4430 Mid Blue,PO-77211,Light Blue,335,315,5,6,,,
2026-09-28,01:00-02:00,CWL-1,Air Blowing,ST-4430 Mid Blue,PO-77211,Light Blue,428,424,5,7,,,
2026-09-28,02:00-03:00,CWL-1,Air Blowing,ST-4430 Mid Blue,PO-77211,Light Blue,172,158,2,1,45,Other,
2026-09-28,03:00-04:00,CWL-1,Air Blowing,ST-4430 Mid Blue,PO-77211,Light Blue,413,394,4,5,,,
2026-09-28,04:00-05:00,CWL-1,Air Blowing,ST-4430 Mid Blue,PO-77211,Light Blue,355,341,7,4,,,
2026-09-28,05:00-06:00,CWL-1,Air Blowing,ST-4430 Mid Blue,PO-77211,Light Blue,438,418,9,6,,,
2026-09-28,06:00-07:00,CWL-1,Air Blowing,ST-4430 Mid Blue,PO-77211,Light Blue,449,433,11,4,,,
2026-09-28,07:00-08:00,CWL-1,Air Blowing,ST-4430 Mid Blue,PO-77211,Light Blue,450,439,5,3,,,
2026-09-28,08:00-09:00,CWL-1,PP Spray (Front & Back),ST-3350 Twill Garment Dye,PO-66180,Olive,806,820,21,14,,,
2026-09-28,09:00-10:00,CWL-1,PP Spray (Front & Back),ST-3350 Twill Garment Dye,PO-66180,Olive,1054,996,29,15,,,
2026-09-28,10:00-11:00,CWL-1,PP Spray (Front & Back),ST-3350 Twill Garment Dye,PO-66180,Olive,852,814,18,9,,,
2026-09-28,11:00-12:00,CWL-1,PP Spray (Front & Back),ST-3350 Twill Garment Dye,PO-66180,Olive,836,841,18,14,,,
2026-09-28,12:00-13:00,CWL-1,PP Spray (Front & Back),ST-3350 Twill Garment Dye,PO-66180,Olive,1033,949,20,18,,,
2026-09-28,13:00-14:00,CWL-1,PP Spray (Front & Back),ST-3350 Twill Garment Dye,PO-66180,Olive,949,893,26,16,,,
2026-09-28,14:00-15:00,CWL-1,PP Spray (Front & Back),ST-3350 Twill Garment Dye,PO-66180,Olive,857,804,11,16,,,
2026-09-28,15:00-16:00,CWL-1,PP Spray (Front & Back),ST-3350 Twill Garment Dye,PO-66180,Olive,941,916,10,5,,,
2026-09-28,16:00-17:00,CWL-1,PP Spray (Front & Back),ST-5120 Acid Blast,PO-88010,Acid Black,863,827,16,9,,,
2026-09-28,17:00-18:00,CWL-1,PP Spray (Front & Back),ST-5120 Acid Blast,PO-88010,Acid Black,1035,965,13,11,,,
2026-09-28,18:00-19:00,CWL-1,PP Spray (Front & Back),ST-5120 Acid Blast,PO-88010,Acid Black,868,792,8,15,,,
2026-09-28,19:00-20:00,CWL-1,PP Spray (Front & Back),ST-5120 Acid Blast,PO-88010,Acid Black,858,787,10,15,,,
2026-09-28,20:00-21:00,CWL-1,PP Spray (Front & Back),ST-5120 Acid Blast,PO-88010,Acid Black,806,778,12,7,,,
2026-09-28,21:00-22:00,CWL-1,PP Spray (Front & Back),ST-5120 Acid Blast,PO-88010,Acid Black,1019,966,8,7,,,
2026-09-28,22:00-23:00,CWL-1,PP Spray (Front & Back),ST-5120 Acid Blast,PO-88010,Acid Black,794,804,24,10,,,
2026-09-28,23:00-00:00,CWL-1,PP Spray (Front & Back),ST-5120 Acid Blast,PO-88010,Acid Black,841,810,21,5,,,
2026-09-28,00:00-01:00,CWL-1,PP Spray (Front & Back),ST-4430 Mid Blue,PO-77211,Light Blue,777,713,7,5,,,
2026-09-28,01:00-02:00,CWL-1,PP Spray (Front & Back),ST-4430 Mid Blue,PO-77211,Light Blue,907,906,11,9,,,
2026-09-28,02:00-03:00,CWL-1,PP Spray (Front & Back),ST-4430 Mid Blue,PO-77211,Light Blue,881,805,17,10,,,
2026-09-28,03:00-04:00,CWL-1,PP Spray (Front & Back),ST-4430 Mid Blue,PO-77211,Light Blue,1051,965,28,8,,,
2026-09-28,04:00-05:00,CWL-1,PP Spray (Front & Back),ST-4430 Mid Blue,PO-77211,Light Blue,1024,939,11,11,,,
2026-09-28,05:00-06:00,CWL-1,PP Spray (Front & Back),ST-4430 Mid Blue,PO-77211,Light Blue,323,320,8,3,15,Operator shortage,
2026-09-28,06:00-07:00,CWL-1,PP Spray (Front & Back),ST-4430 Mid Blue,PO-77211,Light Blue,880,856,26,11,,,
2026-09-28,07:00-08:00,CWL-1,PP Spray (Front & Back),ST-4430 Mid Blue,PO-77211,Light Blue,998,949,10,18,,,
2026-09-28,08:00-09:00,CWL-1,Allover PP Spray,ST-4475 Vintage Wash,PO-77305,Vintage Indigo,278,274,3,4,,,
2026-09-28,09:00-10:00,CWL-1,Allover PP Spray,ST-4475 Vintage Wash,PO-77305,Vintage Indigo,350,332,3,4,,,
2026-09-28,10:00-11:00,CWL-1,Allover PP Spray,ST-4475 Vintage Wash,PO-77305,Vintage Indigo,379,364,11,4,,,
2026-09-28,11:00-12:00,CWL-1,Allover PP Spray,ST-4475 Vintage Wash,PO-77305,Vintage Indigo,361,352,4,4,,,
2026-09-28,12:00-13:00,CWL-1,Allover PP Spray,ST-4475 Vintage Wash,PO-77305,Vintage Indigo,362,358,9,5,,,
2026-09-28,13:00-14:00,CWL-1,Allover PP Spray,ST-4475 Vintage Wash,PO-77305,Vintage Indigo,393,365,3,4,,,
2026-09-28,14:00-15:00,CWL-1,Allover PP Spray,ST-4475 Vintage Wash,PO-77305,Vintage Indigo,327,330,9,4,,,
2026-09-28,15:00-16:00,CWL-1,Allover PP Spray,ST-4475 Vintage Wash,PO-77305,Vintage Indigo,362,344,3,5,,,
2026-09-28,16:00-17:00,CWL-1,Allover PP Spray,ST-5120 Acid Blast,PO-88010,Acid Black,295,286,8,3,,,
2026-09-28,17:00-18:00,CWL-1,Allover PP Spray,ST-5120 Acid Blast,PO-88010,Acid Black,325,299,8,2,,,
2026-09-28,18:00-19:00,CWL-1,Allover PP Spray,ST-5120 Acid Blast,PO-88010,Acid Black,292,281,2,5,,,
2026-09-28,19:00-20:00,CWL-1,Allover PP Spray,ST-5120 Acid Blast,PO-88010,Acid Black,309,294,7,4,,,
2026-09-28,20:00-21:00,CWL-1,Allover PP Spray,ST-5120 Acid Blast,PO-88010,Acid Black,370,347,4,2,,,
2026-09-28,21:00-22:00,CWL-1,Allover PP Spray,ST-5120 Acid Blast,PO-88010,Acid Black,301,279,5,6,,,
2026-09-28,22:00-23:00,CWL-1,Allover PP Spray,ST-5120 Acid Blast,PO-88010,Acid Black,333,310,7,5,,,
2026-09-28,23:00-00:00,CWL-1,Allover PP Spray,ST-5120 Acid Blast,PO-88010,Acid Black,380,360,3,3,,,
2026-09-28,00:00-01:00,CWL-1,Allover PP Spray,ST-4412 Dark Stone,PO-77102,Black Stone,286,269,6,5,,,
2026-09-28,01:00-02:00,CWL-1,Allover PP Spray,ST-4412 Dark Stone,PO-77102,Black Stone,346,347,9,3,,,
2026-09-28,02:00-03:00,CWL-1,Allover PP Spray,ST-4412 Dark Stone,PO-77102,Black Stone,374,361,9,5,,,
2026-09-28,03:00-04:00,CWL-1,Allover PP Spray,ST-4412 Dark Stone,PO-77102,Black Stone,308,284,4,5,,,
2026-09-28,04:00-05:00,CWL-1,Allover PP Spray,ST-4412 Dark Stone,PO-77102,Black Stone,362,339,10,2,,,
2026-09-28,05:00-06:00,CWL-1,Allover PP Spray,ST-4412 Dark Stone,PO-77102,Black Stone,315,311,5,2,,,
2026-09-28,06:00-07:00,CWL-1,Allover PP Spray,ST-4412 Dark Stone,PO-77102,Black Stone,348,332,4,3,,,
2026-09-28,07:00-08:00,CWL-1,Allover PP Spray,ST-4412 Dark Stone,PO-77102,Black Stone,391,362,5,3,,,
2026-09-28,08:00-09:00,CWL-1,PP Rubbing,ST-4430 Mid Blue,PO-77211,Light Blue,189,181,3,2,,,
2026-09-28,09:00-10:00,CWL-1,PP Rubbing,ST-4430 Mid Blue,PO-77211,Light Blue,220,215,6,2,,,
2026-09-28,10:00-11:00,CWL-1,PP Rubbing,ST-4430 Mid Blue,PO-77211,Light Blue,180,178,4,3,,,
2026-09-28,11:00-12:00,CWL-1,PP Rubbing,ST-4430 Mid Blue,PO-77211,Light Blue,212,194,5,3,,,
2026-09-28,12:00-13:00,CWL-1,PP Rubbing,ST-4430 Mid Blue,PO-77211,Light Blue,215,197,3,2,,,
2026-09-28,13:00-14:00,CWL-1,PP Rubbing,ST-4430 Mid Blue,PO-77211,Light Blue,199,202,5,3,,,
2026-09-28,14:00-15:00,CWL-1,PP Rubbing,ST-4430 Mid Blue,PO-77211,Light Blue,229,210,2,1,,,
2026-09-28,15:00-16:00,CWL-1,PP Rubbing,ST-4430 Mid Blue,PO-77211,Light Blue,190,184,2,3,,,
2026-09-28,16:00-17:00,CWL-1,PP Rubbing,ST-4412 Dark Stone,PO-77101,Dark Blue,147,140,4,1,,,
2026-09-28,17:00-18:00,CWL-1,PP Rubbing,ST-4412 Dark Stone,PO-77101,Dark Blue,210,207,3,3,,,
2026-09-28,18:00-19:00,CWL-1,PP Rubbing,ST-4412 Dark Stone,PO-77101,Dark Blue,180,176,5,3,,,
2026-09-28,19:00-20:00,CWL-1,PP Rubbing,ST-4412 Dark Stone,PO-77101,Dark Blue,164,166,5,2,,,
2026-09-28,20:00-21:00,CWL-1,PP Rubbing,ST-4412 Dark Stone,PO-77101,Dark Blue,185,188,2,1,,,
2026-09-28,21:00-22:00,CWL-1,PP Rubbing,ST-4412 Dark Stone,PO-77101,Dark Blue,192,180,2,1,,,
2026-09-28,22:00-23:00,CWL-1,PP Rubbing,ST-4412 Dark Stone,PO-77101,Dark Blue,203,192,4,2,,,
2026-09-28,23:00-00:00,CWL-1,PP Rubbing,ST-4412 Dark Stone,PO-77101,Dark Blue,194,178,3,1,,,
2026-09-28,00:00-01:00,CWL-1,PP Rubbing,ST-4475 Vintage Wash,PO-77305,Vintage Indigo,153,143,1,2,,,
2026-09-28,01:00-02:00,CWL-1,PP Rubbing,ST-4475 Vintage Wash,PO-77305,Vintage Indigo,209,192,3,3,,,
2026-09-28,02:00-03:00,CWL-1,PP Rubbing,ST-4475 Vintage Wash,PO-77305,Vintage Indigo,197,188,4,4,,,
2026-09-28,03:00-04:00,CWL-1,PP Rubbing,ST-4475 Vintage Wash,PO-77305,Vintage Indigo,190,178,5,1,,,
2026-09-28,04:00-05:00,CWL-1,PP Rubbing,ST-4475 Vintage Wash,PO-77305,Vintage Indigo,219,209,2,3,,,
2026-09-28,05:00-06:00,CWL-1,PP Rubbing,ST-4475 Vintage Wash,PO-77305,Vintage Indigo,209,191,2,3,,,
2026-09-28,06:00-07:00,CWL-1,PP Rubbing,ST-4475 Vintage Wash,PO-77305,Vintage Indigo,36,34,0,1,45,Changeover / setup,
2026-09-28,07:00-08:00,CWL-1,PP Rubbing,ST-4475 Vintage Wash,PO-77305,Vintage Indigo,221,201,4,2,,,
2026-09-28,08:00-09:00,CWL-1,Machine 3D,ST-3350 Twill Garment Dye,PO-66180,Olive,50,48,1,1,30,Other,
2026-09-28,09:00-10:00,CWL-1,Machine 3D,ST-3350 Twill Garment Dye,PO-66180,Olive,307,292,4,5,,,
2026-09-28,10:00-11:00,CWL-1,Machine 3D,ST-3350 Twill Garment Dye,PO-66180,Olive,260,253,5,3,,,
2026-09-28,11:00-12:00,CWL-1,Machine 3D,ST-3350 Twill Garment Dye,PO-66180,Olive,323,298,9,1,,,
2026-09-28,12:00-13:00,CWL-1,Machine 3D,ST-3350 Twill Garment Dye,PO-66180,Olive,266,258,6,1,,,
2026-09-28,13:00-14:00,CWL-1,Machine 3D,ST-3350 Twill Garment Dye,PO-66180,Olive,280,283,7,4,,,
2026-09-28,14:00-15:00,CWL-1,Machine 3D,ST-3350 Twill Garment Dye,PO-66180,Olive,299,290,5,3,,,
2026-09-28,15:00-16:00,CWL-1,Machine 3D,ST-3350 Twill Garment Dye,PO-66180,Olive,283,265,5,6,,,
2026-09-28,16:00-17:00,CWL-1,Machine 3D,ST-4475 Vintage Wash,PO-77305,Vintage Indigo,265,258,3,4,,,
2026-09-28,17:00-18:00,CWL-1,Machine 3D,ST-4475 Vintage Wash,PO-77305,Vintage Indigo,339,314,3,5,,,
2026-09-28,18:00-19:00,CWL-1,Machine 3D,ST-4475 Vintage Wash,PO-77305,Vintage Indigo,340,324,10,3,,,
2026-09-28,19:00-20:00,CWL-1,Machine 3D,ST-4475 Vintage Wash,PO-77305,Vintage Indigo,300,304,5,4,,,
2026-09-28,20:00-21:00,CWL-1,Machine 3D,ST-4475 Vintage Wash,PO-77305,Vintage Indigo,266,249,6,1,,,
2026-09-28,21:00-22:00,CWL-1,Machine 3D,ST-4475 Vintage Wash,PO-77305,Vintage Indigo,304,305,4,5,,,
2026-09-28,22:00-23:00,CWL-1,Machine 3D,ST-4475 Vintage Wash,PO-77305,Vintage Indigo,280,260,5,3,,,
2026-09-28,23:00-00:00,CWL-1,Machine 3D,ST-4475 Vintage Wash,PO-77305,Vintage Indigo,300,301,7,5,,,
2026-09-28,00:00-01:00,CWL-1,Machine 3D,ST-4430 Mid Blue,PO-77210,Mid Blue,230,230,5,3,,,
2026-09-28,01:00-02:00,CWL-1,Machine 3D,ST-4430 Mid Blue,PO-77210,Mid Blue,315,292,5,3,,,
2026-09-28,02:00-03:00,CWL-1,Machine 3D,ST-4430 Mid Blue,PO-77210,Mid Blue,259,264,8,4,,,
2026-09-28,03:00-04:00,CWL-1,Machine 3D,ST-4430 Mid Blue,PO-77210,Mid Blue,308,299,6,4,,,
2026-09-28,04:00-05:00,CWL-1,Machine 3D,ST-4430 Mid Blue,PO-77210,Mid Blue,298,298,8,6,,,
2026-09-28,05:00-06:00,CWL-1,Machine 3D,ST-4430 Mid Blue,PO-77210,Mid Blue,284,263,3,3,,,
2026-09-28,06:00-07:00,CWL-1,Machine 3D,ST-4430 Mid Blue,PO-77210,Mid Blue,299,285,8,4,,,
2026-09-28,07:00-08:00,CWL-1,Machine 3D,ST-4430 Mid Blue,PO-77210,Mid Blue,300,303,3,6,,,
2026-09-28,08:00-09:00,CWL-1,Iron 3D,ST-4412 Dark Stone,PO-77102,Black Stone,210,207,5,2,,,
2026-09-28,09:00-10:00,CWL-1,Iron 3D,ST-4412 Dark Stone,PO-77102,Black Stone,301,300,3,4,,,
2026-09-28,10:00-11:00,CWL-1,Iron 3D,ST-4412 Dark Stone,PO-77102,Black Stone,233,232,5,4,,,
2026-09-28,11:00-12:00,CWL-1,Iron 3D,ST-4412 Dark Stone,PO-77102,Black Stone,242,240,6,3,,,
2026-09-28,12:00-13:00,CWL-1,Iron 3D,ST-4412 Dark Stone,PO-77102,Black Stone,244,239,6,2,,,
2026-09-28,13:00-14:00,CWL-1,Iron 3D,ST-4412 Dark Stone,PO-77102,Black Stone,268,250,5,4,,,
2026-09-28,14:00-15:00,CWL-1,Iron 3D,ST-4412 Dark Stone,PO-77102,Black Stone,286,263,6,1,,,
2026-09-28,15:00-16:00,CWL-1,Iron 3D,ST-4412 Dark Stone,PO-77102,Black Stone,252,255,8,4,,,
2026-09-28,16:00-17:00,CWL-1,Iron 3D,ST-4412 Dark Stone,PO-77101,Dark Blue,229,212,5,2,,,
2026-09-28,17:00-18:00,CWL-1,Iron 3D,ST-4412 Dark Stone,PO-77101,Dark Blue,245,248,2,4,,,
2026-09-28,18:00-19:00,CWL-1,Iron 3D,ST-4412 Dark Stone,PO-77101,Dark Blue,300,295,7,4,,,
2026-09-28,19:00-20:00,CWL-1,Iron 3D,ST-4412 Dark Stone,PO-77101,Dark Blue,317,297,6,4,,,
2026-09-28,20:00-21:00,CWL-1,Iron 3D,ST-4412 Dark Stone,PO-77101,Dark Blue,269,257,6,1,,,
2026-09-28,21:00-22:00,CWL-1,Iron 3D,ST-4412 Dark Stone,PO-77101,Dark Blue,288,287,4,5,,,
2026-09-28,22:00-23:00,CWL-1,Iron 3D,ST-4412 Dark Stone,PO-77101,Dark Blue,243,238,3,2,,,
2026-09-28,23:00-00:00,CWL-1,Iron 3D,ST-4412 Dark Stone,PO-77101,Dark Blue,318,292,8,4,,,
2026-09-28,00:00-01:00,CWL-1,Iron 3D,ST-3307 Twill Rinse,PO-66120,Khaki,225,210,3,3,,,
2026-09-28,01:00-02:00,CWL-1,Iron 3D,ST-3307 Twill Rinse,PO-66120,Khaki,252,255,4,4,,,
2026-09-28,02:00-03:00,CWL-1,Iron 3D,ST-3307 Twill Rinse,PO-66120,Khaki,280,285,6,6,,,
2026-09-28,03:00-04:00,CWL-1,Iron 3D,ST-3307 Twill Rinse,PO-66120,Khaki,265,245,6,4,,,
2026-09-28,04:00-05:00,CWL-1,Iron 3D,ST-3307 Twill Rinse,PO-66120,Khaki,292,297,9,2,,,
2026-09-28,05:00-06:00,CWL-1,Iron 3D,ST-3307 Twill Rinse,PO-66120,Khaki,264,257,2,5,,,
2026-09-28,06:00-07:00,CWL-1,Iron 3D,ST-3307 Twill Rinse,PO-66120,Khaki,302,297,5,3,,,
2026-09-28,07:00-08:00,CWL-1,Iron 3D,ST-3307 Twill Rinse,PO-66120,Khaki,244,247,4,5,,,
2026-09-29,08:00-09:00,CWL-1,Laser Whisker,ST-3350 Twill Garment Dye,PO-66180,Olive,27,27,1,0,,,
2026-09-29,09:00-10:00,CWL-1,Laser Whisker,ST-3350 Twill Garment Dye,PO-66180,Olive,27,27,1,1,,,
2026-09-29,10:00-11:00,CWL-1,Laser Whisker,ST-3350 Twill Garment Dye,PO-66180,Olive,32,31,1,1,,,
2026-09-29,11:00-12:00,CWL-1,Laser Whisker,ST-3350 Twill Garment Dye,PO-66180,Olive,9,9,1,0,15,Waiting for input,
2026-09-29,12:00-13:00,CWL-1,Laser Whisker,ST-3350 Twill Garment Dye,PO-66180,Olive,32,30,1,0,,,
2026-09-29,13:00-14:00,CWL-1,Laser Whisker,ST-3350 Twill Garment Dye,PO-66180,Olive,26,26,0,1,,,
2026-09-29,14:00-15:00,CWL-1,Laser Whisker,ST-3350 Twill Garment Dye,PO-66180,Olive,32,31,0,0,,,
2026-09-29,15:00-16:00,CWL-1,Laser Whisker,ST-3350 Twill Garment Dye,PO-66180,Olive,34,33,1,0,,,
2026-09-29,16:00-17:00,CWL-1,Laser Whisker,ST-4430 Mid Blue,PO-77211,Light Blue,25,25,0,1,,,
2026-09-29,17:00-18:00,CWL-1,Laser Whisker,ST-4430 Mid Blue,PO-77211,Light Blue,35,33,1,0,,,
2026-09-29,18:00-19:00,CWL-1,Laser Whisker,ST-4430 Mid Blue,PO-77211,Light Blue,36,33,1,0,,,
2026-09-29,19:00-20:00,CWL-1,Laser Whisker,ST-4430 Mid Blue,PO-77211,Light Blue,30,30,1,0,,,
2026-09-29,20:00-21:00,CWL-1,Laser Whisker,ST-4430 Mid Blue,PO-77211,Light Blue,30,30,1,1,,,
2026-09-29,21:00-22:00,CWL-1,Laser Whisker,ST-4430 Mid Blue,PO-77211,Light Blue,34,33,1,0,,,
2026-09-29,22:00-23:00,CWL-1,Laser Whisker,ST-4430 Mid Blue,PO-77211,Light Blue,30,27,0,1,,,
2026-09-29,23:00-00:00,CWL-1,Laser Whisker,ST-4430 Mid Blue,PO-77211,Light Blue,28,28,1,0,,,
2026-09-29,00:00-01:00,CWL-1,Laser Whisker,ST-2285 Dye Black,PO-99040,Jet Black,26,24,0,0,,,
2026-09-29,01:00-02:00,CWL-1,Laser Whisker,ST-2285 Dye Black,PO-99040,Jet Black,33,34,0,0,,,
2026-09-29,02:00-03:00,CWL-1,Laser Whisker,ST-2285 Dye Black,PO-99040,Jet Black,34,33,0,1,,,
2026-09-29,03:00-04:00,CWL-1,Laser Whisker,ST-2285 Dye Black,PO-99040,Jet Black,28,28,0,0,,,
2026-09-29,04:00-05:00,CWL-1,Laser Whisker,ST-2285 Dye Black,PO-99040,Jet Black,28,27,0,0,,,
2026-09-29,05:00-06:00,CWL-1,Laser Whisker,ST-2285 Dye Black,PO-99040,Jet Black,29,27,1,1,,,
2026-09-29,06:00-07:00,CWL-1,Laser Whisker,ST-2285 Dye Black,PO-99040,Jet Black,31,28,1,0,,,
2026-09-29,07:00-08:00,CWL-1,Laser Whisker,ST-2285 Dye Black,PO-99040,Jet Black,30,29,1,0,,,
2026-09-29,08:00-09:00,CWL-1,Laser Mark Destroy,ST-5120 Acid Blast,PO-88010,Acid Black,83,79,1,1,,,
2026-09-29,09:00-10:00,CWL-1,Laser Mark Destroy,ST-5120 Acid Blast,PO-88010,Acid Black,19,19,0,0,30,Waiting for material,
2026-09-29,10:00-11:00,CWL-1,Laser Mark Destroy,ST-5120 Acid Blast,PO-88010,Acid Black,111,103,2,1,,,
2026-09-29,11:00-12:00,CWL-1,Laser Mark Destroy,ST-5120 Acid Blast,PO-88010,Acid Black,110,101,3,1,,,
2026-09-29,12:00-13:00,CWL-1,Laser Mark Destroy,ST-5120 Acid Blast,PO-88010,Acid Black,36,34,1,1,45,Quality hold,
2026-09-29,13:00-14:00,CWL-1,Laser Mark Destroy,ST-5120 Acid Blast,PO-88010,Acid Black,93,86,1,1,,,
2026-09-29,14:00-15:00,CWL-1,Laser Mark Destroy,ST-5120 Acid Blast,PO-88010,Acid Black,80,81,1,1,,,
2026-09-29,15:00-16:00,CWL-1,Laser Mark Destroy,ST-5120 Acid Blast,PO-88010,Acid Black,103,97,3,2,,,
2026-09-29,16:00-17:00,CWL-1,Laser Mark Destroy,ST-4475 Vintage Wash,PO-77305,Vintage Indigo,82,81,1,1,,,
2026-09-29,17:00-18:00,CWL-1,Laser Mark Destroy,ST-4475 Vintage Wash,PO-77305,Vintage Indigo,89,82,2,1,,,
2026-09-29,18:00-19:00,CWL-1,Laser Mark Destroy,ST-4475 Vintage Wash,PO-77305,Vintage Indigo,103,97,1,1,,,
2026-09-29,19:00-20:00,CWL-1,Laser Mark Destroy,ST-4475 Vintage Wash,PO-77305,Vintage Indigo,100,98,2,1,,,
2026-09-29,20:00-21:00,CWL-1,Laser Mark Destroy,ST-4475 Vintage Wash,PO-77305,Vintage Indigo,89,86,2,2,,,
2026-09-29,21:00-22:00,CWL-1,Laser Mark Destroy,ST-4475 Vintage Wash,PO-77305,Vintage Indigo,91,90,2,2,,,
2026-09-29,22:00-23:00,CWL-1,Laser Mark Destroy,ST-4475 Vintage Wash,PO-77305,Vintage Indigo,46,42,1,0,45,Changeover / setup,
2026-09-29,23:00-00:00,CWL-1,Laser Mark Destroy,ST-4475 Vintage Wash,PO-77305,Vintage Indigo,104,102,2,1,,,
2026-09-29,00:00-01:00,CWL-1,Laser Mark Destroy,ST-5120 Acid Blast,PO-88010,Acid Black,75,71,2,2,,,
2026-09-29,01:00-02:00,CWL-1,Laser Mark Destroy,ST-5120 Acid Blast,PO-88010,Acid Black,101,98,1,2,,,
2026-09-29,02:00-03:00,CWL-1,Laser Mark Destroy,ST-5120 Acid Blast,PO-88010,Acid Black,94,89,1,1,,,
2026-09-29,03:00-04:00,CWL-1,Laser Mark Destroy,ST-5120 Acid Blast,PO-88010,Acid Black,81,81,1,1,,,
2026-09-29,04:00-05:00,CWL-1,Laser Mark Destroy,ST-5120 Acid Blast,PO-88010,Acid Black,88,86,2,1,,,
2026-09-29,05:00-06:00,CWL-1,Laser Mark Destroy,ST-5120 Acid Blast,PO-88010,Acid Black,109,102,2,1,,,
2026-09-29,06:00-07:00,CWL-1,Laser Mark Destroy,ST-5120 Acid Blast,PO-88010,Acid Black,88,87,2,0,,,
2026-09-29,07:00-08:00,CWL-1,Laser Mark Destroy,ST-5120 Acid Blast,PO-88010,Acid Black,100,96,0,1,,,
2026-09-29,08:00-09:00,CWL-1,Pattern Whisker,ST-3350 Twill Garment Dye,PO-66180,Olive,1020,1006,17,6,,,
2026-09-29,09:00-10:00,CWL-1,Pattern Whisker,ST-3350 Twill Garment Dye,PO-66180,Olive,1395,1278,23,12,,,
2026-09-29,10:00-11:00,CWL-1,Pattern Whisker,ST-3350 Twill Garment Dye,PO-66180,Olive,1265,1245,18,8,,,
2026-09-29,11:00-12:00,CWL-1,Pattern Whisker,ST-3350 Twill Garment Dye,PO-66180,Olive,1140,1149,33,16,,,
2026-09-29,12:00-13:00,CWL-1,Pattern Whisker,ST-3350 Twill Garment Dye,PO-66180,Olive,1235,1257,12,16,,,
2026-09-29,13:00-14:00,CWL-1,Pattern Whisker,ST-3350 Twill Garment Dye,PO-66180,Olive,1296,1196,18,22,,,
2026-09-29,14:00-15:00,CWL-1,Pattern Whisker,ST-3350 Twill Garment Dye,PO-66180,Olive,1163,1097,10,20,,,
2026-09-29,15:00-16:00,CWL-1,Pattern Whisker,ST-3350 Twill Garment Dye,PO-66180,Olive,1044,1058,23,11,,,
2026-09-29,16:00-17:00,CWL-1,Pattern Whisker,ST-4475 Vintage Wash,PO-77305,Vintage Indigo,1210,1165,28,8,,,
2026-09-29,17:00-18:00,CWL-1,Pattern Whisker,ST-4475 Vintage Wash,PO-77305,Vintage Indigo,1127,1101,31,20,,,
2026-09-29,18:00-19:00,CWL-1,Pattern Whisker,ST-4475 Vintage Wash,PO-77305,Vintage Indigo,1392,1333,18,17,,,
2026-09-29,19:00-20:00,CWL-1,Pattern Whisker,ST-4475 Vintage Wash,PO-77305,Vintage Indigo,351,345,11,3,30,Machine breakdown,
2026-09-29,20:00-21:00,CWL-1,Pattern Whisker,ST-4475 Vintage Wash,PO-77305,Vintage Indigo,1351,1301,15,13,,,
2026-09-29,21:00-22:00,CWL-1,Pattern Whisker,ST-4475 Vintage Wash,PO-77305,Vintage Indigo,1129,1118,19,11,,,
2026-09-29,22:00-23:00,CWL-1,Pattern Whisker,ST-4475 Vintage Wash,PO-77305,Vintage Indigo,1311,1279,15,16,,,
2026-09-29,23:00-00:00,CWL-1,Pattern Whisker,ST-4475 Vintage Wash,PO-77305,Vintage Indigo,1318,1250,30,17,,,
2026-09-29,00:00-01:00,CWL-1,Pattern Whisker,ST-3350 Twill Garment Dye,PO-66180,Olive,880,893,13,18,,,
2026-09-29,01:00-02:00,CWL-1,Pattern Whisker,ST-3350 Twill Garment Dye,PO-66180,Olive,1242,1252,33,9,,,
2026-09-29,02:00-03:00,CWL-1,Pattern Whisker,ST-3350 Twill Garment Dye,PO-66180,Olive,1343,1292,21,15,,,
2026-09-29,03:00-04:00,CWL-1,Pattern Whisker,ST-3350 Twill Garment Dye,PO-66180,Olive,1393,1362,23,8,,,
2026-09-29,04:00-05:00,CWL-1,Pattern Whisker,ST-3350 Twill Garment Dye,PO-66180,Olive,1146,1072,30,8,,,
2026-09-29,05:00-06:00,CWL-1,Pattern Whisker,ST-3350 Twill Garment Dye,PO-66180,Olive,1315,1208,28,9,,,
2026-09-29,06:00-07:00,CWL-1,Pattern Whisker,ST-3350 Twill Garment Dye,PO-66180,Olive,1167,1125,14,12,,,
2026-09-29,07:00-08:00,CWL-1,Pattern Whisker,ST-3350 Twill Garment Dye,PO-66180,Olive,1324,1346,19,11,,,
2026-09-29,08:00-09:00,CWL-1,Hand Sand (Front & Back),ST-3350 Twill Garment Dye,PO-66180,Olive,494,462,4,3,,,
2026-09-29,09:00-10:00,CWL-1,Hand Sand (Front & Back),ST-3350 Twill Garment Dye,PO-66180,Olive,522,528,8,9,,,
2026-09-29,10:00-11:00,CWL-1,Hand Sand (Front & Back),ST-3350 Twill Garment Dye,PO-66180,Olive,640,594,8,4,,,
2026-09-29,11:00-12:00,CWL-1,Hand Sand (Front & Back),ST-3350 Twill Garment Dye,PO-66180,Olive,654,613,6,5,,,
2026-09-29,12:00-13:00,CWL-1,Hand Sand (Front & Back),ST-3350 Twill Garment Dye,PO-66180,Olive,650,601,14,4,,,
2026-09-29,13:00-14:00,CWL-1,Hand Sand (Front & Back),ST-3350 Twill Garment Dye,PO-66180,Olive,626,602,17,4,,,
2026-09-29,14:00-15:00,CWL-1,Hand Sand (Front & Back),ST-3350 Twill Garment Dye,PO-66180,Olive,627,604,17,5,,,
2026-09-29,15:00-16:00,CWL-1,Hand Sand (Front & Back),ST-3350 Twill Garment Dye,PO-66180,Olive,608,566,16,6,,,
2026-09-29,16:00-17:00,CWL-1,Hand Sand (Front & Back),ST-4412 Dark Stone,PO-77102,Black Stone,485,442,5,5,,,
2026-09-29,17:00-18:00,CWL-1,Hand Sand (Front & Back),ST-4412 Dark Stone,PO-77102,Black Stone,52,51,1,0,15,Operator shortage,
2026-09-29,18:00-19:00,CWL-1,Hand Sand (Front & Back),ST-4412 Dark Stone,PO-77102,Black Stone,687,659,6,6,,,
2026-09-29,19:00-20:00,CWL-1,Hand Sand (Front & Back),ST-4412 Dark Stone,PO-77102,Black Stone,539,522,12,8,,,
2026-09-29,20:00-21:00,CWL-1,Hand Sand (Front & Back),ST-4412 Dark Stone,PO-77102,Black Stone,577,536,8,10,,,
2026-09-29,21:00-22:00,CWL-1,Hand Sand (Front & Back),ST-4412 Dark Stone,PO-77102,Black Stone,602,583,7,10,,,
2026-09-29,22:00-23:00,CWL-1,Hand Sand (Front & Back),ST-4412 Dark Stone,PO-77102,Black Stone,554,531,5,5,,,
2026-09-29,23:00-00:00,CWL-1,Hand Sand (Front & Back),ST-4412 Dark Stone,PO-77102,Black Stone,641,595,12,9,,,
2026-09-29,00:00-01:00,CWL-1,Hand Sand (Front & Back),ST-5120 Acid Blast,PO-88010,Acid Black,481,440,10,7,,,
2026-09-29,01:00-02:00,CWL-1,Hand Sand (Front & Back),ST-5120 Acid Blast,PO-88010,Acid Black,648,623,17,7,,,
2026-09-29,02:00-03:00,CWL-1,Hand Sand (Front & Back),ST-5120 Acid Blast,PO-88010,Acid Black,599,573,8,6,,,
2026-09-29,03:00-04:00,CWL-1,Hand Sand (Front & Back),ST-5120 Acid Blast,PO-88010,Acid Black,523,525,9,4,,,
2026-09-29,04:00-05:00,CWL-1,Hand Sand (Front & Back),ST-5120 Acid Blast,PO-88010,Acid Black,598,579,10,4,,,
2026-09-29,05:00-06:00,CWL-1,Hand Sand (Front & Back),ST-5120 Acid Blast,PO-88010,Acid Black,676,652,15,12,,,
2026-09-29,06:00-07:00,CWL-1,Hand Sand (Front & Back),ST-5120 Acid Blast,PO-88010,Acid Black,620,627,7,12,,,
2026-09-29,07:00-08:00,CWL-1,Hand Sand (Front & Back),ST-5120 Acid Blast,PO-88010,Acid Black,665,656,8,12,,,
2026-09-29,08:00-09:00,CWL-1,Allover Hand Sand,ST-5120 Acid Blast,PO-88010,Acid Black,72,72,2,1,,,
2026-09-29,09:00-10:00,CWL-1,Allover Hand Sand,ST-5120 Acid Blast,PO-88010,Acid Black,96,96,1,1,,,
2026-09-29,10:00-11:00,CWL-1,Allover Hand Sand,ST-5120 Acid Blast,PO-88010,Acid Black,89,90,3,1,,,
2026-09-29,11:00-12:00,CWL-1,Allover Hand Sand,ST-5120 Acid Blast,PO-88010,Acid Black,107,103,2,0,,,
2026-09-29,12:00-13:00,CWL-1,Allover Hand Sand,ST-5120 Acid Blast,PO-88010,Acid Black,101,98,2,1,,,
2026-09-29,13:00-14:00,CWL-1,Allover Hand Sand,ST-5120 Acid Blast,PO-88010,Acid Black,89,91,3,1,,,
2026-09-29,14:00-15:00,CWL-1,Allover Hand Sand,ST-5120 Acid Blast,PO-88010,Acid Black,96,89,2,1,,,
2026-09-29,15:00-16:00,CWL-1,Allover Hand Sand,ST-5120 Acid Blast,PO-88010,Acid Black,9,9,1,0,45,Waiting for input,
2026-09-29,16:00-17:00,CWL-1,Allover Hand Sand,ST-5120 Acid Blast,PO-88010,Acid Black,92,90,3,2,,,
2026-09-29,17:00-18:00,CWL-1,Allover Hand Sand,ST-5120 Acid Blast,PO-88010,Acid Black,90,91,2,1,,,
2026-09-29,18:00-19:00,CWL-1,Allover Hand Sand,ST-5120 Acid Blast,PO-88010,Acid Black,89,89,1,1,,,
2026-09-29,19:00-20:00,CWL-1,Allover Hand Sand,ST-5120 Acid Blast,PO-88010,Acid Black,105,105,1,1,,,
2026-09-29,20:00-21:00,CWL-1,Allover Hand Sand,ST-5120 Acid Blast,PO-88010,Acid Black,94,95,2,1,,,
2026-09-29,21:00-22:00,CWL-1,Allover Hand Sand,ST-5120 Acid Blast,PO-88010,Acid Black,111,102,1,2,,,
2026-09-29,22:00-23:00,CWL-1,Allover Hand Sand,ST-5120 Acid Blast,PO-88010,Acid Black,92,89,3,1,,,
2026-09-29,23:00-00:00,CWL-1,Allover Hand Sand,ST-5120 Acid Blast,PO-88010,Acid Black,97,91,1,1,,,
2026-09-29,00:00-01:00,CWL-1,Allover Hand Sand,ST-5133 Snow Acid,PO-88055,Snow White,84,77,1,1,,,
2026-09-29,01:00-02:00,CWL-1,Allover Hand Sand,ST-5133 Snow Acid,PO-88055,Snow White,90,88,1,2,,,
2026-09-29,02:00-03:00,CWL-1,Allover Hand Sand,ST-5133 Snow Acid,PO-88055,Snow White,102,101,3,2,,,
2026-09-29,03:00-04:00,CWL-1,Allover Hand Sand,ST-5133 Snow Acid,PO-88055,Snow White,89,82,1,1,,,
2026-09-29,04:00-05:00,CWL-1,Allover Hand Sand,ST-5133 Snow Acid,PO-88055,Snow White,95,88,2,1,,,
2026-09-29,05:00-06:00,CWL-1,Allover Hand Sand,ST-5133 Snow Acid,PO-88055,Snow White,97,92,3,1,,,
2026-09-29,06:00-07:00,CWL-1,Allover Hand Sand,ST-5133 Snow Acid,PO-88055,Snow White,91,92,2,1,,,
2026-09-29,07:00-08:00,CWL-1,Allover Hand Sand,ST-5133 Snow Acid,PO-88055,Snow White,96,95,3,1,,,
2026-09-29,08:00-09:00,CWL-1,Tagging,ST-3307 Twill Rinse,PO-66120,Khaki,681,657,14,5,,,
2026-09-29,09:00-10:00,CWL-1,Tagging,ST-3307 Twill Rinse,PO-66120,Khaki,931,853,19,11,,,
2026-09-29,10:00-11:00,CWL-1,Tagging,ST-3307 Twill Rinse,PO-66120,Khaki,805,776,20,6,,,
2026-09-29,11:00-12:00,CWL-1,Tagging,ST-3307 Twill Rinse,PO-66120,Khaki,725,732,17,6,,,
2026-09-29,12:00-13:00,CWL-1,Tagging,ST-3307 Twill Rinse,PO-66120,Khaki,778,764,23,11,,,
2026-09-29,13:00-14:00,CWL-1,Tagging,ST-3307 Twill Rinse,PO-66120,Khaki,707,696,15,9,,,
2026-09-29,14:00-15:00,CWL-1,Tagging,ST-3307 Twill Rinse,PO-66120,Khaki,713,724,10,8,,,
2026-09-29,15:00-16:00,CWL-1,Tagging,ST-3307 Twill Rinse,PO-66120,Khaki,865,845,10,5,,,
2026-09-29,16:00-17:00,CWL-1,Tagging,ST-4430 Mid Blue,PO-77211,Light Blue,665,629,13,7,,,
2026-09-29,17:00-18:00,CWL-1,Tagging,ST-4430 Mid Blue,PO-77211,Light Blue,908,849,17,14,,,
2026-09-29,18:00-19:00,CWL-1,Tagging,ST-4430 Mid Blue,PO-77211,Light Blue,724,726,10,14,,,
2026-09-29,19:00-20:00,CWL-1,Tagging,ST-4430 Mid Blue,PO-77211,Light Blue,743,729,15,10,,,
2026-09-29,20:00-21:00,CWL-1,Tagging,ST-4430 Mid Blue,PO-77211,Light Blue,844,843,13,7,,,
2026-09-29,21:00-22:00,CWL-1,Tagging,ST-4430 Mid Blue,PO-77211,Light Blue,787,724,17,7,,,
2026-09-29,22:00-23:00,CWL-1,Tagging,ST-4430 Mid Blue,PO-77211,Light Blue,871,845,23,12,,,
2026-09-29,23:00-00:00,CWL-1,Tagging,ST-4430 Mid Blue,PO-77211,Light Blue,672,679,17,6,,,
2026-09-29,00:00-01:00,CWL-1,Tagging,ST-2285 Dye Black,PO-99040,Jet Black,665,628,17,6,,,
2026-09-29,01:00-02:00,CWL-1,Tagging,ST-2285 Dye Black,PO-99040,Jet Black,683,694,18,7,,,
2026-09-29,02:00-03:00,CWL-1,Tagging,ST-2285 Dye Black,PO-99040,Jet Black,835,779,21,4,,,
2026-09-29,03:00-04:00,CWL-1,Tagging,ST-2285 Dye Black,PO-99040,Jet Black,136,136,4,2,30,Waiting for material,
2026-09-29,04:00-05:00,CWL-1,Tagging,ST-2285 Dye Black,PO-99040,Jet Black,709,707,10,8,,,
2026-09-29,05:00-06:00,CWL-1,Tagging,ST-2285 Dye Black,PO-99040,Jet Black,777,745,8,7,,,
2026-09-29,06:00-07:00,CWL-1,Tagging,ST-2285 Dye Black,PO-99040,Jet Black,724,724,21,8,,,
2026-09-29,07:00-08:00,CWL-1,Tagging,ST-2285 Dye Black,PO-99040,Jet Black,844,828,20,15,,,
2026-09-29,08:00-09:00,CWL-1,Grinding,ST-3350 Twill Garment Dye,PO-66180,Olive,180,181,2,1,,,
2026-09-29,09:00-10:00,CWL-1,Grinding,ST-3350 Twill Garment Dye,PO-66180,Olive,237,235,2,4,,,
2026-09-29,10:00-11:00,CWL-1,Grinding,ST-3350 Twill Garment Dye,PO-66180,Olive,231,214,2,2,,,
2026-09-29,11:00-12:00,CWL-1,Grinding,ST-3350 Twill Garment Dye,PO-66180,Olive,220,221,3,4,,,
2026-09-29,12:00-13:00,CWL-1,Grinding,ST-3350 Twill Garment Dye,PO-66180,Olive,236,233,3,3,,,
2026-09-29,13:00-14:00,CWL-1,Grinding,ST-3350 Twill Garment Dye,PO-66180,Olive,219,219,7,3,,,
2026-09-29,14:00-15:00,CWL-1,Grinding,ST-3350 Twill Garment Dye,PO-66180,Olive,238,219,3,4,,,
2026-09-29,15:00-16:00,CWL-1,Grinding,ST-3350 Twill Garment Dye,PO-66180,Olive,233,215,2,3,,,
2026-09-29,16:00-17:00,CWL-1,Grinding,ST-5120 Acid Blast,PO-88010,Acid Black,187,179,3,2,,,
2026-09-29,17:00-18:00,CWL-1,Grinding,ST-5120 Acid Blast,PO-88010,Acid Black,208,199,6,3,,,
2026-09-29,18:00-19:00,CWL-1,Grinding,ST-5120 Acid Blast,PO-88010,Acid Black,207,208,4,2,,,
2026-09-29,19:00-20:00,CWL-1,Grinding,ST-5120 Acid Blast,PO-88010,Acid Black,85,84,1,2,45,Waiting for material,
2026-09-29,20:00-21:00,CWL-1,Grinding,ST-5120 Acid Blast,PO-88010,Acid Black,254,245,3,4,,,
2026-09-29,21:00-22:00,CWL-1,Grinding,ST-5120 Acid Blast,PO-88010,Acid Black,215,216,4,2,,,
2026-09-29,22:00-23:00,CWL-1,Grinding,ST-5120 Acid Blast,PO-88010,Acid Black,224,228,2,3,,,
2026-09-29,23:00-00:00,CWL-1,Grinding,ST-5120 Acid Blast,PO-88010,Acid Black,246,242,5,4,,,
2026-09-29,00:00-01:00,CWL-1,Grinding,ST-4412 Dark Stone,PO-77102,Black Stone,229,208,2,2,,,
2026-09-29,01:00-02:00,CWL-1,Grinding,ST-4412 Dark Stone,PO-77102,Black Stone,240,234,5,1,,,
2026-09-29,02:00-03:00,CWL-1,Grinding,ST-4412 Dark Stone,PO-77102,Black Stone,263,242,4,4,,,
2026-09-29,03:00-04:00,CWL-1,Grinding,ST-4412 Dark Stone,PO-77102,Black Stone,240,232,5,3,,,
2026-09-29,04:00-05:00,CWL-1,Grinding,ST-4412 Dark Stone,PO-77102,Black Stone,254,255,5,4,,,
2026-09-29,05:00-06:00,CWL-1,Grinding,ST-4412 Dark Stone,PO-77102,Black Stone,34,32,1,1,30,Waiting for material,
2026-09-29,06:00-07:00,CWL-1,Grinding,ST-4412 Dark Stone,PO-77102,Black Stone,204,204,6,3,,,
2026-09-29,07:00-08:00,CWL-1,Grinding,ST-4412 Dark Stone,PO-77102,Black Stone,216,203,5,3,,,
2026-09-29,08:00-09:00,CWL-1,Destruction,ST-4430 Mid Blue,PO-77210,Mid Blue,181,169,5,1,,,
2026-09-29,09:00-10:00,CWL-1,Destruction,ST-4430 Mid Blue,PO-77210,Mid Blue,176,164,4,1,,,
2026-09-29,10:00-11:00,CWL-1,Destruction,ST-4430 Mid Blue,PO-77210,Mid Blue,170,165,4,2,,,
2026-09-29,11:00-12:00,CWL-1,Destruction,ST-4430 Mid Blue,PO-77210,Mid Blue,162,154,3,3,,,
2026-09-29,12:00-13:00,CWL-1,Destruction,ST-4430 Mid Blue,PO-77210,Mid Blue,197,186,3,2,,,
2026-09-29,13:00-14:00,CWL-1,Destruction,ST-4430 Mid Blue,PO-77210,Mid Blue,154,154,4,1,,,
2026-09-29,14:00-15:00,CWL-1,Destruction,ST-4430 Mid Blue,PO-77210,Mid Blue,181,170,4,1,,,
2026-09-29,15:00-16:00,CWL-1,Destruction,ST-4430 Mid Blue,PO-77210,Mid Blue,165,163,2,1,,,
2026-09-29,16:00-17:00,CWL-1,Destruction,ST-4430 Mid Blue,PO-77210,Mid Blue,148,139,4,1,,,
2026-09-29,17:00-18:00,CWL-1,Destruction,ST-4430 Mid Blue,PO-77210,Mid Blue,169,155,4,3,,,
2026-09-29,18:00-19:00,CWL-1,Destruction,ST-4430 Mid Blue,PO-77210,Mid Blue,191,183,3,2,,,
2026-09-29,19:00-20:00,CWL-1,Destruction,ST-4430 Mid Blue,PO-77210,Mid Blue,189,172,2,3,,,
2026-09-29,20:00-21:00,CWL-1,Destruction,ST-4430 Mid Blue,PO-77210,Mid Blue,171,174,4,2,,,
2026-09-29,21:00-22:00,CWL-1,Destruction,ST-4430 Mid Blue,PO-77210,Mid Blue,49,48,2,0,45,Quality hold,
2026-09-29,22:00-23:00,CWL-1,Destruction,ST-4430 Mid Blue,PO-77210,Mid Blue,182,168,3,3,,,
2026-09-29,23:00-00:00,CWL-1,Destruction,ST-4430 Mid Blue,PO-77210,Mid Blue,179,180,6,3,,,
2026-09-29,00:00-01:00,CWL-1,Destruction,ST-5133 Snow Acid,PO-88055,Snow White,159,160,2,2,,,
2026-09-29,01:00-02:00,CWL-1,Destruction,ST-5133 Snow Acid,PO-88055,Snow White,183,187,4,3,,,
2026-09-29,02:00-03:00,CWL-1,Destruction,ST-5133 Snow Acid,PO-88055,Snow White,176,160,4,2,,,
2026-09-29,03:00-04:00,CWL-1,Destruction,ST-5133 Snow Acid,PO-88055,Snow White,171,159,4,3,,,
2026-09-29,04:00-05:00,CWL-1,Destruction,ST-5133 Snow Acid,PO-88055,Snow White,201,190,2,2,,,
2026-09-29,05:00-06:00,CWL-1,Destruction,ST-5133 Snow Acid,PO-88055,Snow White,188,175,4,2,,,
2026-09-29,06:00-07:00,CWL-1,Destruction,ST-5133 Snow Acid,PO-88055,Snow White,192,178,3,2,,,
2026-09-29,07:00-08:00,CWL-1,Destruction,ST-5133 Snow Acid,PO-88055,Snow White,154,156,3,0,,,
2026-09-29,08:00-09:00,CWL-1,Cutting / Destroy,ST-3350 Twill Garment Dye,PO-66180,Olive,258,255,6,2,,,
2026-09-29,09:00-10:00,CWL-1,Cutting / Destroy,ST-3350 Twill Garment Dye,PO-66180,Olive,348,351,8,5,,,
2026-09-29,10:00-11:00,CWL-1,Cutting / Destroy,ST-3350 Twill Garment Dye,PO-66180,Olive,329,324,6,4,,,
2026-09-29,11:00-12:00,CWL-1,Cutting / Destroy,ST-3350 Twill Garment Dye,PO-66180,Olive,313,306,4,2,,,
2026-09-29,12:00-13:00,CWL-1,Cutting / Destroy,ST-3350 Twill Garment Dye,PO-66180,Olive,373,341,6,3,,,
2026-09-29,13:00-14:00,CWL-1,Cutting / Destroy,ST-3350 Twill Garment Dye,PO-66180,Olive,357,331,3,5,,,
2026-09-29,14:00-15:00,CWL-1,Cutting / Destroy,ST-3350 Twill Garment Dye,PO-66180,Olive,341,342,3,3,,,
2026-09-29,15:00-16:00,CWL-1,Cutting / Destroy,ST-3350 Twill Garment Dye,PO-66180,Olive,352,341,4,4,,,
2026-09-29,16:00-17:00,CWL-1,Cutting / Destroy,ST-5133 Snow Acid,PO-88055,Snow White,310,292,8,3,,,
2026-09-29,17:00-18:00,CWL-1,Cutting / Destroy,ST-5133 Snow Acid,PO-88055,Snow White,361,358,5,7,,,
2026-09-29,18:00-19:00,CWL-1,Cutting / Destroy,ST-5133 Snow Acid,PO-88055,Snow White,378,351,9,7,,,
2026-09-29,19:00-20:00,CWL-1,Cutting / Destroy,ST-5133 Snow Acid,PO-88055,Snow White,355,332,7,3,,,
2026-09-29,20:00-21:00,CWL-1,Cutting / Destroy,ST-5133 Snow Acid,PO-88055,Snow White,367,374,8,4,,,
2026-09-29,21:00-22:00,CWL-1,Cutting / Destroy,ST-5133 Snow Acid,PO-88055,Snow White,410,383,6,7,,,
2026-09-29,22:00-23:00,CWL-1,Cutting / Destroy,ST-5133 Snow Acid,PO-88055,Snow White,108,102,2,2,15,Waiting for material,
2026-09-29,23:00-00:00,CWL-1,Cutting / Destroy,ST-5133 Snow Acid,PO-88055,Snow White,134,131,1,2,15,Other,
2026-09-29,00:00-01:00,CWL-1,Cutting / Destroy,ST-3350 Twill Garment Dye,PO-66180,Olive,305,301,4,3,,,
2026-09-29,01:00-02:00,CWL-1,Cutting / Destroy,ST-3350 Twill Garment Dye,PO-66180,Olive,368,366,6,7,,,
2026-09-29,02:00-03:00,CWL-1,Cutting / Destroy,ST-3350 Twill Garment Dye,PO-66180,Olive,400,366,6,7,,,
2026-09-29,03:00-04:00,CWL-1,Cutting / Destroy,ST-3350 Twill Garment Dye,PO-66180,Olive,347,320,7,5,,,
2026-09-29,04:00-05:00,CWL-1,Cutting / Destroy,ST-3350 Twill Garment Dye,PO-66180,Olive,410,384,6,3,,,
2026-09-29,05:00-06:00,CWL-1,Cutting / Destroy,ST-3350 Twill Garment Dye,PO-66180,Olive,343,339,5,2,,,
2026-09-29,06:00-07:00,CWL-1,Cutting / Destroy,ST-3350 Twill Garment Dye,PO-66180,Olive,389,384,10,7,,,
2026-09-29,07:00-08:00,CWL-1,Cutting / Destroy,ST-3350 Twill Garment Dye,PO-66180,Olive,368,355,8,7,,,
2026-09-29,08:00-09:00,CWL-1,Air Blowing,ST-4430 Mid Blue,PO-77211,Light Blue,370,354,5,6,,,
2026-09-29,09:00-10:00,CWL-1,Air Blowing,ST-4430 Mid Blue,PO-77211,Light Blue,390,355,5,3,,,
2026-09-29,10:00-11:00,CWL-1,Air Blowing,ST-4430 Mid Blue,PO-77211,Light Blue,417,420,10,8,,,
2026-09-29,11:00-12:00,CWL-1,Air Blowing,ST-4430 Mid Blue,PO-77211,Light Blue,404,380,4,6,,,
2026-09-29,12:00-13:00,CWL-1,Air Blowing,ST-4430 Mid Blue,PO-77211,Light Blue,462,424,6,7,,,
2026-09-29,13:00-14:00,CWL-1,Air Blowing,ST-4430 Mid Blue,PO-77211,Light Blue,399,379,9,6,,,
2026-09-29,14:00-15:00,CWL-1,Air Blowing,ST-4430 Mid Blue,PO-77211,Light Blue,412,397,10,5,,,
2026-09-29,15:00-16:00,CWL-1,Air Blowing,ST-4430 Mid Blue,PO-77211,Light Blue,43,40,1,1,45,Power / utility,
2026-09-29,16:00-17:00,CWL-1,Air Blowing,ST-4430 Mid Blue,PO-77211,Light Blue,317,298,5,4,,,
2026-09-29,17:00-18:00,CWL-1,Air Blowing,ST-4430 Mid Blue,PO-77211,Light Blue,382,388,4,6,,,
2026-09-29,18:00-19:00,CWL-1,Air Blowing,ST-4430 Mid Blue,PO-77211,Light Blue,398,382,11,7,,,
2026-09-29,19:00-20:00,CWL-1,Air Blowing,ST-4430 Mid Blue,PO-77211,Light Blue,429,399,4,6,,,
2026-09-29,20:00-21:00,CWL-1,Air Blowing,ST-4430 Mid Blue,PO-77211,Light Blue,458,425,5,6,,,
2026-09-29,21:00-22:00,CWL-1,Air Blowing,ST-4430 Mid Blue,PO-77211,Light Blue,429,438,4,7,,,
2026-09-29,22:00-23:00,CWL-1,Air Blowing,ST-4430 Mid Blue,PO-77211,Light Blue,367,340,6,2,,,
2026-09-29,23:00-00:00,CWL-1,Air Blowing,ST-4430 Mid Blue,PO-77211,Light Blue,341,347,8,7,,,
2026-09-29,00:00-01:00,CWL-1,Air Blowing,ST-3350 Twill Garment Dye,PO-66180,Olive,332,335,3,6,,,
2026-09-29,01:00-02:00,CWL-1,Air Blowing,ST-3350 Twill Garment Dye,PO-66180,Olive,417,416,12,6,,,
2026-09-29,02:00-03:00,CWL-1,Air Blowing,ST-3350 Twill Garment Dye,PO-66180,Olive,374,341,6,5,,,
2026-09-29,03:00-04:00,CWL-1,Air Blowing,ST-3350 Twill Garment Dye,PO-66180,Olive,428,418,9,5,,,
2026-09-29,04:00-05:00,CWL-1,Air Blowing,ST-3350 Twill Garment Dye,PO-66180,Olive,430,433,8,4,,,
2026-09-29,05:00-06:00,CWL-1,Air Blowing,ST-3350 Twill Garment Dye,PO-66180,Olive,372,348,5,6,,,
2026-09-29,06:00-07:00,CWL-1,Air Blowing,ST-3350 Twill Garment Dye,PO-66180,Olive,400,364,8,5,,,
2026-09-29,07:00-08:00,CWL-1,Air Blowing,ST-3350 Twill Garment Dye,PO-66180,Olive,384,383,6,5,,,
2026-09-29,08:00-09:00,CWL-1,PP Spray (Front & Back),ST-4430 Mid Blue,PO-77211,Light Blue,868,815,8,16,,,
2026-09-29,09:00-10:00,CWL-1,PP Spray (Front & Back),ST-4430 Mid Blue,PO-77211,Light Blue,988,940,10,11,,,
2026-09-29,10:00-11:00,CWL-1,PP Spray (Front & Back),ST-4430 Mid Blue,PO-77211,Light Blue,1009,1002,20,9,,,
2026-09-29,11:00-12:00,CWL-1,PP Spray (Front & Back),ST-4430 Mid Blue,PO-77211,Light Blue,915,874,16,13,,,
2026-09-29,12:00-13:00,CWL-1,PP Spray (Front & Back),ST-4430 Mid Blue,PO-77211,Light Blue,904,864,22,11,,,
2026-09-29,13:00-14:00,CWL-1,PP Spray (Front & Back),ST-4430 Mid Blue,PO-77211,Light Blue,246,229,6,4,30,Operator shortage,
2026-09-29,14:00-15:00,CWL-1,PP Spray (Front & Back),ST-4430 Mid Blue,PO-77211,Light Blue,941,917,21,18,,,
2026-09-29,15:00-16:00,CWL-1,PP Spray (Front & Back),ST-4430 Mid Blue,PO-77211,Light Blue,1019,973,19,16,,,
2026-09-29,16:00-17:00,CWL-1,PP Spray (Front & Back),ST-5120 Acid Blast,PO-88010,Acid Black,833,806,10,16,,,
2026-09-29,17:00-18:00,CWL-1,PP Spray (Front & Back),ST-5120 Acid Blast,PO-88010,Acid Black,988,963,26,16,,,
2026-09-29,18:00-19:00,CWL-1,PP Spray (Front & Back),ST-5120 Acid Blast,PO-88010,Acid Black,982,915,23,6,,,
2026-09-29,19:00-20:00,CWL-1,PP Spray (Front & Back),ST-5120 Acid Blast,PO-88010,Acid Black,902,905,23,15,,,
2026-09-29,20:00-21:00,CWL-1,PP Spray (Front & Back),ST-5120 Acid Blast,PO-88010,Acid Black,968,904,8,17,,,
2026-09-29,21:00-22:00,CWL-1,PP Spray (Front & Back),ST-5120 Acid Blast,PO-88010,Acid Black,992,970,13,11,,,
2026-09-29,22:00-23:00,CWL-1,PP Spray (Front & Back),ST-5120 Acid Blast,PO-88010,Acid Black,858,811,12,11,,,
2026-09-29,23:00-00:00,CWL-1,PP Spray (Front & Back),ST-5120 Acid Blast,PO-88010,Acid Black,900,845,10,16,,,
2026-09-29,00:00-01:00,CWL-1,PP Spray (Front & Back),ST-2285 Dye Black,PO-99040,Jet Black,377,369,5,4,15,Power / utility,
2026-09-29,01:00-02:00,CWL-1,PP Spray (Front & Back),ST-2285 Dye Black,PO-99040,Jet Black,918,904,21,13,,,
2026-09-29,02:00-03:00,CWL-1,PP Spray (Front & Back),ST-2285 Dye Black,PO-99040,Jet Black,933,951,15,13,,,
2026-09-29,03:00-04:00,CWL-1,PP Spray (Front & Back),ST-2285 Dye Black,PO-99040,Jet Black,939,936,15,17,,,
2026-09-29,04:00-05:00,CWL-1,PP Spray (Front & Back),ST-2285 Dye Black,PO-99040,Jet Black,916,934,28,6,,,
2026-09-29,05:00-06:00,CWL-1,PP Spray (Front & Back),ST-2285 Dye Black,PO-99040,Jet Black,940,952,13,16,,,
2026-09-29,06:00-07:00,CWL-1,PP Spray (Front & Back),ST-2285 Dye Black,PO-99040,Jet Black,996,910,21,12,,,
2026-09-29,07:00-08:00,CWL-1,PP Spray (Front & Back),ST-2285 Dye Black,PO-99040,Jet Black,873,804,23,4,,,
2026-09-29,08:00-09:00,CWL-1,Allover PP Spray,ST-2285 Dye Black,PO-99040,Jet Black,244,240,3,3,,,
2026-09-29,09:00-10:00,CWL-1,Allover PP Spray,ST-2285 Dye Black,PO-99040,Jet Black,313,291,5,5,,,
2026-09-29,10:00-11:00,CWL-1,Allover PP Spray,ST-2285 Dye Black,PO-99040,Jet Black,305,304,7,3,,,
2026-09-29,11:00-12:00,CWL-1,Allover PP Spray,ST-2285 Dye Black,PO-99040,Jet Black,329,304,4,2,,,
2026-09-29,12:00-13:00,CWL-1,Allover PP Spray,ST-2285 Dye Black,PO-99040,Jet Black,343,349,4,3,,,
2026-09-29,13:00-14:00,CWL-1,Allover PP Spray,ST-2285 Dye Black,PO-99040,Jet Black,349,355,5,3,,,
2026-09-29,14:00-15:00,CWL-1,Allover PP Spray,ST-2285 Dye Black,PO-99040,Jet Black,302,285,4,2,,,
2026-09-29,15:00-16:00,CWL-1,Allover PP Spray,ST-2285 Dye Black,PO-99040,Jet Black,334,322,7,3,,,
2026-09-29,16:00-17:00,CWL-1,Allover PP Spray,ST-3307 Twill Rinse,PO-66120,Khaki,250,249,3,1,,,
2026-09-29,17:00-18:00,CWL-1,Allover PP Spray,ST-3307 Twill Rinse,PO-66120,Khaki,33,33,0,0,30,Changeover / setup,
2026-09-29,18:00-19:00,CWL-1,Allover PP Spray,ST-3307 Twill Rinse,PO-66120,Khaki,283,283,4,4,,,
2026-09-29,19:00-20:00,CWL-1,Allover PP Spray,ST-3307 Twill Rinse,PO-66120,Khaki,305,281,4,3,,,
2026-09-29,20:00-21:00,CWL-1,Allover PP Spray,ST-3307 Twill Rinse,PO-66120,Khaki,333,313,5,5,,,
2026-09-29,21:00-22:00,CWL-1,Allover PP Spray,ST-3307 Twill Rinse,PO-66120,Khaki,309,300,6,4,,,
2026-09-29,22:00-23:00,CWL-1,Allover PP Spray,ST-3307 Twill Rinse,PO-66120,Khaki,364,339,10,6,,,
2026-09-29,23:00-00:00,CWL-1,Allover PP Spray,ST-3307 Twill Rinse,PO-66120,Khaki,369,345,8,2,,,
2026-09-29,00:00-01:00,CWL-1,Allover PP Spray,ST-3307 Twill Rinse,PO-66120,Khaki,261,248,2,2,,,
2026-09-29,01:00-02:00,CWL-1,Allover PP Spray,ST-3307 Twill Rinse,PO-66120,Khaki,365,354,3,6,,,
2026-09-29,02:00-03:00,CWL-1,Allover PP Spray,ST-3307 Twill Rinse,PO-66120,Khaki,378,344,4,3,,,
2026-09-29,03:00-04:00,CWL-1,Allover PP Spray,ST-3307 Twill Rinse,PO-66120,Khaki,367,339,6,6,,,
2026-09-29,04:00-05:00,CWL-1,Allover PP Spray,ST-3307 Twill Rinse,PO-66120,Khaki,357,331,5,3,,,
2026-09-29,05:00-06:00,CWL-1,Allover PP Spray,ST-3307 Twill Rinse,PO-66120,Khaki,285,287,4,2,,,
2026-09-29,06:00-07:00,CWL-1,Allover PP Spray,ST-3307 Twill Rinse,PO-66120,Khaki,352,346,10,3,,,
2026-09-29,07:00-08:00,CWL-1,Allover PP Spray,ST-3307 Twill Rinse,PO-66120,Khaki,335,331,4,2,,,
2026-09-29,08:00-09:00,CWL-1,PP Rubbing,ST-4430 Mid Blue,PO-77211,Light Blue,162,163,3,2,,,
2026-09-29,09:00-10:00,CWL-1,PP Rubbing,ST-4430 Mid Blue,PO-77211,Light Blue,208,211,4,3,,,
2026-09-29,10:00-11:00,CWL-1,PP Rubbing,ST-4430 Mid Blue,PO-77211,Light Blue,205,204,3,2,,,
2026-09-29,11:00-12:00,CWL-1,PP Rubbing,ST-4430 Mid Blue,PO-77211,Light Blue,205,197,3,3,,,
2026-09-29,12:00-13:00,CWL-1,PP Rubbing,ST-4430 Mid Blue,PO-77211,Light Blue,211,197,3,4,,,
2026-09-29,13:00-14:00,CWL-1,PP Rubbing,ST-4430 Mid Blue,PO-77211,Light Blue,176,168,3,1,,,
2026-09-29,14:00-15:00,CWL-1,PP Rubbing,ST-4430 Mid Blue,PO-77211,Light Blue,190,178,5,2,,,
2026-09-29,15:00-16:00,CWL-1,PP Rubbing,ST-4430 Mid Blue,PO-77211,Light Blue,183,173,4,3,,,
2026-09-29,16:00-17:00,CWL-1,PP Rubbing,ST-4412 Dark Stone,PO-77102,Black Stone,15,15,1,0,45,Operator shortage,
2026-09-29,17:00-18:00,CWL-1,PP Rubbing,ST-4412 Dark Stone,PO-77102,Black Stone,204,189,3,3,,,
2026-09-29,18:00-19:00,CWL-1,PP Rubbing,ST-4412 Dark Stone,PO-77102,Black Stone,174,175,4,1,,,
2026-09-29,19:00-20:00,CWL-1,PP Rubbing,ST-4412 Dark Stone,PO-77102,Black Stone,172,166,4,3,,,
2026-09-29,20:00-21:00,CWL-1,PP Rubbing,ST-4412 Dark Stone,PO-77102,Black Stone,15,15,0,0,30,Machine breakdown,
2026-09-29,21:00-22:00,CWL-1,PP Rubbing,ST-4412 Dark Stone,PO-77102,Black Stone,209,204,6,4,,,
2026-09-29,22:00-23:00,CWL-1,PP Rubbing,ST-4412 Dark Stone,PO-77102,Black Stone,185,187,3,1,,,
2026-09-29,23:00-00:00,CWL-1,PP Rubbing,ST-4412 Dark Stone,PO-77102,Black Stone,211,203,1,1,,,
2026-09-29,00:00-01:00,CWL-1,PP Rubbing,ST-4430 Mid Blue,PO-77211,Light Blue,190,181,4,1,,,
2026-09-29,01:00-02:00,CWL-1,PP Rubbing,ST-4430 Mid Blue,PO-77211,Light Blue,182,180,3,2,,,
2026-09-29,02:00-03:00,CWL-1,PP Rubbing,ST-4430 Mid Blue,PO-77211,Light Blue,200,192,4,3,,,
2026-09-29,03:00-04:00,CWL-1,PP Rubbing,ST-4430 Mid Blue,PO-77211,Light Blue,203,197,3,3,,,
2026-09-29,04:00-05:00,CWL-1,PP Rubbing,ST-4430 Mid Blue,PO-77211,Light Blue,231,215,2,4,,,
2026-09-29,05:00-06:00,CWL-1,PP Rubbing,ST-4430 Mid Blue,PO-77211,Light Blue,214,210,6,4,,,
2026-09-29,06:00-07:00,CWL-1,PP Rubbing,ST-4430 Mid Blue,PO-77211,Light Blue,224,211,3,4,,,
2026-09-29,07:00-08:00,CWL-1,PP Rubbing,ST-4430 Mid Blue,PO-77211,Light Blue,196,194,3,1,,,
2026-09-29,08:00-09:00,CWL-1,Machine 3D,ST-3350 Twill Garment Dye,PO-66180,Olive,245,235,6,4,,,
2026-09-29,09:00-10:00,CWL-1,Machine 3D,ST-3350 Twill Garment Dye,PO-66180,Olive,303,287,8,2,,,
2026-09-29,10:00-11:00,CWL-1,Machine 3D,ST-3350 Twill Garment Dye,PO-66180,Olive,335,317,3,6,,,
2026-09-29,11:00-12:00,CWL-1,Machine 3D,ST-3350 Twill Garment Dye,PO-66180,Olive,280,262,7,2,,,
2026-09-29,12:00-13:00,CWL-1,Machine 3D,ST-3350 Twill Garment Dye,PO-66180,Olive,324,318,4,3,,,
2026-09-29,13:00-14:00,CWL-1,Machine 3D,ST-3350 Twill Garment Dye,PO-66180,Olive,307,296,6,3,,,
2026-09-29,14:00-15:00,CWL-1,Machine 3D,ST-3350 Twill Garment Dye,PO-66180,Olive,332,307,3,4,,,
2026-09-29,15:00-16:00,CWL-1,Machine 3D,ST-3350 Twill Garment Dye,PO-66180,Olive,303,282,3,2,,,
2026-09-29,16:00-17:00,CWL-1,Machine 3D,ST-5133 Snow Acid,PO-88055,Snow White,256,253,4,2,,,
2026-09-29,17:00-18:00,CWL-1,Machine 3D,ST-5133 Snow Acid,PO-88055,Snow White,346,321,4,5,,,
2026-09-29,18:00-19:00,CWL-1,Machine 3D,ST-5133 Snow Acid,PO-88055,Snow White,113,111,3,2,45,Power / utility,
2026-09-29,19:00-20:00,CWL-1,Machine 3D,ST-5133 Snow Acid,PO-88055,Snow White,259,250,3,3,,,
2026-09-29,20:00-21:00,CWL-1,Machine 3D,ST-5133 Snow Acid,PO-88055,Snow White,292,288,5,2,,,
2026-09-29,21:00-22:00,CWL-1,Machine 3D,ST-5133 Snow Acid,PO-88055,Snow White,316,287,8,5,,,
2026-09-29,22:00-23:00,CWL-1,Machine 3D,ST-5133 Snow Acid,PO-88055,Snow White,299,279,8,5,,,
2026-09-29,23:00-00:00,CWL-1,Machine 3D,ST-5133 Snow Acid,PO-88055,Snow White,265,252,6,5,,,
2026-09-29,00:00-01:00,CWL-1,Machine 3D,ST-2285 Dye Black,PO-99040,Jet Black,298,275,5,3,,,
2026-09-29,01:00-02:00,CWL-1,Machine 3D,ST-2285 Dye Black,PO-99040,Jet Black,282,277,3,4,,,
2026-09-29,02:00-03:00,CWL-1,Machine 3D,ST-2285 Dye Black,PO-99040,Jet Black,254,253,6,2,,,
2026-09-29,03:00-04:00,CWL-1,Machine 3D,ST-2285 Dye Black,PO-99040,Jet Black,294,297,3,5,,,
2026-09-29,04:00-05:00,CWL-1,Machine 3D,ST-2285 Dye Black,PO-99040,Jet Black,250,254,7,4,,,
2026-09-29,05:00-06:00,CWL-1,Machine 3D,ST-2285 Dye Black,PO-99040,Jet Black,341,311,3,6,,,
2026-09-29,06:00-07:00,CWL-1,Machine 3D,ST-2285 Dye Black,PO-99040,Jet Black,321,296,2,2,,,
2026-09-29,07:00-08:00,CWL-1,Machine 3D,ST-2285 Dye Black,PO-99040,Jet Black,281,282,4,3,,,
2026-09-29,08:00-09:00,CWL-1,Iron 3D,ST-2285 Dye Black,PO-99040,Jet Black,196,199,5,1,,,
2026-09-29,09:00-10:00,CWL-1,Iron 3D,ST-2285 Dye Black,PO-99040,Jet Black,249,233,6,1,,,
2026-09-29,10:00-11:00,CWL-1,Iron 3D,ST-2285 Dye Black,PO-99040,Jet Black,253,251,3,3,,,
2026-09-29,11:00-12:00,CWL-1,Iron 3D,ST-2285 Dye Black,PO-99040,Jet Black,259,245,6,4,,,
2026-09-29,12:00-13:00,CWL-1,Iron 3D,ST-2285 Dye Black,PO-99040,Jet Black,244,247,2,3,,,
2026-09-29,13:00-14:00,CWL-1,Iron 3D,ST-2285 Dye Black,PO-99040,Jet Black,289,266,5,5,,,
2026-09-29,14:00-15:00,CWL-1,Iron 3D,ST-2285 Dye Black,PO-99040,Jet Black,236,231,5,4,,,
2026-09-29,15:00-16:00,CWL-1,Iron 3D,ST-2285 Dye Black,PO-99040,Jet Black,270,262,2,5,,,
2026-09-29,16:00-17:00,CWL-1,Iron 3D,ST-4430 Mid Blue,PO-77211,Light Blue,245,236,7,2,,,
2026-09-29,17:00-18:00,CWL-1,Iron 3D,ST-4430 Mid Blue,PO-77211,Light Blue,267,268,5,5,,,
2026-09-29,18:00-19:00,CWL-1,Iron 3D,ST-4430 Mid Blue,PO-77211,Light Blue,258,245,7,5,,,
2026-09-29,19:00-20:00,CWL-1,Iron 3D,ST-4430 Mid Blue,PO-77211,Light Blue,261,242,6,2,,,
2026-09-29,20:00-21:00,CWL-1,Iron 3D,ST-4430 Mid Blue,PO-77211,Light Blue,310,300,4,4,,,
2026-09-29,21:00-22:00,CWL-1,Iron 3D,ST-4430 Mid Blue,PO-77211,Light Blue,241,235,6,3,,,
2026-09-29,22:00-23:00,CWL-1,Iron 3D,ST-4430 Mid Blue,PO-77211,Light Blue,231,231,2,4,,,
2026-09-29,23:00-00:00,CWL-1,Iron 3D,ST-4430 Mid Blue,PO-77211,Light Blue,293,291,9,4,,,
2026-09-29,00:00-01:00,CWL-1,Iron 3D,ST-2285 Dye Black,PO-99040,Jet Black,254,244,4,4,,,
2026-09-29,01:00-02:00,CWL-1,Iron 3D,ST-2285 Dye Black,PO-99040,Jet Black,263,266,2,5,,,
2026-09-29,02:00-03:00,CWL-1,Iron 3D,ST-2285 Dye Black,PO-99040,Jet Black,235,234,7,4,,,
2026-09-29,03:00-04:00,CWL-1,Iron 3D,ST-2285 Dye Black,PO-99040,Jet Black,284,287,6,3,,,
2026-09-29,04:00-05:00,CWL-1,Iron 3D,ST-2285 Dye Black,PO-99040,Jet Black,258,261,4,2,,,
2026-09-29,05:00-06:00,CWL-1,Iron 3D,ST-2285 Dye Black,PO-99040,Jet Black,299,279,5,4,,,
2026-09-29,06:00-07:00,CWL-1,Iron 3D,ST-2285 Dye Black,PO-99040,Jet Black,270,260,5,5,,,
2026-09-29,07:00-08:00,CWL-1,Iron 3D,ST-2285 Dye Black,PO-99040,Jet Black,15,15,0,0,45,Other,
2026-09-30,08:00-09:00,CWL-1,Laser Whisker,ST-4430 Mid Blue,PO-77211,Light Blue,26,24,1,1,,,
2026-09-30,09:00-10:00,CWL-1,Laser Whisker,ST-4430 Mid Blue,PO-77211,Light Blue,31,31,0,1,,,
2026-09-30,10:00-11:00,CWL-1,Laser Whisker,ST-4430 Mid Blue,PO-77211,Light Blue,35,35,1,0,,,
2026-09-30,11:00-12:00,CWL-1,Laser Whisker,ST-4430 Mid Blue,PO-77211,Light Blue,27,27,0,0,,,
2026-09-30,12:00-13:00,CWL-1,Laser Whisker,ST-4430 Mid Blue,PO-77211,Light Blue,2,2,0,0,15,Changeover / setup,
2026-09-30,13:00-14:00,CWL-1,Laser Whisker,ST-4430 Mid Blue,PO-77211,Light Blue,28,27,0,0,,,
2026-09-30,14:00-15:00,CWL-1,Laser Whisker,ST-4430 Mid Blue,PO-77211,Light Blue,34,34,1,0,,,
2026-09-30,15:00-16:00,CWL-1,Laser Whisker,ST-4430 Mid Blue,PO-77211,Light Blue,32,29,1,0,,,
2026-09-30,16:00-17:00,CWL-1,Laser Whisker,ST-5120 Acid Blast,PO-88010,Acid Black,27,26,0,0,,,
2026-09-30,17:00-18:00,CWL-1,Laser Whisker,ST-5120 Acid Blast,PO-88010,Acid Black,35,34,1,0,,,
2026-09-30,18:00-19:00,CWL-1,Laser Whisker,ST-5120 Acid Blast,PO-88010,Acid Black,27,27,1,1,,,
2026-09-30,19:00-20:00,CWL-1,Laser Whisker,ST-5120 Acid Blast,PO-88010,Acid Black,30,29,1,1,,,
2026-09-30,20:00-21:00,CWL-1,Laser Whisker,ST-5120 Acid Blast,PO-88010,Acid Black,32,30,1,1,,,
2026-09-30,21:00-22:00,CWL-1,Laser Whisker,ST-5120 Acid Blast,PO-88010,Acid Black,34,31,0,0,,,
2026-09-30,22:00-23:00,CWL-1,Laser Whisker,ST-5120 Acid Blast,PO-88010,Acid Black,29,28,0,0,,,
2026-09-30,23:00-00:00,CWL-1,Laser Whisker,ST-5120 Acid Blast,PO-88010,Acid Black,32,32,1,0,,,
2026-09-30,00:00-01:00,CWL-1,Laser Whisker,ST-4475 Vintage Wash,PO-77305,Vintage Indigo,25,24,1,0,,,
2026-09-30,01:00-02:00,CWL-1,Laser Whisker,ST-4475 Vintage Wash,PO-77305,Vintage Indigo,34,33,0,1,,,
2026-09-30,02:00-03:00,CWL-1,Laser Whisker,ST-4475 Vintage Wash,PO-77305,Vintage Indigo,31,31,0,0,,,
2026-09-30,03:00-04:00,CWL-1,Laser Whisker,ST-4475 Vintage Wash,PO-77305,Vintage Indigo,32,30,1,0,,,
2026-09-30,04:00-05:00,CWL-1,Laser Whisker,ST-4475 Vintage Wash,PO-77305,Vintage Indigo,34,32,0,1,,,
2026-09-30,05:00-06:00,CWL-1,Laser Whisker,ST-4475 Vintage Wash,PO-77305,Vintage Indigo,28,28,0,0,,,
2026-09-30,06:00-07:00,CWL-1,Laser Whisker,ST-4475 Vintage Wash,PO-77305,Vintage Indigo,34,32,0,0,,,
2026-09-30,07:00-08:00,CWL-1,Laser Whisker,ST-4475 Vintage Wash,PO-77305,Vintage Indigo,33,32,1,0,,,
2026-09-30,08:00-09:00,CWL-1,Laser Mark Destroy,ST-3307 Twill Rinse,PO-66120,Khaki,80,76,1,0,,,
2026-09-30,09:00-10:00,CWL-1,Laser Mark Destroy,ST-3307 Twill Rinse,PO-66120,Khaki,90,82,2,1,,,
2026-09-30,10:00-11:00,CWL-1,Laser Mark Destroy,ST-3307 Twill Rinse,PO-66120,Khaki,89,90,1,2,,,
2026-09-30,11:00-12:00,CWL-1,Laser Mark Destroy,ST-3307 Twill Rinse,PO-66120,Khaki,91,88,2,1,,,
2026-09-30,12:00-13:00,CWL-1,Laser Mark Destroy,ST-3307 Twill Rinse,PO-66120,Khaki,105,102,3,2,,,
2026-09-30,13:00-14:00,CWL-1,Laser Mark Destroy,ST-3307 Twill Rinse,PO-66120,Khaki,111,104,3,2,,,
2026-09-30,14:00-15:00,CWL-1,Laser Mark Destroy,ST-3307 Twill Rinse,PO-66120,Khaki,103,100,2,1,,,
2026-09-30,15:00-16:00,CWL-1,Laser Mark Destroy,ST-3307 Twill Rinse,PO-66120,Khaki,93,92,1,2,,,
2026-09-30,16:00-17:00,CWL-1,Laser Mark Destroy,ST-5120 Acid Blast,PO-88010,Acid Black,80,75,1,1,,,
2026-09-30,17:00-18:00,CWL-1,Laser Mark Destroy,ST-5120 Acid Blast,PO-88010,Acid Black,87,80,1,2,,,
2026-09-30,18:00-19:00,CWL-1,Laser Mark Destroy,ST-5120 Acid Blast,PO-88010,Acid Black,89,81,1,1,,,
2026-09-30,19:00-20:00,CWL-1,Laser Mark Destroy,ST-5120 Acid Blast,PO-88010,Acid Black,105,104,1,1,,,
2026-09-30,20:00-21:00,CWL-1,Laser Mark Destroy,ST-5120 Acid Blast,PO-88010,Acid Black,91,83,3,1,,,
2026-09-30,21:00-22:00,CWL-1,Laser Mark Destroy,ST-5120 Acid Blast,PO-88010,Acid Black,105,99,1,2,,,
2026-09-30,22:00-23:00,CWL-1,Laser Mark Destroy,ST-5120 Acid Blast,PO-88010,Acid Black,96,91,1,1,,,
2026-09-30,23:00-00:00,CWL-1,Laser Mark Destroy,ST-5120 Acid Blast,PO-88010,Acid Black,94,93,3,0,,,
2026-09-30,00:00-01:00,CWL-1,Laser Mark Destroy,ST-5120 Acid Blast,PO-88010,Acid Black,93,86,2,1,,,
2026-09-30,01:00-02:00,CWL-1,Laser Mark Destroy,ST-5120 Acid Blast,PO-88010,Acid Black,100,92,1,1,,,
2026-09-30,02:00-03:00,CWL-1,Laser Mark Destroy,ST-5120 Acid Blast,PO-88010,Acid Black,43,40,0,1,15,Waiting for input,
2026-09-30,03:00-04:00,CWL-1,Laser Mark Destroy,ST-5120 Acid Blast,PO-88010,Acid Black,87,82,1,1,,,
2026-09-30,04:00-05:00,CWL-1,Laser Mark Destroy,ST-5120 Acid Blast,PO-88010,Acid Black,96,89,1,1,,,
2026-09-30,05:00-06:00,CWL-1,Laser Mark Destroy,ST-5120 Acid Blast,PO-88010,Acid Black,98,98,1,1,,,
2026-09-30,06:00-07:00,CWL-1,Laser Mark Destroy,ST-5120 Acid Blast,PO-88010,Acid Black,83,84,1,1,,,
2026-09-30,07:00-08:00,CWL-1,Laser Mark Destroy,ST-5120 Acid Blast,PO-88010,Acid Black,101,101,1,2,,,
2026-09-30,08:00-09:00,CWL-1,Pattern Whisker,ST-5133 Snow Acid,PO-88055,Snow White,1087,1005,21,20,,,
2026-09-30,09:00-10:00,CWL-1,Pattern Whisker,ST-5133 Snow Acid,PO-88055,Snow White,1265,1233,20,11,,,
2026-09-30,10:00-11:00,CWL-1,Pattern Whisker,ST-5133 Snow Acid,PO-88055,Snow White,1297,1292,15,26,,,
2026-09-30,11:00-12:00,CWL-1,Pattern Whisker,ST-5133 Snow Acid,PO-88055,Snow White,1259,1151,34,21,,,
2026-09-30,12:00-13:00,CWL-1,Pattern Whisker,ST-5133 Snow Acid,PO-88055,Snow White,1037,1050,30,11,,,
2026-09-30,13:00-14:00,CWL-1,Pattern Whisker,ST-5133 Snow Acid,PO-88055,Snow White,1245,1260,15,18,,,
2026-09-30,14:00-15:00,CWL-1,Pattern Whisker,ST-5133 Snow Acid,PO-88055,Snow White,1281,1269,27,23,,,
2026-09-30,15:00-16:00,CWL-1,Pattern Whisker,ST-5133 Snow Acid,PO-88055,Snow White,1260,1275,13,11,,,
2026-09-30,16:00-17:00,CWL-1,Pattern Whisker,ST-4430 Mid Blue,PO-77211,Light Blue,1065,980,21,10,,,
2026-09-30,17:00-18:00,CWL-1,Pattern Whisker,ST-4430 Mid Blue,PO-77211,Light Blue,1320,1344,15,19,,,
2026-09-30,18:00-19:00,CWL-1,Pattern Whisker,ST-4430 Mid Blue,PO-77211,Light Blue,1475,1350,13,24,,,
2026-09-30,19:00-20:00,CWL-1,Pattern Whisker,ST-4430 Mid Blue,PO-77211,Light Blue,1428,1355,14,18,,,
2026-09-30,20:00-21:00,CWL-1,Pattern Whisker,ST-4430 Mid Blue,PO-77211,Light Blue,1170,1083,16,20,,,
2026-09-30,21:00-22:00,CWL-1,Pattern Whisker,ST-4430 Mid Blue,PO-77211,Light Blue,1164,1070,9,16,,,
2026-09-30,22:00-23:00,CWL-1,Pattern Whisker,ST-4430 Mid Blue,PO-77211,Light Blue,1093,1079,23,18,,,
2026-09-30,23:00-00:00,CWL-1,Pattern Whisker,ST-4430 Mid Blue,PO-77211,Light Blue,1128,1113,14,20,,,
2026-09-30,00:00-01:00,CWL-1,Pattern Whisker,ST-4475 Vintage Wash,PO-77305,Vintage Indigo,1128,1116,20,22,,,
2026-09-30,01:00-02:00,CWL-1,Pattern Whisker,ST-4475 Vintage Wash,PO-77305,Vintage Indigo,1130,1084,18,19,,,
2026-09-30,02:00-03:00,CWL-1,Pattern Whisker,ST-4475 Vintage Wash,PO-77305,Vintage Indigo,1283,1251,25,19,,,
2026-09-30,03:00-04:00,CWL-1,Pattern Whisker,ST-4475 Vintage Wash,PO-77305,Vintage Indigo,1304,1206,36,7,,,
2026-09-30,04:00-05:00,CWL-1,Pattern Whisker,ST-4475 Vintage Wash,PO-77305,Vintage Indigo,1187,1084,27,16,,,
2026-09-30,05:00-06:00,CWL-1,Pattern Whisker,ST-4475 Vintage Wash,PO-77305,Vintage Indigo,1303,1312,21,26,,,
2026-09-30,06:00-07:00,CWL-1,Pattern Whisker,ST-4475 Vintage Wash,PO-77305,Vintage Indigo,1159,1060,17,17,,,
2026-09-30,07:00-08:00,CWL-1,Pattern Whisker,ST-4475 Vintage Wash,PO-77305,Vintage Indigo,1257,1183,28,19,,,
2026-09-30,08:00-09:00,CWL-1,Hand Sand (Front & Back),ST-5120 Acid Blast,PO-88010,Acid Black,508,477,7,7,,,
2026-09-30,09:00-10:00,CWL-1,Hand Sand (Front & Back),ST-5120 Acid Blast,PO-88010,Acid Black,549,525,8,11,,,
2026-09-30,10:00-11:00,CWL-1,Hand Sand (Front & Back),ST-5120 Acid Blast,PO-88010,Acid Black,688,656,12,10,,,
2026-09-30,11:00-12:00,CWL-1,Hand Sand (Front & Back),ST-5120 Acid Blast,PO-88010,Acid Black,643,593,13,8,,,
2026-09-30,12:00-13:00,CWL-1,Hand Sand (Front & Back),ST-5120 Acid Blast,PO-88010,Acid Black,651,630,9,12,,,
2026-09-30,13:00-14:00,CWL-1,Hand Sand (Front & Back),ST-5120 Acid Blast,PO-88010,Acid Black,572,538,8,8,,,
2026-09-30,14:00-15:00,CWL-1,Hand Sand (Front & Back),ST-5120 Acid Blast,PO-88010,Acid Black,566,550,15,5,,,
2026-09-30,15:00-16:00,CWL-1,Hand Sand (Front & Back),ST-5120 Acid Blast,PO-88010,Acid Black,554,513,15,9,,,
2026-09-30,16:00-17:00,CWL-1,Hand Sand (Front & Back),ST-4475 Vintage Wash,PO-77306,Vintage Grey,527,516,7,3,,,
2026-09-30,17:00-18:00,CWL-1,Hand Sand (Front & Back),ST-4475 Vintage Wash,PO-77306,Vintage Grey,634,626,6,8,,,
2026-09-30,18:00-19:00,CWL-1,Hand Sand (Front & Back),ST-4475 Vintage Wash,PO-77306,Vintage Grey,730,670,15,7,,,
2026-09-30,19:00-20:00,CWL-1,Hand Sand (Front & Back),ST-4475 Vintage Wash,PO-77306,Vintage Grey,597,573,11,5,,,
2026-09-30,20:00-21:00,CWL-1,Hand Sand (Front & Back),ST-4475 Vintage Wash,PO-77306,Vintage Grey,610,604,8,9,,,
2026-09-30,21:00-22:00,CWL-1,Hand Sand (Front & Back),ST-4475 Vintage Wash,PO-77306,Vintage Grey,647,627,17,3,,,
2026-09-30,22:00-23:00,CWL-1,Hand Sand (Front & Back),ST-4475 Vintage Wash,PO-77306,Vintage Grey,691,662,11,6,,,
2026-09-30,23:00-00:00,CWL-1,Hand Sand (Front & Back),ST-4475 Vintage Wash,PO-77306,Vintage Grey,531,527,13,4,,,
2026-09-30,00:00-01:00,CWL-1,Hand Sand (Front & Back),ST-4430 Mid Blue,PO-77210,Mid Blue,535,500,9,9,,,
2026-09-30,01:00-02:00,CWL-1,Hand Sand (Front & Back),ST-4430 Mid Blue,PO-77210,Mid Blue,643,644,14,5,,,
2026-09-30,02:00-03:00,CWL-1,Hand Sand (Front & Back),ST-4430 Mid Blue,PO-77210,Mid Blue,557,564,5,3,,,
2026-09-30,03:00-04:00,CWL-1,Hand Sand (Front & Back),ST-4430 Mid Blue,PO-77210,Mid Blue,553,524,16,3,,,
2026-09-30,04:00-05:00,CWL-1,Hand Sand (Front & Back),ST-4430 Mid Blue,PO-77210,Mid Blue,565,571,15,6,,,
2026-09-30,05:00-06:00,CWL-1,Hand Sand (Front & Back),ST-4430 Mid Blue,PO-77210,Mid Blue,591,598,8,9,,,
2026-09-30,06:00-07:00,CWL-1,Hand Sand (Front & Back),ST-4430 Mid Blue,PO-77210,Mid Blue,617,628,12,4,,,
2026-09-30,07:00-08:00,CWL-1,Hand Sand (Front & Back),ST-4430 Mid Blue,PO-77210,Mid Blue,547,529,7,4,,,
2026-09-30,08:00-09:00,CWL-1,Allover Hand Sand,ST-2285 Dye Black,PO-99040,Jet Black,83,83,3,1,,,
2026-09-30,09:00-10:00,CWL-1,Allover Hand Sand,ST-2285 Dye Black,PO-99040,Jet Black,92,89,3,2,,,
2026-09-30,10:00-11:00,CWL-1,Allover Hand Sand,ST-2285 Dye Black,PO-99040,Jet Black,113,106,2,1,,,
2026-09-30,11:00-12:00,CWL-1,Allover Hand Sand,ST-2285 Dye Black,PO-99040,Jet Black,93,88,2,1,,,
2026-09-30,12:00-13:00,CWL-1,Allover Hand Sand,ST-2285 Dye Black,PO-99040,Jet Black,95,88,2,2,,,
2026-09-30,13:00-14:00,CWL-1,Allover Hand Sand,ST-2285 Dye Black,PO-99040,Jet Black,82,82,1,1,,,
2026-09-30,14:00-15:00,CWL-1,Allover Hand Sand,ST-2285 Dye Black,PO-99040,Jet Black,90,91,2,2,,,
2026-09-30,15:00-16:00,CWL-1,Allover Hand Sand,ST-2285 Dye Black,PO-99040,Jet Black,103,103,1,2,,,
2026-09-30,16:00-17:00,CWL-1,Allover Hand Sand,ST-3350 Twill Garment Dye,PO-66180,Olive,97,90,1,1,,,
2026-09-30,17:00-18:00,CWL-1,Allover Hand Sand,ST-3350 Twill Garment Dye,PO-66180,Olive,104,98,2,1,,,
2026-09-30,18:00-19:00,CWL-1,Allover Hand Sand,ST-3350 Twill Garment Dye,PO-66180,Olive,96,97,2,0,,,
2026-09-30,19:00-20:00,CWL-1,Allover Hand Sand,ST-3350 Twill Garment Dye,PO-66180,Olive,97,95,1,2,,,
2026-09-30,20:00-21:00,CWL-1,Allover Hand Sand,ST-3350 Twill Garment Dye,PO-66180,Olive,94,87,2,1,,,
2026-09-30,21:00-22:00,CWL-1,Allover Hand Sand,ST-3350 Twill Garment Dye,PO-66180,Olive,96,89,1,1,,,
2026-09-30,22:00-23:00,CWL-1,Allover Hand Sand,ST-3350 Twill Garment Dye,PO-66180,Olive,97,95,1,1,,,
2026-09-30,23:00-00:00,CWL-1,Allover Hand Sand,ST-3350 Twill Garment Dye,PO-66180,Olive,99,95,2,2,,,
2026-09-30,00:00-01:00,CWL-1,Allover Hand Sand,ST-5120 Acid Blast,PO-88010,Acid Black,86,82,1,1,,,
2026-09-30,01:00-02:00,CWL-1,Allover Hand Sand,ST-5120 Acid Blast,PO-88010,Acid Black,88,88,3,1,,,
2026-09-30,02:00-03:00,CWL-1,Allover Hand Sand,ST-5120 Acid Blast,PO-88010,Acid Black,106,105,3,2,,,
2026-09-30,03:00-04:00,CWL-1,Allover Hand Sand,ST-5120 Acid Blast,PO-88010,Acid Black,100,93,3,2,,,
2026-09-30,04:00-05:00,CWL-1,Allover Hand Sand,ST-5120 Acid Blast,PO-88010,Acid Black,110,103,3,1,,,
2026-09-30,05:00-06:00,CWL-1,Allover Hand Sand,ST-5120 Acid Blast,PO-88010,Acid Black,110,103,1,1,,,
2026-09-30,06:00-07:00,CWL-1,Allover Hand Sand,ST-5120 Acid Blast,PO-88010,Acid Black,99,90,1,1,,,
2026-09-30,07:00-08:00,CWL-1,Allover Hand Sand,ST-5120 Acid Blast,PO-88010,Acid Black,84,83,1,1,,,
2026-09-30,08:00-09:00,CWL-1,Tagging,ST-4475 Vintage Wash,PO-77305,Vintage Indigo,656,654,5,7,,,
2026-09-30,09:00-10:00,CWL-1,Tagging,ST-4475 Vintage Wash,PO-77305,Vintage Indigo,708,703,12,5,,,
2026-09-30,10:00-11:00,CWL-1,Tagging,ST-4475 Vintage Wash,PO-77305,Vintage Indigo,749,694,14,7,,,
2026-09-30,11:00-12:00,CWL-1,Tagging,ST-4475 Vintage Wash,PO-77305,Vintage Indigo,733,708,12,6,,,
2026-09-30,12:00-13:00,CWL-1,Tagging,ST-4475 Vintage Wash,PO-77305,Vintage Indigo,896,834,14,16,,,
2026-09-30,13:00-14:00,CWL-1,Tagging,ST-4475 Vintage Wash,PO-77305,Vintage Indigo,728,696,19,6,,,
2026-09-30,14:00-15:00,CWL-1,Tagging,ST-4475 Vintage Wash,PO-77305,Vintage Indigo,811,825,24,9,,,
2026-09-30,15:00-16:00,CWL-1,Tagging,ST-4475 Vintage Wash,PO-77305,Vintage Indigo,770,760,11,12,,,
2026-09-30,16:00-17:00,CWL-1,Tagging,ST-4430 Mid Blue,PO-77210,Mid Blue,706,666,6,9,,,
2026-09-30,17:00-18:00,CWL-1,Tagging,ST-4430 Mid Blue,PO-77210,Mid Blue,782,731,15,13,,,
2026-09-30,18:00-19:00,CWL-1,Tagging,ST-4430 Mid Blue,PO-77210,Mid Blue,884,835,18,15,,,
2026-09-30,19:00-20:00,CWL-1,Tagging,ST-4430 Mid Blue,PO-77210,Mid Blue,719,665,10,7,,,
2026-09-30,20:00-21:00,CWL-1,Tagging,ST-4430 Mid Blue,PO-77210,Mid Blue,678,660,10,8,,,
2026-09-30,21:00-22:00,CWL-1,Tagging,ST-4430 Mid Blue,PO-77210,Mid Blue,731,677,11,10,,,
2026-09-30,22:00-23:00,CWL-1,Tagging,ST-4430 Mid Blue,PO-77210,Mid Blue,806,761,19,14,,,
2026-09-30,23:00-00:00,CWL-1,Tagging,ST-4430 Mid Blue,PO-77210,Mid Blue,743,749,17,4,,,
2026-09-30,00:00-01:00,CWL-1,Tagging,ST-3350 Twill Garment Dye,PO-66180,Olive,726,693,20,13,,,
2026-09-30,01:00-02:00,CWL-1,Tagging,ST-3350 Twill Garment Dye,PO-66180,Olive,776,759,12,4,,,
2026-09-30,02:00-03:00,CWL-1,Tagging,ST-3350 Twill Garment Dye,PO-66180,Olive,762,729,12,6,,,
2026-09-30,03:00-04:00,CWL-1,Tagging,ST-3350 Twill Garment Dye,PO-66180,Olive,696,671,6,9,,,
2026-09-30,04:00-05:00,CWL-1,Tagging,ST-3350 Twill Garment Dye,PO-66180,Olive,867,793,11,8,,,
2026-09-30,05:00-06:00,CWL-1,Tagging,ST-3350 Twill Garment Dye,PO-66180,Olive,893,827,15,7,,,
2026-09-30,06:00-07:00,CWL-1,Tagging,ST-3350 Twill Garment Dye,PO-66180,Olive,861,785,14,5,,,
2026-09-30,07:00-08:00,CWL-1,Tagging,ST-3350 Twill Garment Dye,PO-66180,Olive,767,734,11,12,,,
2026-09-30,08:00-09:00,CWL-1,Grinding,ST-4430 Mid Blue,PO-77210,Mid Blue,189,190,1,1,,,
2026-09-30,09:00-10:00,CWL-1,Grinding,ST-4430 Mid Blue,PO-77210,Mid Blue,267,246,6,2,,,
2026-09-30,10:00-11:00,CWL-1,Grinding,ST-4430 Mid Blue,PO-77210,Mid Blue,253,234,3,2,,,
2026-09-30,11:00-12:00,CWL-1,Grinding,ST-4430 Mid Blue,PO-77210,Mid Blue,35,32,1,0,15,Changeover / setup,
2026-09-30,12:00-13:00,CWL-1,Grinding,ST-4430 Mid Blue,PO-77210,Mid Blue,246,245,2,5,,,
2026-09-30,13:00-14:00,CWL-1,Grinding,ST-4430 Mid Blue,PO-77210,Mid Blue,237,222,7,1,,,
2026-09-30,14:00-15:00,CWL-1,Grinding,ST-4430 Mid Blue,PO-77210,Mid Blue,264,253,4,3,,,
2026-09-30,15:00-16:00,CWL-1,Grinding,ST-4430 Mid Blue,PO-77210,Mid Blue,228,211,3,3,,,
2026-09-30,16:00-17:00,CWL-1,Grinding,ST-2285 Dye Black,PO-99040,Jet Black,229,220,4,3,,,
2026-09-30,17:00-18:00,CWL-1,Grinding,ST-2285 Dye Black,PO-99040,Jet Black,247,235,5,3,,,
2026-09-30,18:00-19:00,CWL-1,Grinding,ST-2285 Dye Black,PO-99040,Jet Black,239,220,2,3,,,
2026-09-30,19:00-20:00,CWL-1,Grinding,ST-2285 Dye Black,PO-99040,Jet Black,239,231,5,3,,,
2026-09-30,20:00-21:00,CWL-1,Grinding,ST-2285 Dye Black,PO-99040,Jet Black,206,207,3,3,,,
2026-09-30,21:00-22:00,CWL-1,Grinding,ST-2285 Dye Black,PO-99040,Jet Black,273,255,5,2,,,
2026-09-30,22:00-23:00,CWL-1,Grinding,ST-2285 Dye Black,PO-99040,Jet Black,251,231,3,2,,,
2026-09-30,23:00-00:00,CWL-1,Grinding,ST-2285 Dye Black,PO-99040,Jet Black,263,245,4,2,,,
2026-09-30,00:00-01:00,CWL-1,Grinding,ST-5120 Acid Blast,PO-88010,Acid Black,227,208,5,1,,,
2026-09-30,01:00-02:00,CWL-1,Grinding,ST-5120 Acid Blast,PO-88010,Acid Black,224,225,5,1,,,
2026-09-30,02:00-03:00,CWL-1,Grinding,ST-5120 Acid Blast,PO-88010,Acid Black,245,233,4,4,,,
2026-09-30,03:00-04:00,CWL-1,Grinding,ST-5120 Acid Blast,PO-88010,Acid Black,239,232,7,3,,,
2026-09-30,04:00-05:00,CWL-1,Grinding,ST-5120 Acid Blast,PO-88010,Acid Black,245,223,2,4,,,
2026-09-30,05:00-06:00,CWL-1,Grinding,ST-5120 Acid Blast,PO-88010,Acid Black,232,230,3,2,,,
2026-09-30,06:00-07:00,CWL-1,Grinding,ST-5120 Acid Blast,PO-88010,Acid Black,235,230,3,3,,,
2026-09-30,07:00-08:00,CWL-1,Grinding,ST-5120 Acid Blast,PO-88010,Acid Black,204,207,4,3,,,
2026-09-30,08:00-09:00,CWL-1,Destruction,ST-4475 Vintage Wash,PO-77306,Vintage Grey,152,147,3,1,,,
2026-09-30,09:00-10:00,CWL-1,Destruction,ST-4475 Vintage Wash,PO-77306,Vintage Grey,177,178,4,3,,,
2026-09-30,10:00-11:00,CWL-1,Destruction,ST-4475 Vintage Wash,PO-77306,Vintage Grey,156,152,4,1,,,
2026-09-30,11:00-12:00,CWL-1,Destruction,ST-4475 Vintage Wash,PO-77306,Vintage Grey,162,165,2,2,,,
2026-09-30,12:00-13:00,CWL-1,Destruction,ST-4475 Vintage Wash,PO-77306,Vintage Grey,187,183,4,2,,,
2026-09-30,13:00-14:00,CWL-1,Destruction,ST-4475 Vintage Wash,PO-77306,Vintage Grey,210,191,2,2,,,
2026-09-30,14:00-15:00,CWL-1,Destruction,ST-4475 Vintage Wash,PO-77306,Vintage Grey,190,192,5,3,,,
2026-09-30,15:00-16:00,CWL-1,Destruction,ST-4475 Vintage Wash,PO-77306,Vintage Grey,25,24,0,0,45,Waiting for input,
2026-09-30,16:00-17:00,CWL-1,Destruction,ST-3307 Twill Rinse,PO-66120,Khaki,148,147,1,1,,,
2026-09-30,17:00-18:00,CWL-1,Destruction,ST-3307 Twill Rinse,PO-66120,Khaki,161,162,4,0,,,
2026-09-30,18:00-19:00,CWL-1,Destruction,ST-3307 Twill Rinse,PO-66120,Khaki,192,183,2,2,,,
2026-09-30,19:00-20:00,CWL-1,Destruction,ST-3307 Twill Rinse,PO-66120,Khaki,178,167,3,2,,,
2026-09-30,20:00-21:00,CWL-1,Destruction,ST-3307 Twill Rinse,PO-66120,Khaki,180,178,4,1,,,
2026-09-30,21:00-22:00,CWL-1,Destruction,ST-3307 Twill Rinse,PO-66120,Khaki,163,164,4,2,,,
2026-09-30,22:00-23:00,CWL-1,Destruction,ST-3307 Twill Rinse,PO-66120,Khaki,172,163,2,2,,,
2026-09-30,23:00-00:00,CWL-1,Destruction,ST-3307 Twill Rinse,PO-66120,Khaki,178,173,2,2,,,
2026-09-30,00:00-01:00,CWL-1,Destruction,ST-4430 Mid Blue,PO-77210,Mid Blue,148,135,3,1,,,
2026-09-30,01:00-02:00,CWL-1,Destruction,ST-4430 Mid Blue,PO-77210,Mid Blue,151,152,2,2,,,
2026-09-30,02:00-03:00,CWL-1,Destruction,ST-4430 Mid Blue,PO-77210,Mid Blue,189,182,5,3,,,
2026-09-30,03:00-04:00,CWL-1,Destruction,ST-4430 Mid Blue,PO-77210,Mid Blue,181,168,3,1,,,
2026-09-30,04:00-05:00,CWL-1,Destruction,ST-4430 Mid Blue,PO-77210,Mid Blue,173,171,2,2,,,
2026-09-30,05:00-06:00,CWL-1,Destruction,ST-4430 Mid Blue,PO-77210,Mid Blue,39,38,1,0,30,Waiting for material,
2026-09-30,06:00-07:00,CWL-1,Destruction,ST-4430 Mid Blue,PO-77210,Mid Blue,74,68,2,1,15,Quality hold,
2026-09-30,07:00-08:00,CWL-1,Destruction,ST-4430 Mid Blue,PO-77210,Mid Blue,165,155,2,2,,,
2026-09-30,08:00-09:00,CWL-1,Cutting / Destroy,ST-4430 Mid Blue,PO-77210,Mid Blue,300,297,4,3,,,
2026-09-30,09:00-10:00,CWL-1,Cutting / Destroy,ST-4430 Mid Blue,PO-77210,Mid Blue,319,311,7,5,,,
2026-09-30,10:00-11:00,CWL-1,Cutting / Destroy,ST-4430 Mid Blue,PO-77210,Mid Blue,341,314,4,2,,,
2026-09-30,11:00-12:00,CWL-1,Cutting / Destroy,ST-4430 Mid Blue,PO-77210,Mid Blue,298,303,9,3,,,
2026-09-30,12:00-13:00,CWL-1,Cutting / Destroy,ST-4430 Mid Blue,PO-77210,Mid Blue,377,380,9,3,,,
2026-09-30,13:00-14:00,CWL-1,Cutting / Destroy,ST-4430 Mid Blue,PO-77210,Mid Blue,306,295,3,2,,,
2026-09-30,14:00-15:00,CWL-1,Cutting / Destroy,ST-4430 Mid Blue,PO-77210,Mid Blue,346,343,7,2,,,
2026-09-30,15:00-16:00,CWL-1,Cutting / Destroy,ST-4430 Mid Blue,PO-77210,Mid Blue,340,318,3,4,,,
2026-09-30,16:00-17:00,CWL-1,Cutting / Destroy,ST-2285 Dye Black,PO-99040,Jet Black,285,270,4,4,,,
2026-09-30,17:00-18:00,CWL-1,Cutting / Destroy,ST-2285 Dye Black,PO-99040,Jet Black,297,299,8,4,,,
2026-09-30,18:00-19:00,CWL-1,Cutting / Destroy,ST-2285 Dye Black,PO-99040,Jet Black,369,343,4,7,,,
2026-09-30,19:00-20:00,CWL-1,Cutting / Destroy,ST-2285 Dye Black,PO-99040,Jet Black,324,299,4,3,,,
2026-09-30,20:00-21:00,CWL-1,Cutting / Destroy,ST-2285 Dye Black,PO-99040,Jet Black,341,340,7,3,,,
2026-09-30,21:00-22:00,CWL-1,Cutting / Destroy,ST-2285 Dye Black,PO-99040,Jet Black,361,354,3,4,,,
2026-09-30,22:00-23:00,CWL-1,Cutting / Destroy,ST-2285 Dye Black,PO-99040,Jet Black,336,329,8,3,,,
2026-09-30,23:00-00:00,CWL-1,Cutting / Destroy,ST-2285 Dye Black,PO-99040,Jet Black,376,348,7,5,,,
2026-09-30,00:00-01:00,CWL-1,Cutting / Destroy,ST-4430 Mid Blue,PO-77211,Light Blue,347,326,3,6,,,
2026-09-30,01:00-02:00,CWL-1,Cutting / Destroy,ST-4430 Mid Blue,PO-77211,Light Blue,14,14,0,0,45,Other,
2026-09-30,02:00-03:00,CWL-1,Cutting / Destroy,ST-4430 Mid Blue,PO-77211,Light Blue,385,369,4,3,,,
2026-09-30,03:00-04:00,CWL-1,Cutting / Destroy,ST-4430 Mid Blue,PO-77211,Light Blue,404,373,3,8,,,
2026-09-30,04:00-05:00,CWL-1,Cutting / Destroy,ST-4430 Mid Blue,PO-77211,Light Blue,389,385,8,6,,,
2026-09-30,05:00-06:00,CWL-1,Cutting / Destroy,ST-4430 Mid Blue,PO-77211,Light Blue,382,365,6,6,,,
2026-09-30,06:00-07:00,CWL-1,Cutting / Destroy,ST-4430 Mid Blue,PO-77211,Light Blue,406,376,4,6,,,
2026-09-30,07:00-08:00,CWL-1,Cutting / Destroy,ST-4430 Mid Blue,PO-77211,Light Blue,333,313,3,5,,,
2026-09-30,08:00-09:00,CWL-1,Air Blowing,ST-4475 Vintage Wash,PO-77305,Vintage Indigo,375,360,7,5,,,
2026-09-30,09:00-10:00,CWL-1,Air Blowing,ST-4475 Vintage Wash,PO-77305,Vintage Indigo,379,346,7,6,,,
2026-09-30,10:00-11:00,CWL-1,Air Blowing,ST-4475 Vintage Wash,PO-77305,Vintage Indigo,418,425,13,4,,,
2026-09-30,11:00-12:00,CWL-1,Air Blowing,ST-4475 Vintage Wash,PO-77305,Vintage Indigo,402,367,4,5,,,
2026-09-30,12:00-13:00,CWL-1,Air Blowing,ST-4475 Vintage Wash,PO-77305,Vintage Indigo,414,422,9,4,,,
2026-09-30,13:00-14:00,CWL-1,Air Blowing,ST-4475 Vintage Wash,PO-77305,Vintage Indigo,369,344,8,2,,,
2026-09-30,14:00-15:00,CWL-1,Air Blowing,ST-4475 Vintage Wash,PO-77305,Vintage Indigo,340,337,5,4,,,
2026-09-30,15:00-16:00,CWL-1,Air Blowing,ST-4475 Vintage Wash,PO-77305,Vintage Indigo,445,409,6,6,,,
2026-09-30,16:00-17:00,CWL-1,Air Blowing,ST-3307 Twill Rinse,PO-66120,Khaki,336,310,6,4,,,
2026-09-30,17:00-18:00,CWL-1,Air Blowing,ST-3307 Twill Rinse,PO-66120,Khaki,366,372,11,3,,,
2026-09-30,18:00-19:00,CWL-1,Air Blowing,ST-3307 Twill Rinse,PO-66120,Khaki,366,339,6,6,,,
2026-09-30,19:00-20:00,CWL-1,Air Blowing,ST-3307 Twill Rinse,PO-66120,Khaki,356,358,8,4,,,
2026-09-30,20:00-21:00,CWL-1,Air Blowing,ST-3307 Twill Rinse,PO-66120,Khaki,406,407,7,4,,,
2026-09-30,21:00-22:00,CWL-1,Air Blowing,ST-3307 Twill Rinse,PO-66120,Khaki,437,403,6,6,,,
2026-09-30,22:00-23:00,CWL-1,Air Blowing,ST-3307 Twill Rinse,PO-66120,Khaki,452,418,4,6,,,
2026-09-30,23:00-00:00,CWL-1,Air Blowing,ST-3307 Twill Rinse,PO-66120,Khaki,434,437,10,5,,,
2026-09-30,00:00-01:00,CWL-1,Air Blowing,ST-3350 Twill Garment Dye,PO-66180,Olive,338,340,10,4,,,
2026-09-30,01:00-02:00,CWL-1,Air Blowing,ST-3350 Twill Garment Dye,PO-66180,Olive,447,443,7,6,,,
2026-09-30,02:00-03:00,CWL-1,Air Blowing,ST-3350 Twill Garment Dye,PO-66180,Olive,444,419,10,6,,,
2026-09-30,03:00-04:00,CWL-1,Air Blowing,ST-3350 Twill Garment Dye,PO-66180,Olive,368,349,10,5,,,
2026-09-30,04:00-05:00,CWL-1,Air Blowing,ST-3350 Twill Garment Dye,PO-66180,Olive,357,337,4,3,,,
2026-09-30,05:00-06:00,CWL-1,Air Blowing,ST-3350 Twill Garment Dye,PO-66180,Olive,422,417,3,7,,,
2026-09-30,06:00-07:00,CWL-1,Air Blowing,ST-3350 Twill Garment Dye,PO-66180,Olive,396,367,7,2,,,
2026-09-30,07:00-08:00,CWL-1,Air Blowing,ST-3350 Twill Garment Dye,PO-66180,Olive,433,409,6,5,,,
2026-09-30,08:00-09:00,CWL-1,PP Spray (Front & Back),ST-3307 Twill Rinse,PO-66120,Khaki,656,652,13,13,,,
2026-09-30,09:00-10:00,CWL-1,PP Spray (Front & Back),ST-3307 Twill Rinse,PO-66120,Khaki,809,801,13,10,,,
2026-09-30,10:00-11:00,CWL-1,PP Spray (Front & Back),ST-3307 Twill Rinse,PO-66120,Khaki,928,880,19,7,,,
2026-09-30,11:00-12:00,CWL-1,PP Spray (Front & Back),ST-3307 Twill Rinse,PO-66120,Khaki,822,779,15,9,,,
2026-09-30,12:00-13:00,CWL-1,PP Spray (Front & Back),ST-3307 Twill Rinse,PO-66120,Khaki,961,959,8,5,,,
2026-09-30,13:00-14:00,CWL-1,PP Spray (Front & Back),ST-3307 Twill Rinse,PO-66120,Khaki,901,851,12,4,,,
2026-09-30,14:00-15:00,CWL-1,PP Spray (Front & Back),ST-3307 Twill Rinse,PO-66120,Khaki,917,861,8,13,,,
2026-09-30,15:00-16:00,CWL-1,PP Spray (Front & Back),ST-3307 Twill Rinse,PO-66120,Khaki,892,861,8,17,,,
2026-09-30,16:00-17:00,CWL-1,PP Spray (Front & Back),ST-3350 Twill Garment Dye,PO-66180,Olive,88,81,0,0,15,Quality hold,
2026-09-30,17:00-18:00,CWL-1,PP Spray (Front & Back),ST-3350 Twill Garment Dye,PO-66180,Olive,214,201,3,3,45,Operator shortage,
2026-09-30,18:00-19:00,CWL-1,PP Spray (Front & Back),ST-3350 Twill Garment Dye,PO-66180,Olive,936,899,25,7,,,
2026-09-30,19:00-20:00,CWL-1,PP Spray (Front & Back),ST-3350 Twill Garment Dye,PO-66180,Olive,1039,947,29,10,,,
2026-09-30,20:00-21:00,CWL-1,PP Spray (Front & Back),ST-3350 Twill Garment Dye,PO-66180,Olive,948,934,9,10,,,
2026-09-30,21:00-22:00,CWL-1,PP Spray (Front & Back),ST-3350 Twill Garment Dye,PO-66180,Olive,871,807,22,5,,,
2026-09-30,22:00-23:00,CWL-1,PP Spray (Front & Back),ST-3350 Twill Garment Dye,PO-66180,Olive,872,844,17,6,,,
2026-09-30,23:00-00:00,CWL-1,PP Spray (Front & Back),ST-3350 Twill Garment Dye,PO-66180,Olive,852,812,18,12,,,
2026-09-30,00:00-01:00,CWL-1,PP Spray (Front & Back),ST-4412 Dark Stone,PO-77102,Black Stone,743,677,16,4,,,
2026-09-30,01:00-02:00,CWL-1,PP Spray (Front & Back),ST-4412 Dark Stone,PO-77102,Black Stone,949,906,23,17,,,
2026-09-30,02:00-03:00,CWL-1,PP Spray (Front & Back),ST-4412 Dark Stone,PO-77102,Black Stone,1006,943,19,5,,,
2026-09-30,03:00-04:00,CWL-1,PP Spray (Front & Back),ST-4412 Dark Stone,PO-77102,Black Stone,938,946,19,10,,,
2026-09-30,04:00-05:00,CWL-1,PP Spray (Front & Back),ST-4412 Dark Stone,PO-77102,Black Stone,919,881,13,12,,,
2026-09-30,05:00-06:00,CWL-1,PP Spray (Front & Back),ST-4412 Dark Stone,PO-77102,Black Stone,3,3,0,0,30,Power / utility,
2026-09-30,06:00-07:00,CWL-1,PP Spray (Front & Back),ST-4412 Dark Stone,PO-77102,Black Stone,859,853,22,17,,,
2026-09-30,07:00-08:00,CWL-1,PP Spray (Front & Back),ST-4412 Dark Stone,PO-77102,Black Stone,830,780,13,12,,,
2026-09-30,08:00-09:00,CWL-1,Allover PP Spray,ST-4430 Mid Blue,PO-77211,Light Blue,274,252,4,5,,,
2026-09-30,09:00-10:00,CWL-1,Allover PP Spray,ST-4430 Mid Blue,PO-77211,Light Blue,7,7,1,0,15,Quality hold,
2026-09-30,10:00-11:00,CWL-1,Allover PP Spray,ST-4430 Mid Blue,PO-77211,Light Blue,368,341,6,6,,,
2026-09-30,11:00-12:00,CWL-1,Allover PP Spray,ST-4430 Mid Blue,PO-77211,Light Blue,357,335,5,4,,,
2026-09-30,12:00-13:00,CWL-1,Allover PP Spray,ST-4430 Mid Blue,PO-77211,Light Blue,355,332,7,6,,,
2026-09-30,13:00-14:00,CWL-1,Allover PP Spray,ST-4430 Mid Blue,PO-77211,Light Blue,363,343,3,4,,,
2026-09-30,14:00-15:00,CWL-1,Allover PP Spray,ST-4430 Mid Blue,PO-77211,Light Blue,294,289,4,5,,,
2026-09-30,15:00-16:00,CWL-1,Allover PP Spray,ST-4430 Mid Blue,PO-77211,Light Blue,351,345,8,4,,,
2026-09-30,16:00-17:00,CWL-1,Allover PP Spray,ST-5120 Acid Blast,PO-88010,Acid Black,318,294,5,2,,,
2026-09-30,17:00-18:00,CWL-1,Allover PP Spray,ST-5120 Acid Blast,PO-88010,Acid Black,113,112,2,0,45,Other,
2026-09-30,18:00-19:00,CWL-1,Allover PP Spray,ST-5120 Acid Blast,PO-88010,Acid Black,320,312,5,3,,,
2026-09-30,19:00-20:00,CWL-1,Allover PP Spray,ST-5120 Acid Blast,PO-88010,Acid Black,334,335,8,6,,,
2026-09-30,20:00-21:00,CWL-1,Allover PP Spray,ST-5120 Acid Blast,PO-88010,Acid Black,360,362,11,3,,,
2026-09-30,21:00-22:00,CWL-1,Allover PP Spray,ST-5120 Acid Blast,PO-88010,Acid Black,375,355,10,3,,,
2026-09-30,22:00-23:00,CWL-1,Allover PP Spray,ST-5120 Acid Blast,PO-88010,Acid Black,366,342,4,6,,,
2026-09-30,23:00-00:00,CWL-1,Allover PP Spray,ST-5120 Acid Blast,PO-88010,Acid Black,308,304,6,5,,,
2026-09-30,00:00-01:00,CWL-1,Allover PP Spray,ST-2285 Dye Black,PO-99040,Jet Black,243,238,7,2,,,
2026-09-30,01:00-02:00,CWL-1,Allover PP Spray,ST-2285 Dye Black,PO-99040,Jet Black,348,345,8,3,,,
2026-09-30,02:00-03:00,CWL-1,Allover PP Spray,ST-2285 Dye Black,PO-99040,Jet Black,363,359,7,6,,,
2026-09-30,03:00-04:00,CWL-1,Allover PP Spray,ST-2285 Dye Black,PO-99040,Jet Black,304,306,5,4,,,
2026-09-30,04:00-05:00,CWL-1,Allover PP Spray,ST-2285 Dye Black,PO-99040,Jet Black,77,77,2,1,30,Quality hold,
2026-09-30,05:00-06:00,CWL-1,Allover PP Spray,ST-2285 Dye Black,PO-99040,Jet Black,95,87,2,2,15,Other,
2026-09-30,06:00-07:00,CWL-1,Allover PP Spray,ST-2285 Dye Black,PO-99040,Jet Black,316,313,4,5,,,
2026-09-30,07:00-08:00,CWL-1,Allover PP Spray,ST-2285 Dye Black,PO-99040,Jet Black,321,306,3,3,,,
2026-09-30,08:00-09:00,CWL-1,PP Rubbing,ST-3350 Twill Garment Dye,PO-66180,Olive,167,161,3,3,,,
2026-09-30,09:00-10:00,CWL-1,PP Rubbing,ST-3350 Twill Garment Dye,PO-66180,Olive,53,49,1,0,45,Other,
2026-09-30,10:00-11:00,CWL-1,PP Rubbing,ST-3350 Twill Garment Dye,PO-66180,Olive,190,184,3,4,,,
2026-09-30,11:00-12:00,CWL-1,PP Rubbing,ST-3350 Twill Garment Dye,PO-66180,Olive,215,198,4,1,,,
2026-09-30,12:00-13:00,CWL-1,PP Rubbing,ST-3350 Twill Garment Dye,PO-66180,Olive,212,208,2,3,,,
2026-09-30,13:00-14:00,CWL-1,PP Rubbing,ST-3350 Twill Garment Dye,PO-66180,Olive,206,208,2,1,,,
2026-09-30,14:00-15:00,CWL-1,PP Rubbing,ST-3350 Twill Garment Dye,PO-66180,Olive,181,182,2,3,,,
2026-09-30,15:00-16:00,CWL-1,PP Rubbing,ST-3350 Twill Garment Dye,PO-66180,Olive,213,213,5,3,,,
2026-09-30,16:00-17:00,CWL-1,PP Rubbing,ST-4475 Vintage Wash,PO-77306,Vintage Grey,157,153,2,2,,,
2026-09-30,17:00-18:00,CWL-1,PP Rubbing,ST-4475 Vintage Wash,PO-77306,Vintage Grey,206,210,4,3,,,
2026-09-30,18:00-19:00,CWL-1,PP Rubbing,ST-4475 Vintage Wash,PO-77306,Vintage Grey,175,169,3,3,,,
2026-09-30,19:00-20:00,CWL-1,PP Rubbing,ST-4475 Vintage Wash,PO-77306,Vintage Grey,198,187,5,2,,,
2026-09-30,20:00-21:00,CWL-1,PP Rubbing,ST-4475 Vintage Wash,PO-77306,Vintage Grey,210,214,2,2,,,
2026-09-30,21:00-22:00,CWL-1,PP Rubbing,ST-4475 Vintage Wash,PO-77306,Vintage Grey,208,208,2,4,,,
2026-09-30,22:00-23:00,CWL-1,PP Rubbing,ST-4475 Vintage Wash,PO-77306,Vintage Grey,217,212,5,4,,,
2026-09-30,23:00-00:00,CWL-1,PP Rubbing,ST-4475 Vintage Wash,PO-77306,Vintage Grey,187,181,2,4,,,
2026-09-30,00:00-01:00,CWL-1,PP Rubbing,ST-4430 Mid Blue,PO-77211,Light Blue,148,148,3,1,,,
2026-09-30,01:00-02:00,CWL-1,PP Rubbing,ST-4430 Mid Blue,PO-77211,Light Blue,221,212,2,2,,,
2026-09-30,02:00-03:00,CWL-1,PP Rubbing,ST-4430 Mid Blue,PO-77211,Light Blue,168,171,4,2,,,
2026-09-30,03:00-04:00,CWL-1,PP Rubbing,ST-4430 Mid Blue,PO-77211,Light Blue,183,167,4,1,,,
2026-09-30,04:00-05:00,CWL-1,PP Rubbing,ST-4430 Mid Blue,PO-77211,Light Blue,185,173,3,3,,,
2026-09-30,05:00-06:00,CWL-1,PP Rubbing,ST-4430 Mid Blue,PO-77211,Light Blue,203,185,5,2,,,
2026-09-30,06:00-07:00,CWL-1,PP Rubbing,ST-4430 Mid Blue,PO-77211,Light Blue,195,185,4,2,,,
2026-09-30,07:00-08:00,CWL-1,PP Rubbing,ST-4430 Mid Blue,PO-77211,Light Blue,177,166,5,2,,,
2026-09-30,08:00-09:00,CWL-1,Machine 3D,ST-3307 Twill Rinse,PO-66120,Khaki,225,211,3,4,,,
2026-09-30,09:00-10:00,CWL-1,Machine 3D,ST-3307 Twill Rinse,PO-66120,Khaki,270,248,3,3,,,
2026-09-30,10:00-11:00,CWL-1,Machine 3D,ST-3307 Twill Rinse,PO-66120,Khaki,300,290,5,2,,,
2026-09-30,11:00-12:00,CWL-1,Machine 3D,ST-3307 Twill Rinse,PO-66120,Khaki,317,298,5,6,,,
2026-09-30,12:00-13:00,CWL-1,Machine 3D,ST-3307 Twill Rinse,PO-66120,Khaki,306,306,5,6,,,
2026-09-30,13:00-14:00,CWL-1,Machine 3D,ST-3307 Twill Rinse,PO-66120,Khaki,321,299,7,4,,,
2026-09-30,14:00-15:00,CWL-1,Machine 3D,ST-3307 Twill Rinse,PO-66120,Khaki,285,284,8,5,,,
2026-09-30,15:00-16:00,CWL-1,Machine 3D,ST-3307 Twill Rinse,PO-66120,Khaki,296,288,6,2,,,
2026-09-30,16:00-17:00,CWL-1,Machine 3D,ST-2285 Dye Black,PO-99040,Jet Black,233,237,6,1,,,
2026-09-30,17:00-18:00,CWL-1,Machine 3D,ST-2285 Dye Black,PO-99040,Jet Black,340,326,5,3,,,
2026-09-30,18:00-19:00,CWL-1,Machine 3D,ST-2285 Dye Black,PO-99040,Jet Black,279,269,3,2,,,
2026-09-30,19:00-20:00,CWL-1,Machine 3D,ST-2285 Dye Black,PO-99040,Jet Black,270,274,5,1,,,
2026-09-30,20:00-21:00,CWL-1,Machine 3D,ST-2285 Dye Black,PO-99040,Jet Black,291,276,6,5,,,
2026-09-30,21:00-22:00,CWL-1,Machine 3D,ST-2285 Dye Black,PO-99040,Jet Black,274,277,2,2,,,
2026-09-30,22:00-23:00,CWL-1,Machine 3D,ST-2285 Dye Black,PO-99040,Jet Black,322,302,7,2,,,
2026-09-30,23:00-00:00,CWL-1,Machine 3D,ST-2285 Dye Black,PO-99040,Jet Black,267,264,6,4,,,
2026-09-30,00:00-01:00,CWL-1,Machine 3D,ST-5133 Snow Acid,PO-88055,Snow White,245,244,6,5,,,
2026-09-30,01:00-02:00,CWL-1,Machine 3D,ST-5133 Snow Acid,PO-88055,Snow White,289,268,7,4,,,
2026-09-30,02:00-03:00,CWL-1,Machine 3D,ST-5133 Snow Acid,PO-88055,Snow White,310,288,5,4,,,
2026-09-30,03:00-04:00,CWL-1,Machine 3D,ST-5133 Snow Acid,PO-88055,Snow White,325,323,4,5,,,
2026-09-30,04:00-05:00,CWL-1,Machine 3D,ST-5133 Snow Acid,PO-88055,Snow White,347,319,6,6,,,
2026-09-30,05:00-06:00,CWL-1,Machine 3D,ST-5133 Snow Acid,PO-88055,Snow White,283,274,8,1,,,
2026-09-30,06:00-07:00,CWL-1,Machine 3D,ST-5133 Snow Acid,PO-88055,Snow White,13,12,1,0,15,Waiting for input,
2026-09-30,07:00-08:00,CWL-1,Machine 3D,ST-5133 Snow Acid,PO-88055,Snow White,340,320,8,4,,,
2026-09-30,08:00-09:00,CWL-1,Iron 3D,ST-4430 Mid Blue,PO-77211,Light Blue,231,217,3,3,,,
2026-09-30,09:00-10:00,CWL-1,Iron 3D,ST-4430 Mid Blue,PO-77211,Light Blue,252,254,4,2,,,
2026-09-30,10:00-11:00,CWL-1,Iron 3D,ST-4430 Mid Blue,PO-77211,Light Blue,264,254,5,4,,,
2026-09-30,11:00-12:00,CWL-1,Iron 3D,ST-4430 Mid Blue,PO-77211,Light Blue,242,242,6,3,,,
2026-09-30,12:00-13:00,CWL-1,Iron 3D,ST-4430 Mid Blue,PO-77211,Light Blue,33,32,1,0,15,Changeover / setup,
2026-09-30,13:00-14:00,CWL-1,Iron 3D,ST-4430 Mid Blue,PO-77211,Light Blue,112,106,3,1,15,Power / utility,
2026-09-30,14:00-15:00,CWL-1,Iron 3D,ST-4430 Mid Blue,PO-77211,Light Blue,318,296,8,2,,,
2026-09-30,15:00-16:00,CWL-1,Iron 3D,ST-4430 Mid Blue,PO-77211,Light Blue,255,242,3,3,,,
2026-09-30,16:00-17:00,CWL-1,Iron 3D,ST-4475 Vintage Wash,PO-77305,Vintage Indigo,225,213,4,2,,,
2026-09-30,17:00-18:00,CWL-1,Iron 3D,ST-4475 Vintage Wash,PO-77305,Vintage Indigo,261,241,3,2,,,
2026-09-30,18:00-19:00,CWL-1,Iron 3D,ST-4475 Vintage Wash,PO-77305,Vintage Indigo,266,251,7,3,,,
2026-09-30,19:00-20:00,CWL-1,Iron 3D,ST-4475 Vintage Wash,PO-77305,Vintage Indigo,322,294,5,4,,,
2026-09-30,20:00-21:00,CWL-1,Iron 3D,ST-4475 Vintage Wash,PO-77305,Vintage Indigo,259,256,5,4,,,
2026-09-30,21:00-22:00,CWL-1,Iron 3D,ST-4475 Vintage Wash,PO-77305,Vintage Indigo,256,242,3,4,,,
2026-09-30,22:00-23:00,CWL-1,Iron 3D,ST-4475 Vintage Wash,PO-77305,Vintage Indigo,299,300,9,3,,,
2026-09-30,23:00-00:00,CWL-1,Iron 3D,ST-4475 Vintage Wash,PO-77305,Vintage Indigo,228,232,5,5,,,
2026-09-30,00:00-01:00,CWL-1,Iron 3D,ST-3307 Twill Rinse,PO-66120,Khaki,265,243,2,5,,,
2026-09-30,01:00-02:00,CWL-1,Iron 3D,ST-3307 Twill Rinse,PO-66120,Khaki,239,231,6,3,,,
2026-09-30,02:00-03:00,CWL-1,Iron 3D,ST-3307 Twill Rinse,PO-66120,Khaki,278,281,7,5,,,
2026-09-30,03:00-04:00,CWL-1,Iron 3D,ST-3307 Twill Rinse,PO-66120,Khaki,293,289,6,6,,,
2026-09-30,04:00-05:00,CWL-1,Iron 3D,ST-3307 Twill Rinse,PO-66120,Khaki,245,236,5,5,,,
2026-09-30,05:00-06:00,CWL-1,Iron 3D,ST-3307 Twill Rinse,PO-66120,Khaki,258,237,3,2,,,
2026-09-30,06:00-07:00,CWL-1,Iron 3D,ST-3307 Twill Rinse,PO-66120,Khaki,277,273,5,2,,,
2026-09-30,07:00-08:00,CWL-1,Iron 3D,ST-3307 Twill Rinse,PO-66120,Khaki,265,256,5,4,,,
2026-10-01,08:00-09:00,CWL-1,Laser Whisker,ST-5120 Acid Blast,PO-88010,Acid Black,29,28,1,0,,,
2026-10-01,09:00-10:00,CWL-1,Laser Whisker,ST-5120 Acid Blast,PO-88010,Acid Black,29,28,1,1,,,
2026-10-01,10:00-11:00,CWL-1,Laser Whisker,ST-5120 Acid Blast,PO-88010,Acid Black,29,28,1,0,,,
2026-10-01,11:00-12:00,CWL-1,Laser Whisker,ST-5120 Acid Blast,PO-88010,Acid Black,34,34,1,0,,,
2026-10-01,12:00-13:00,CWL-1,Laser Whisker,ST-5120 Acid Blast,PO-88010,Acid Black,30,28,1,0,,,
2026-10-01,13:00-14:00,CWL-1,Laser Whisker,ST-5120 Acid Blast,PO-88010,Acid Black,34,31,1,1,,,
2026-10-01,14:00-15:00,CWL-1,Laser Whisker,ST-5120 Acid Blast,PO-88010,Acid Black,11,11,1,1,45,Operator shortage,
2026-10-01,15:00-16:00,CWL-1,Laser Whisker,ST-5120 Acid Blast,PO-88010,Acid Black,31,31,0,0,,,
2026-10-01,16:00-17:00,CWL-1,Laser Whisker,ST-3350 Twill Garment Dye,PO-66180,Olive,29,29,0,1,,,
2026-10-01,17:00-18:00,CWL-1,Laser Whisker,ST-3350 Twill Garment Dye,PO-66180,Olive,34,33,1,1,,,
2026-10-01,18:00-19:00,CWL-1,Laser Whisker,ST-3350 Twill Garment Dye,PO-66180,Olive,31,31,0,0,,,
2026-10-01,19:00-20:00,CWL-1,Laser Whisker,ST-3350 Twill Garment Dye,PO-66180,Olive,35,34,1,0,,,
2026-10-01,20:00-21:00,CWL-1,Laser Whisker,ST-3350 Twill Garment Dye,PO-66180,Olive,34,34,1,0,,,
2026-10-01,21:00-22:00,CWL-1,Laser Whisker,ST-3350 Twill Garment Dye,PO-66180,Olive,28,28,1,0,,,
2026-10-01,22:00-23:00,CWL-1,Laser Whisker,ST-3350 Twill Garment Dye,PO-66180,Olive,27,27,1,0,,,
2026-10-01,23:00-00:00,CWL-1,Laser Whisker,ST-3350 Twill Garment Dye,PO-66180,Olive,33,31,1,1,,,
2026-10-01,00:00-01:00,CWL-1,Laser Whisker,ST-2285 Dye Black,PO-99040,Jet Black,29,29,1,0,,,
2026-10-01,01:00-02:00,CWL-1,Laser Whisker,ST-2285 Dye Black,PO-99040,Jet Black,31,31,1,1,,,
2026-10-01,02:00-03:00,CWL-1,Laser Whisker,ST-2285 Dye Black,PO-99040,Jet Black,33,32,0,0,,,
2026-10-01,03:00-04:00,CWL-1,Laser Whisker,ST-2285 Dye Black,PO-99040,Jet Black,30,28,1,1,,,
2026-10-01,04:00-05:00,CWL-1,Laser Whisker,ST-2285 Dye Black,PO-99040,Jet Black,29,27,0,1,,,
2026-10-01,05:00-06:00,CWL-1,Laser Whisker,ST-2285 Dye Black,PO-99040,Jet Black,34,32,1,1,,,
2026-10-01,06:00-07:00,CWL-1,Laser Whisker,ST-2285 Dye Black,PO-99040,Jet Black,31,31,1,0,,,
2026-10-01,07:00-08:00,CWL-1,Laser Whisker,ST-2285 Dye Black,PO-99040,Jet Black,36,33,0,0,,,
2026-10-01,08:00-09:00,CWL-1,Laser Mark Destroy,ST-5120 Acid Blast,PO-88010,Acid Black,87,82,1,1,,,
2026-10-01,09:00-10:00,CWL-1,Laser Mark Destroy,ST-5120 Acid Blast,PO-88010,Acid Black,95,90,1,1,,,
2026-10-01,10:00-11:00,CWL-1,Laser Mark Destroy,ST-5120 Acid Blast,PO-88010,Acid Black,107,99,2,1,,,
2026-10-01,11:00-12:00,CWL-1,Laser Mark Destroy,ST-5120 Acid Blast,PO-88010,Acid Black,105,99,1,1,,,
2026-10-01,12:00-13:00,CWL-1,Laser Mark Destroy,ST-5120 Acid Blast,PO-88010,Acid Black,115,105,3,2,,,
2026-10-01,13:00-14:00,CWL-1,Laser Mark Destroy,ST-5120 Acid Blast,PO-88010,Acid Black,91,85,3,1,,,
2026-10-01,14:00-15:00,CWL-1,Laser Mark Destroy,ST-5120 Acid Blast,PO-88010,Acid Black,112,103,2,1,,,
2026-10-01,15:00-16:00,CWL-1,Laser Mark Destroy,ST-5120 Acid Blast,PO-88010,Acid Black,91,87,1,0,,,
2026-10-01,16:00-17:00,CWL-1,Laser Mark Destroy,ST-4430 Mid Blue,PO-77211,Light Blue,80,78,2,1,,,
2026-10-01,17:00-18:00,CWL-1,Laser Mark Destroy,ST-4430 Mid Blue,PO-77211,Light Blue,109,102,1,1,,,
2026-10-01,18:00-19:00,CWL-1,Laser Mark Destroy,ST-4430 Mid Blue,PO-77211,Light Blue,92,90,1,1,,,
2026-10-01,19:00-20:00,CWL-1,Laser Mark Destroy,ST-4430 Mid Blue,PO-77211,Light Blue,86,86,1,1,,,
2026-10-01,20:00-21:00,CWL-1,Laser Mark Destroy,ST-4430 Mid Blue,PO-77211,Light Blue,111,101,2,2,,,
2026-10-01,21:00-22:00,CWL-1,Laser Mark Destroy,ST-4430 Mid Blue,PO-77211,Light Blue,105,104,2,1,,,
2026-10-01,22:00-23:00,CWL-1,Laser Mark Destroy,ST-4430 Mid Blue,PO-77211,Light Blue,104,104,1,0,,,
2026-10-01,23:00-00:00,CWL-1,Laser Mark Destroy,ST-4430 Mid Blue,PO-77211,Light Blue,86,83,1,1,,,
2026-10-01,00:00-01:00,CWL-1,Laser Mark Destroy,ST-4412 Dark Stone,PO-77102,Black Stone,90,87,1,1,,,
2026-10-01,01:00-02:00,CWL-1,Laser Mark Destroy,ST-4412 Dark Stone,PO-77102,Black Stone,99,91,1,1,,,
2026-10-01,02:00-03:00,CWL-1,Laser Mark Destroy,ST-4412 Dark Stone,PO-77102,Black Stone,88,87,1,2,,,
2026-10-01,03:00-04:00,CWL-1,Laser Mark Destroy,ST-4412 Dark Stone,PO-77102,Black Stone,112,103,3,2,,,
2026-10-01,04:00-05:00,CWL-1,Laser Mark Destroy,ST-4412 Dark Stone,PO-77102,Black Stone,102,93,1,1,,,
2026-10-01,05:00-06:00,CWL-1,Laser Mark Destroy,ST-4412 Dark Stone,PO-77102,Black Stone,94,93,1,2,,,
2026-10-01,06:00-07:00,CWL-1,Laser Mark Destroy,ST-4412 Dark Stone,PO-77102,Black Stone,89,87,2,1,,,
2026-10-01,07:00-08:00,CWL-1,Laser Mark Destroy,ST-4412 Dark Stone,PO-77102,Black Stone,89,90,2,2,,,
2026-10-01,08:00-09:00,CWL-1,Pattern Whisker,ST-4412 Dark Stone,PO-77103,Dark Blue,974,887,10,12,,,
2026-10-01,09:00-10:00,CWL-1,Pattern Whisker,ST-4412 Dark Stone,PO-77103,Dark Blue,1400,1350,24,25,,,
2026-10-01,10:00-11:00,CWL-1,Pattern Whisker,ST-4412 Dark Stone,PO-77103,Dark Blue,1211,1186,18,22,,,
2026-10-01,11:00-12:00,CWL-1,Pattern Whisker,ST-4412 Dark Stone,PO-77103,Dark Blue,1218,1156,26,8,,,
2026-10-01,12:00-13:00,CWL-1,Pattern Whisker,ST-4412 Dark Stone,PO-77103,Dark Blue,1156,1060,23,10,,,
2026-10-01,13:00-14:00,CWL-1,Pattern Whisker,ST-4412 Dark Stone,PO-77103,Dark Blue,1213,1221,14,9,,,
2026-10-01,14:00-15:00,CWL-1,Pattern Whisker,ST-4412 Dark Stone,PO-77103,Dark Blue,1338,1234,19,6,,,
2026-10-01,15:00-16:00,CWL-1,Pattern Whisker,ST-4412 Dark Stone,PO-77103,Dark Blue,1073,1051,23,18,,,
2026-10-01,16:00-17:00,CWL-1,Pattern Whisker,ST-5133 Snow Acid,PO-88055,Snow White,1169,1115,28,9,,,
2026-10-01,17:00-18:00,CWL-1,Pattern Whisker,ST-5133 Snow Acid,PO-88055,Snow White,1313,1238,12,8,,,
2026-10-01,18:00-19:00,CWL-1,Pattern Whisker,ST-5133 Snow Acid,PO-88055,Snow White,1378,1332,40,20,,,
2026-10-01,19:00-20:00,CWL-1,Pattern Whisker,ST-5133 Snow Acid,PO-88055,Snow White,1367,1351,16,25,,,
2026-10-01,20:00-21:00,CWL-1,Pattern Whisker,ST-5133 Snow Acid,PO-88055,Snow White,1272,1230,37,16,,,
2026-10-01,21:00-22:00,CWL-1,Pattern Whisker,ST-5133 Snow Acid,PO-88055,Snow White,1339,1277,12,19,,,
2026-10-01,22:00-23:00,CWL-1,Pattern Whisker,ST-5133 Snow Acid,PO-88055,Snow White,1316,1319,11,21,,,
2026-10-01,23:00-00:00,CWL-1,Pattern Whisker,ST-5133 Snow Acid,PO-88055,Snow White,1231,1121,22,14,,,
2026-10-01,00:00-01:00,CWL-1,Pattern Whisker,ST-4412 Dark Stone,PO-77103,Dark Blue,970,976,18,16,,,
2026-10-01,01:00-02:00,CWL-1,Pattern Whisker,ST-4412 Dark Stone,PO-77103,Dark Blue,1351,1353,30,27,,,
2026-10-01,02:00-03:00,CWL-1,Pattern Whisker,ST-4412 Dark Stone,PO-77103,Dark Blue,1399,1288,19,21,,,
2026-10-01,03:00-04:00,CWL-1,Pattern Whisker,ST-4412 Dark Stone,PO-77103,Dark Blue,1313,1323,17,12,,,
2026-10-01,04:00-05:00,CWL-1,Pattern Whisker,ST-4412 Dark Stone,PO-77103,Dark Blue,1318,1260,21,22,,,
2026-10-01,05:00-06:00,CWL-1,Pattern Whisker,ST-4412 Dark Stone,PO-77103,Dark Blue,1340,1281,21,13,,,
2026-10-01,06:00-07:00,CWL-1,Pattern Whisker,ST-4412 Dark Stone,PO-77103,Dark Blue,1179,1091,10,15,,,
2026-10-01,07:00-08:00,CWL-1,Pattern Whisker,ST-4412 Dark Stone,PO-77103,Dark Blue,1332,1353,13,20,,,
2026-10-01,08:00-09:00,CWL-1,Hand Sand (Front & Back),ST-5133 Snow Acid,PO-88055,Snow White,558,550,6,3,,,
2026-10-01,09:00-10:00,CWL-1,Hand Sand (Front & Back),ST-5133 Snow Acid,PO-88055,Snow White,544,552,7,3,,,
2026-10-01,10:00-11:00,CWL-1,Hand Sand (Front & Back),ST-5133 Snow Acid,PO-88055,Snow White,579,529,12,10,,,
2026-10-01,11:00-12:00,CWL-1,Hand Sand (Front & Back),ST-5133 Snow Acid,PO-88055,Snow White,659,643,15,12,,,
2026-10-01,12:00-13:00,CWL-1,Hand Sand (Front & Back),ST-5133 Snow Acid,PO-88055,Snow White,250,231,1,2,15,Operator shortage,
2026-10-01,13:00-14:00,CWL-1,Hand Sand (Front & Back),ST-5133 Snow Acid,PO-88055,Snow White,177,175,3,3,30,Waiting for material,
2026-10-01,14:00-15:00,CWL-1,Hand Sand (Front & Back),ST-5133 Snow Acid,PO-88055,Snow White,545,541,11,6,,,
2026-10-01,15:00-16:00,CWL-1,Hand Sand (Front & Back),ST-5133 Snow Acid,PO-88055,Snow White,660,610,10,8,,,
2026-10-01,16:00-17:00,CWL-1,Hand Sand (Front & Back),ST-5120 Acid Blast,PO-88010,Acid Black,544,502,13,4,,,
2026-10-01,17:00-18:00,CWL-1,Hand Sand (Front & Back),ST-5120 Acid Blast,PO-88010,Acid Black,692,659,5,10,,,
2026-10-01,18:00-19:00,CWL-1,Hand Sand (Front & Back),ST-5120 Acid Blast,PO-88010,Acid Black,609,582,14,9,,,
2026-10-01,19:00-20:00,CWL-1,Hand Sand (Front & Back),ST-5120 Acid Blast,PO-88010,Acid Black,646,639,19,11,,,
2026-10-01,20:00-21:00,CWL-1,Hand Sand (Front & Back),ST-5120 Acid Blast,PO-88010,Acid Black,644,627,16,11,,,
2026-10-01,21:00-22:00,CWL-1,Hand Sand (Front & Back),ST-5120 Acid Blast,PO-88010,Acid Black,701,644,11,11,,,
2026-10-01,22:00-23:00,CWL-1,Hand Sand (Front & Back),ST-5120 Acid Blast,PO-88010,Acid Black,560,537,6,3,,,
2026-10-01,23:00-00:00,CWL-1,Hand Sand (Front & Back),ST-5120 Acid Blast,PO-88010,Acid Black,633,594,13,9,,,
2026-10-01,00:00-01:00,CWL-1,Hand Sand (Front & Back),ST-4430 Mid Blue,PO-77210,Mid Blue,557,531,14,9,,,
2026-10-01,01:00-02:00,CWL-1,Hand Sand (Front & Back),ST-4430 Mid Blue,PO-77210,Mid Blue,617,570,12,5,,,
2026-10-01,02:00-03:00,CWL-1,Hand Sand (Front & Back),ST-4430 Mid Blue,PO-77210,Mid Blue,616,570,14,11,,,
2026-10-01,03:00-04:00,CWL-1,Hand Sand (Front & Back),ST-4430 Mid Blue,PO-77210,Mid Blue,665,628,10,10,,,
2026-10-01,04:00-05:00,CWL-1,Hand Sand (Front & Back),ST-4430 Mid Blue,PO-77210,Mid Blue,595,595,8,11,,,
2026-10-01,05:00-06:00,CWL-1,Hand Sand (Front & Back),ST-4430 Mid Blue,PO-77210,Mid Blue,655,656,5,5,,,
2026-10-01,06:00-07:00,CWL-1,Hand Sand (Front & Back),ST-4430 Mid Blue,PO-77210,Mid Blue,582,540,6,9,,,
2026-10-01,07:00-08:00,CWL-1,Hand Sand (Front & Back),ST-4430 Mid Blue,PO-77210,Mid Blue,690,642,11,10,,,
2026-10-01,08:00-09:00,CWL-1,Allover Hand Sand,ST-2285 Dye Black,PO-99040,Jet Black,73,74,0,1,,,
2026-10-01,09:00-10:00,CWL-1,Allover Hand Sand,ST-2285 Dye Black,PO-99040,Jet Black,6,6,0,0,45,Other,
2026-10-01,10:00-11:00,CWL-1,Allover Hand Sand,ST-2285 Dye Black,PO-99040,Jet Black,99,94,2,1,,,
2026-10-01,11:00-12:00,CWL-1,Allover Hand Sand,ST-2285 Dye Black,PO-99040,Jet Black,91,85,3,0,,,
2026-10-01,12:00-13:00,CWL-1,Allover Hand Sand,ST-2285 Dye Black,PO-99040,Jet Black,105,96,2,1,,,
2026-10-01,13:00-14:00,CWL-1,Allover Hand Sand,ST-2285 Dye Black,PO-99040,Jet Black,96,97,1,1,,,
2026-10-01,14:00-15:00,CWL-1,Allover Hand Sand,ST-2285 Dye Black,PO-99040,Jet Black,96,90,1,2,,,
2026-10-01,15:00-16:00,CWL-1,Allover Hand Sand,ST-2285 Dye Black,PO-99040,Jet Black,89,88,1,1,,,
2026-10-01,16:00-17:00,CWL-1,Allover Hand Sand,ST-5120 Acid Blast,PO-88010,Acid Black,4,4,0,0,45,Waiting for input,
2026-10-01,17:00-18:00,CWL-1,Allover Hand Sand,ST-5120 Acid Blast,PO-88010,Acid Black,92,91,3,1,,,
2026-10-01,18:00-19:00,CWL-1,Allover Hand Sand,ST-5120 Acid Blast,PO-88010,Acid Black,104,97,2,1,,,
2026-10-01,19:00-20:00,CWL-1,Allover Hand Sand,ST-5120 Acid Blast,PO-88010,Acid Black,91,84,2,1,,,
2026-10-01,20:00-21:00,CWL-1,Allover Hand Sand,ST-5120 Acid Blast,PO-88010,Acid Black,84,85,1,2,,,
2026-10-01,21:00-22:00,CWL-1,Allover Hand Sand,ST-5120 Acid Blast,PO-88010,Acid Black,87,84,3,1,,,
2026-10-01,22:00-23:00,CWL-1,Allover Hand Sand,ST-5120 Acid Blast,PO-88010,Acid Black,102,97,3,2,,,
2026-10-01,23:00-00:00,CWL-1,Allover Hand Sand,ST-5120 Acid Blast,PO-88010,Acid Black,97,97,1,2,,,
2026-10-01,00:00-01:00,CWL-1,Allover Hand Sand,ST-5120 Acid Blast,PO-88010,Acid Black,74,74,1,1,,,
2026-10-01,01:00-02:00,CWL-1,Allover Hand Sand,ST-5120 Acid Blast,PO-88010,Acid Black,99,93,2,0,,,
2026-10-01,02:00-03:00,CWL-1,Allover Hand Sand,ST-5120 Acid Blast,PO-88010,Acid Black,89,81,1,1,,,
2026-10-01,03:00-04:00,CWL-1,Allover Hand Sand,ST-5120 Acid Blast,PO-88010,Acid Black,90,87,2,0,,,
2026-10-01,04:00-05:00,CWL-1,Allover Hand Sand,ST-5120 Acid Blast,PO-88010,Acid Black,96,87,0,2,,,
2026-10-01,05:00-06:00,CWL-1,Allover Hand Sand,ST-5120 Acid Blast,PO-88010,Acid Black,95,90,2,1,,,
2026-10-01,06:00-07:00,CWL-1,Allover Hand Sand,ST-5120 Acid Blast,PO-88010,Acid Black,101,98,2,2,,,
2026-10-01,07:00-08:00,CWL-1,Allover Hand Sand,ST-5120 Acid Blast,PO-88010,Acid Black,104,104,2,2,,,
2026-10-01,08:00-09:00,CWL-1,Tagging,ST-3350 Twill Garment Dye,PO-66180,Olive,641,633,8,4,,,
2026-10-01,09:00-10:00,CWL-1,Tagging,ST-3350 Twill Garment Dye,PO-66180,Olive,781,723,7,8,,,
2026-10-01,10:00-11:00,CWL-1,Tagging,ST-3350 Twill Garment Dye,PO-66180,Olive,913,841,9,9,,,
2026-10-01,11:00-12:00,CWL-1,Tagging,ST-3350 Twill Garment Dye,PO-66180,Olive,853,781,16,9,,,
2026-10-01,12:00-13:00,CWL-1,Tagging,ST-3350 Twill Garment Dye,PO-66180,Olive,804,765,15,16,,,
2026-10-01,13:00-14:00,CWL-1,Tagging,ST-3350 Twill Garment Dye,PO-66180,Olive,786,747,9,7,,,
2026-10-01,14:00-15:00,CWL-1,Tagging,ST-3350 Twill Garment Dye,PO-66180,Olive,696,658,14,8,,,
2026-10-01,15:00-16:00,CWL-1,Tagging,ST-3350 Twill Garment Dye,PO-66180,Olive,706,701,12,7,,,
2026-10-01,16:00-17:00,CWL-1,Tagging,ST-2285 Dye Black,PO-99040,Jet Black,611,563,13,7,,,
2026-10-01,17:00-18:00,CWL-1,Tagging,ST-2285 Dye Black,PO-99040,Jet Black,825,791,23,16,,,
2026-10-01,18:00-19:00,CWL-1,Tagging,ST-2285 Dye Black,PO-99040,Jet Black,867,803,14,10,,,
2026-10-01,19:00-20:00,CWL-1,Tagging,ST-2285 Dye Black,PO-99040,Jet Black,741,701,12,5,,,
2026-10-01,20:00-21:00,CWL-1,Tagging,ST-2285 Dye Black,PO-99040,Jet Black,816,787,15,9,,,
2026-10-01,21:00-22:00,CWL-1,Tagging,ST-2285 Dye Black,PO-99040,Jet Black,334,306,9,2,30,Quality hold,
2026-10-01,22:00-23:00,CWL-1,Tagging,ST-2285 Dye Black,PO-99040,Jet Black,729,704,13,13,,,
2026-10-01,23:00-00:00,CWL-1,Tagging,ST-2285 Dye Black,PO-99040,Jet Black,778,755,8,9,,,
2026-10-01,00:00-01:00,CWL-1,Tagging,ST-4430 Mid Blue,PO-77210,Mid Blue,742,721,20,5,,,
2026-10-01,01:00-02:00,CWL-1,Tagging,ST-4430 Mid Blue,PO-77210,Mid Blue,830,832,20,9,,,
2026-10-01,02:00-03:00,CWL-1,Tagging,ST-4430 Mid Blue,PO-77210,Mid Blue,819,832,14,11,,,
2026-10-01,03:00-04:00,CWL-1,Tagging,ST-4430 Mid Blue,PO-77210,Mid Blue,918,851,12,16,,,
2026-10-01,04:00-05:00,CWL-1,Tagging,ST-4430 Mid Blue,PO-77210,Mid Blue,749,731,6,7,,,
2026-10-01,05:00-06:00,CWL-1,Tagging,ST-4430 Mid Blue,PO-77210,Mid Blue,919,856,13,11,,,
2026-10-01,06:00-07:00,CWL-1,Tagging,ST-4430 Mid Blue,PO-77210,Mid Blue,767,760,11,14,,,
2026-10-01,07:00-08:00,CWL-1,Tagging,ST-4430 Mid Blue,PO-77210,Mid Blue,724,667,9,4,,,
2026-10-01,08:00-09:00,CWL-1,Grinding,ST-4475 Vintage Wash,PO-77305,Vintage Indigo,181,184,4,3,,,
2026-10-01,09:00-10:00,CWL-1,Grinding,ST-4475 Vintage Wash,PO-77305,Vintage Indigo,248,239,2,4,,,
2026-10-01,10:00-11:00,CWL-1,Grinding,ST-4475 Vintage Wash,PO-77305,Vintage Indigo,240,222,6,3,,,
2026-10-01,11:00-12:00,CWL-1,Grinding,ST-4475 Vintage Wash,PO-77305,Vintage Indigo,261,245,7,2,,,
2026-10-01,12:00-13:00,CWL-1,Grinding,ST-4475 Vintage Wash,PO-77305,Vintage Indigo,218,215,6,3,,,
2026-10-01,13:00-14:00,CWL-1,Grinding,ST-4475 Vintage Wash,PO-77305,Vintage Indigo,229,222,5,4,,,
2026-10-01,14:00-15:00,CWL-1,Grinding,ST-4475 Vintage Wash,PO-77305,Vintage Indigo,276,259,3,2,,,
2026-10-01,15:00-16:00,CWL-1,Grinding,ST-4475 Vintage Wash,PO-77305,Vintage Indigo,220,215,7,3,,,
2026-10-01,16:00-17:00,CWL-1,Grinding,ST-4430 Mid Blue,PO-77211,Light Blue,211,193,3,3,,,
2026-10-01,17:00-18:00,CWL-1,Grinding,ST-4430 Mid Blue,PO-77211,Light Blue,218,198,1,2,,,
2026-10-01,18:00-19:00,CWL-1,Grinding,ST-4430 Mid Blue,PO-77211,Light Blue,254,232,2,3,,,
2026-10-01,19:00-20:00,CWL-1,Grinding,ST-4430 Mid Blue,PO-77211,Light Blue,209,202,6,3,,,
2026-10-01,20:00-21:00,CWL-1,Grinding,ST-4430 Mid Blue,PO-77211,Light Blue,222,207,4,3,,,
2026-10-01,21:00-22:00,CWL-1,Grinding,ST-4430 Mid Blue,PO-77211,Light Blue,214,214,4,3,,,
2026-10-01,22:00-23:00,CWL-1,Grinding,ST-4430 Mid Blue,PO-77211,Light Blue,250,230,6,2,,,
2026-10-01,23:00-00:00,CWL-1,Grinding,ST-4430 Mid Blue,PO-77211,Light Blue,234,214,3,2,,,
2026-10-01,00:00-01:00,CWL-1,Grinding,ST-4430 Mid Blue,PO-77210,Mid Blue,201,190,6,3,,,
2026-10-01,01:00-02:00,CWL-1,Grinding,ST-4430 Mid Blue,PO-77210,Mid Blue,267,245,6,3,,,
2026-10-01,02:00-03:00,CWL-1,Grinding,ST-4430 Mid Blue,PO-77210,Mid Blue,240,243,6,2,,,
2026-10-01,03:00-04:00,CWL-1,Grinding,ST-4430 Mid Blue,PO-77210,Mid Blue,226,210,2,2,,,
2026-10-01,04:00-05:00,CWL-1,Grinding,ST-4430 Mid Blue,PO-77210,Mid Blue,268,244,4,2,,,
2026-10-01,05:00-06:00,CWL-1,Grinding,ST-4430 Mid Blue,PO-77210,Mid Blue,20,20,0,0,15,Quality hold,
2026-10-01,06:00-07:00,CWL-1,Grinding,ST-4430 Mid Blue,PO-77210,Mid Blue,64,60,2,1,15,Changeover / setup,
2026-10-01,07:00-08:00,CWL-1,Grinding,ST-4430 Mid Blue,PO-77210,Mid Blue,208,210,5,2,,,
2026-10-01,08:00-09:00,CWL-1,Destruction,ST-4430 Mid Blue,PO-77211,Light Blue,176,166,5,1,,,
2026-10-01,09:00-10:00,CWL-1,Destruction,ST-4430 Mid Blue,PO-77211,Light Blue,175,162,4,1,,,
2026-10-01,10:00-11:00,CWL-1,Destruction,ST-4430 Mid Blue,PO-77211,Light Blue,163,163,1,1,,,
2026-10-01,11:00-12:00,CWL-1,Destruction,ST-4430 Mid Blue,PO-77211,Light Blue,167,160,2,2,,,
2026-10-01,12:00-13:00,CWL-1,Destruction,ST-4430 Mid Blue,PO-77211,Light Blue,196,197,6,2,,,
2026-10-01,13:00-14:00,CWL-1,Destruction,ST-4430 Mid Blue,PO-77211,Light Blue,164,154,1,3,,,
2026-10-01,14:00-15:00,CWL-1,Destruction,ST-4430 Mid Blue,PO-77211,Light Blue,181,175,2,2,,,
2026-10-01,15:00-16:00,CWL-1,Destruction,ST-4430 Mid Blue,PO-77211,Light Blue,182,168,4,3,,,
2026-10-01,16:00-17:00,CWL-1,Destruction,ST-4430 Mid Blue,PO-77211,Light Blue,152,144,3,1,,,
2026-10-01,17:00-18:00,CWL-1,Destruction,ST-4430 Mid Blue,PO-77211,Light Blue,200,185,2,4,,,
2026-10-01,18:00-19:00,CWL-1,Destruction,ST-4430 Mid Blue,PO-77211,Light Blue,190,188,6,3,,,
2026-10-01,19:00-20:00,CWL-1,Destruction,ST-4430 Mid Blue,PO-77211,Light Blue,204,198,4,3,,,
2026-10-01,20:00-21:00,CWL-1,Destruction,ST-4430 Mid Blue,PO-77211,Light Blue,196,199,2,2,,,
2026-10-01,21:00-22:00,CWL-1,Destruction,ST-4430 Mid Blue,PO-77211,Light Blue,196,193,6,2,,,
2026-10-01,22:00-23:00,CWL-1,Destruction,ST-4430 Mid Blue,PO-77211,Light Blue,186,188,5,1,,,
2026-10-01,23:00-00:00,CWL-1,Destruction,ST-4430 Mid Blue,PO-77211,Light Blue,182,185,5,2,,,
2026-10-01,00:00-01:00,CWL-1,Destruction,ST-4430 Mid Blue,PO-77211,Light Blue,165,160,2,1,,,
2026-10-01,01:00-02:00,CWL-1,Destruction,ST-4430 Mid Blue,PO-77211,Light Blue,162,156,3,1,,,
2026-10-01,02:00-03:00,CWL-1,Destruction,ST-4430 Mid Blue,PO-77211,Light Blue,174,175,4,3,,,
2026-10-01,03:00-04:00,CWL-1,Destruction,ST-4430 Mid Blue,PO-77211,Light Blue,178,169,4,3,,,
2026-10-01,04:00-05:00,CWL-1,Destruction,ST-4430 Mid Blue,PO-77211,Light Blue,171,166,4,2,,,
2026-10-01,05:00-06:00,CWL-1,Destruction,ST-4430 Mid Blue,PO-77211,Light Blue,170,162,4,1,,,
2026-10-01,06:00-07:00,CWL-1,Destruction,ST-4430 Mid Blue,PO-77211,Light Blue,197,185,1,1,,,
2026-10-01,07:00-08:00,CWL-1,Destruction,ST-4430 Mid Blue,PO-77211,Light Blue,193,189,4,2,,,
2026-10-01,08:00-09:00,CWL-1,Cutting / Destroy,ST-4412 Dark Stone,PO-77103,Dark Blue,312,310,7,4,,,
2026-10-01,09:00-10:00,CWL-1,Cutting / Destroy,ST-4412 Dark Stone,PO-77103,Dark Blue,138,140,4,2,30,Waiting for input,
2026-10-01,10:00-11:00,CWL-1,Cutting / Destroy,ST-4412 Dark Stone,PO-77103,Dark Blue,353,356,10,3,,,
2026-10-01,11:00-12:00,CWL-1,Cutting / Destroy,ST-4412 Dark Stone,PO-77103,Dark Blue,339,332,7,6,,,
2026-10-01,12:00-13:00,CWL-1,Cutting / Destroy,ST-4412 Dark Stone,PO-77103,Dark Blue,330,323,6,1,,,
2026-10-01,13:00-14:00,CWL-1,Cutting / Destroy,ST-4412 Dark Stone,PO-77103,Dark Blue,383,376,11,6,,,
2026-10-01,14:00-15:00,CWL-1,Cutting / Destroy,ST-4412 Dark Stone,PO-77103,Dark Blue,329,311,6,6,,,
2026-10-01,15:00-16:00,CWL-1,Cutting / Destroy,ST-4412 Dark Stone,PO-77103,Dark Blue,357,325,4,5,,,
2026-10-01,16:00-17:00,CWL-1,Cutting / Destroy,ST-4475 Vintage Wash,PO-77305,Vintage Indigo,91,92,2,2,15,Quality hold,
2026-10-01,17:00-18:00,CWL-1,Cutting / Destroy,ST-4475 Vintage Wash,PO-77305,Vintage Indigo,354,339,4,6,,,
2026-10-01,18:00-19:00,CWL-1,Cutting / Destroy,ST-4475 Vintage Wash,PO-77305,Vintage Indigo,313,303,4,2,,,
2026-10-01,19:00-20:00,CWL-1,Cutting / Destroy,ST-4475 Vintage Wash,PO-77305,Vintage Indigo,354,333,9,5,,,
2026-10-01,20:00-21:00,CWL-1,Cutting / Destroy,ST-4475 Vintage Wash,PO-77305,Vintage Indigo,397,384,10,2,,,
2026-10-01,21:00-22:00,CWL-1,Cutting / Destroy,ST-4475 Vintage Wash,PO-77305,Vintage Indigo,407,377,10,7,,,
2026-10-01,22:00-23:00,CWL-1,Cutting / Destroy,ST-4475 Vintage Wash,PO-77305,Vintage Indigo,331,335,3,6,,,
2026-10-01,23:00-00:00,CWL-1,Cutting / Destroy,ST-4475 Vintage Wash,PO-77305,Vintage Indigo,149,146,4,1,15,Operator shortage,
2026-10-01,00:00-01:00,CWL-1,Cutting / Destroy,ST-4475 Vintage Wash,PO-77306,Vintage Grey,278,263,5,4,,,
2026-10-01,01:00-02:00,CWL-1,Cutting / Destroy,ST-4475 Vintage Wash,PO-77306,Vintage Grey,418,382,3,4,,,
2026-10-01,02:00-03:00,CWL-1,Cutting / Destroy,ST-4475 Vintage Wash,PO-77306,Vintage Grey,379,345,5,6,,,
2026-10-01,03:00-04:00,CWL-1,Cutting / Destroy,ST-4475 Vintage Wash,PO-77306,Vintage Grey,375,380,8,5,,,
2026-10-01,04:00-05:00,CWL-1,Cutting / Destroy,ST-4475 Vintage Wash,PO-77306,Vintage Grey,333,338,9,4,,,
2026-10-01,05:00-06:00,CWL-1,Cutting / Destroy,ST-4475 Vintage Wash,PO-77306,Vintage Grey,372,367,9,4,,,
2026-10-01,06:00-07:00,CWL-1,Cutting / Destroy,ST-4475 Vintage Wash,PO-77306,Vintage Grey,332,331,9,4,,,
2026-10-01,07:00-08:00,CWL-1,Cutting / Destroy,ST-4475 Vintage Wash,PO-77306,Vintage Grey,404,380,9,4,,,
2026-10-01,08:00-09:00,CWL-1,Air Blowing,ST-4412 Dark Stone,PO-77102,Black Stone,371,355,8,5,,,
2026-10-01,09:00-10:00,CWL-1,Air Blowing,ST-4412 Dark Stone,PO-77102,Black Stone,376,359,3,2,,,
2026-10-01,10:00-11:00,CWL-1,Air Blowing,ST-4412 Dark Stone,PO-77102,Black Stone,150,137,3,2,30,Quality hold,
2026-10-01,11:00-12:00,CWL-1,Air Blowing,ST-4412 Dark Stone,PO-77102,Black Stone,36,34,1,0,15,Changeover / setup,
2026-10-01,12:00-13:00,CWL-1,Air Blowing,ST-4412 Dark Stone,PO-77102,Black Stone,366,352,11,6,,,
2026-10-01,13:00-14:00,CWL-1,Air Blowing,ST-4412 Dark Stone,PO-77102,Black Stone,462,438,9,5,,,
2026-10-01,14:00-15:00,CWL-1,Air Blowing,ST-4412 Dark Stone,PO-77102,Black Stone,447,443,6,4,,,
2026-10-01,15:00-16:00,CWL-1,Air Blowing,ST-4412 Dark Stone,PO-77102,Black Stone,464,428,8,5,,,
2026-10-01,16:00-17:00,CWL-1,Air Blowing,ST-4430 Mid Blue,PO-77210,Mid Blue,4,4,0,0,15,Waiting for material,
2026-10-01,17:00-18:00,CWL-1,Air Blowing,ST-4430 Mid Blue,PO-77210,Mid Blue,440,404,7,6,,,
2026-10-01,18:00-19:00,CWL-1,Air Blowing,ST-4430 Mid Blue,PO-77210,Mid Blue,371,369,5,6,,,
2026-10-01,19:00-20:00,CWL-1,Air Blowing,ST-4430 Mid Blue,PO-77210,Mid Blue,412,395,4,4,,,
2026-10-01,20:00-21:00,CWL-1,Air Blowing,ST-4430 Mid Blue,PO-77210,Mid Blue,396,393,5,5,,,
2026-10-01,21:00-22:00,CWL-1,Air Blowing,ST-4430 Mid Blue,PO-77210,Mid Blue,393,369,7,2,,,
2026-10-01,22:00-23:00,CWL-1,Air Blowing,ST-4430 Mid Blue,PO-77210,Mid Blue,432,428,5,6,,,
2026-10-01,23:00-00:00,CWL-1,Air Blowing,ST-4430 Mid Blue,PO-77210,Mid Blue,393,359,4,5,,,
2026-10-01,00:00-01:00,CWL-1,Air Blowing,ST-4430 Mid Blue,PO-77211,Light Blue,354,354,4,7,,,
2026-10-01,01:00-02:00,CWL-1,Air Blowing,ST-4430 Mid Blue,PO-77211,Light Blue,372,378,3,6,,,
2026-10-01,02:00-03:00,CWL-1,Air Blowing,ST-4430 Mid Blue,PO-77211,Light Blue,429,402,7,5,,,
2026-10-01,03:00-04:00,CWL-1,Air Blowing,ST-4430 Mid Blue,PO-77211,Light Blue,398,384,6,4,,,
2026-10-01,04:00-05:00,CWL-1,Air Blowing,ST-4430 Mid Blue,PO-77211,Light Blue,382,354,9,2,,,
2026-10-01,05:00-06:00,CWL-1,Air Blowing,ST-4430 Mid Blue,PO-77211,Light Blue,409,385,3,5,,,
2026-10-01,06:00-07:00,CWL-1,Air Blowing,ST-4430 Mid Blue,PO-77211,Light Blue,358,340,10,7,,,
2026-10-01,07:00-08:00,CWL-1,Air Blowing,ST-4430 Mid Blue,PO-77211,Light Blue,355,351,10,6,,,
2026-10-01,08:00-09:00,CWL-1,PP Spray (Front & Back),ST-4430 Mid Blue,PO-77211,Light Blue,3,3,0,0,15,Quality hold,
2026-10-01,09:00-10:00,CWL-1,PP Spray (Front & Back),ST-4430 Mid Blue,PO-77211,Light Blue,818,773,13,13,,,
2026-10-01,10:00-11:00,CWL-1,PP Spray (Front & Back),ST-4430 Mid Blue,PO-77211,Light Blue,962,970,15,6,,,
2026-10-01,11:00-12:00,CWL-1,PP Spray (Front & Back),ST-4430 Mid Blue,PO-77211,Light Blue,782,775,20,6,,,
2026-10-01,12:00-13:00,CWL-1,PP Spray (Front & Back),ST-4430 Mid Blue,PO-77211,Light Blue,795,788,24,6,,,
2026-10-01,13:00-14:00,CWL-1,PP Spray (Front & Back),ST-4430 Mid Blue,PO-77211,Light Blue,977,953,18,12,,,
2026-10-01,14:00-15:00,CWL-1,PP Spray (Front & Back),ST-4430 Mid Blue,PO-77211,Light Blue,978,986,13,16,,,
2026-10-01,15:00-16:00,CWL-1,PP Spray (Front & Back),ST-4430 Mid Blue,PO-77211,Light Blue,938,951,16,11,,,
2026-10-01,16:00-17:00,CWL-1,PP Spray (Front & Back),ST-2285 Dye Black,PO-99040,Jet Black,849,819,10,10,,,
2026-10-01,17:00-18:00,CWL-1,PP Spray (Front & Back),ST-2285 Dye Black,PO-99040,Jet Black,1035,980,13,17,,,
2026-10-01,18:00-19:00,CWL-1,PP Spray (Front & Back),ST-2285 Dye Black,PO-99040,Jet Black,955,882,11,17,,,
2026-10-01,19:00-20:00,CWL-1,PP Spray (Front & Back),ST-2285 Dye Black,PO-99040,Jet Black,878,804,24,15,,,
2026-10-01,20:00-21:00,CWL-1,PP Spray (Front & Back),ST-2285 Dye Black,PO-99040,Jet Black,859,865,16,10,,,
2026-10-01,21:00-22:00,CWL-1,PP Spray (Front & Back),ST-2285 Dye Black,PO-99040,Jet Black,932,866,11,17,,,
2026-10-01,22:00-23:00,CWL-1,PP Spray (Front & Back),ST-2285 Dye Black,PO-99040,Jet Black,183,171,5,1,15,Waiting for material,
2026-10-01,23:00-00:00,CWL-1,PP Spray (Front & Back),ST-2285 Dye Black,PO-99040,Jet Black,1032,971,14,19,,,
2026-10-01,00:00-01:00,CWL-1,PP Spray (Front & Back),ST-4475 Vintage Wash,PO-77305,Vintage Indigo,771,748,14,6,,,
2026-10-01,01:00-02:00,CWL-1,PP Spray (Front & Back),ST-4475 Vintage Wash,PO-77305,Vintage Indigo,810,805,22,13,,,
2026-10-01,02:00-03:00,CWL-1,PP Spray (Front & Back),ST-4475 Vintage Wash,PO-77305,Vintage Indigo,1065,982,28,10,,,
2026-10-01,03:00-04:00,CWL-1,PP Spray (Front & Back),ST-4475 Vintage Wash,PO-77305,Vintage Indigo,837,832,15,13,,,
2026-10-01,04:00-05:00,CWL-1,PP Spray (Front & Back),ST-4475 Vintage Wash,PO-77305,Vintage Indigo,1075,999,25,5,,,
2026-10-01,05:00-06:00,CWL-1,PP Spray (Front & Back),ST-4475 Vintage Wash,PO-77305,Vintage Indigo,973,984,29,15,,,
2026-10-01,06:00-07:00,CWL-1,PP Spray (Front & Back),ST-4475 Vintage Wash,PO-77305,Vintage Indigo,1028,949,17,15,,,
2026-10-01,07:00-08:00,CWL-1,PP Spray (Front & Back),ST-4475 Vintage Wash,PO-77305,Vintage Indigo,937,904,25,6,,,
2026-10-01,08:00-09:00,CWL-1,Allover PP Spray,ST-4412 Dark Stone,PO-77103,Dark Blue,304,277,5,5,,,
2026-10-01,09:00-10:00,CWL-1,Allover PP Spray,ST-4412 Dark Stone,PO-77103,Dark Blue,332,336,8,4,,,
2026-10-01,10:00-11:00,CWL-1,Allover PP Spray,ST-4412 Dark Stone,PO-77103,Dark Blue,358,334,4,2,,,
2026-10-01,11:00-12:00,CWL-1,Allover PP Spray,ST-4412 Dark Stone,PO-77103,Dark Blue,311,284,6,2,,,
2026-10-01,12:00-13:00,CWL-1,Allover PP Spray,ST-4412 Dark Stone,PO-77103,Dark Blue,358,364,4,4,,,
2026-10-01,13:00-14:00,CWL-1,Allover PP Spray,ST-4412 Dark Stone,PO-77103,Dark Blue,378,366,8,4,,,
2026-10-01,14:00-15:00,CWL-1,Allover PP Spray,ST-4412 Dark Stone,PO-77103,Dark Blue,373,362,5,4,,,
2026-10-01,15:00-16:00,CWL-1,Allover PP Spray,ST-4412 Dark Stone,PO-77103,Dark Blue,342,332,3,6,,,
2026-10-01,16:00-17:00,CWL-1,Allover PP Spray,ST-2285 Dye Black,PO-99040,Jet Black,279,267,2,4,,,
2026-10-01,17:00-18:00,CWL-1,Allover PP Spray,ST-2285 Dye Black,PO-99040,Jet Black,333,334,9,2,,,
2026-10-01,18:00-19:00,CWL-1,Allover PP Spray,ST-2285 Dye Black,PO-99040,Jet Black,333,330,7,4,,,
2026-10-01,19:00-20:00,CWL-1,Allover PP Spray,ST-2285 Dye Black,PO-99040,Jet Black,316,300,8,4,,,
2026-10-01,20:00-21:00,CWL-1,Allover PP Spray,ST-2285 Dye Black,PO-99040,Jet Black,353,333,8,6,,,
2026-10-01,21:00-22:00,CWL-1,Allover PP Spray,ST-2285 Dye Black,PO-99040,Jet Black,369,364,5,5,,,
2026-10-01,22:00-23:00,CWL-1,Allover PP Spray,ST-2285 Dye Black,PO-99040,Jet Black,346,341,4,3,,,
2026-10-01,23:00-00:00,CWL-1,Allover PP Spray,ST-2285 Dye Black,PO-99040,Jet Black,313,313,5,2,,,
2026-10-01,00:00-01:00,CWL-1,Allover PP Spray,ST-3350 Twill Garment Dye,PO-66180,Olive,314,292,3,2,,,
2026-10-01,01:00-02:00,CWL-1,Allover PP Spray,ST-3350 Twill Garment Dye,PO-66180,Olive,314,295,8,4,,,
2026-10-01,02:00-03:00,CWL-1,Allover PP Spray,ST-3350 Twill Garment Dye,PO-66180,Olive,335,321,3,5,,,
2026-10-01,03:00-04:00,CWL-1,Allover PP Spray,ST-3350 Twill Garment Dye,PO-66180,Olive,325,324,4,2,,,
2026-10-01,04:00-05:00,CWL-1,Allover PP Spray,ST-3350 Twill Garment Dye,PO-66180,Olive,291,281,4,3,,,
2026-10-01,05:00-06:00,CWL-1,Allover PP Spray,ST-3350 Twill Garment Dye,PO-66180,Olive,299,294,4,4,,,
2026-10-01,06:00-07:00,CWL-1,Allover PP Spray,ST-3350 Twill Garment Dye,PO-66180,Olive,330,317,4,5,,,
2026-10-01,07:00-08:00,CWL-1,Allover PP Spray,ST-3350 Twill Garment Dye,PO-66180,Olive,126,123,3,1,30,Other,
2026-10-01,08:00-09:00,CWL-1,PP Rubbing,ST-2285 Dye Black,PO-99040,Jet Black,179,166,2,3,,,
2026-10-01,09:00-10:00,CWL-1,PP Rubbing,ST-2285 Dye Black,PO-99040,Jet Black,219,201,3,3,,,
2026-10-01,10:00-11:00,CWL-1,PP Rubbing,ST-2285 Dye Black,PO-99040,Jet Black,207,189,4,2,,,
2026-10-01,11:00-12:00,CWL-1,PP Rubbing,ST-2285 Dye Black,PO-99040,Jet Black,194,187,2,2,,,
2026-10-01,12:00-13:00,CWL-1,PP Rubbing,ST-2285 Dye Black,PO-99040,Jet Black,189,187,2,2,,,
2026-10-01,13:00-14:00,CWL-1,PP Rubbing,ST-2285 Dye Black,PO-99040,Jet Black,192,175,3,1,,,
2026-10-01,14:00-15:00,CWL-1,PP Rubbing,ST-2285 Dye Black,PO-99040,Jet Black,223,214,3,2,,,
2026-10-01,15:00-16:00,CWL-1,PP Rubbing,ST-2285 Dye Black,PO-99040,Jet Black,161,164,3,2,,,
2026-10-01,16:00-17:00,CWL-1,PP Rubbing,ST-4430 Mid Blue,PO-77210,Mid Blue,152,151,1,1,,,
2026-10-01,17:00-18:00,CWL-1,PP Rubbing,ST-4430 Mid Blue,PO-77210,Mid Blue,201,184,3,4,,,
2026-10-01,18:00-19:00,CWL-1,PP Rubbing,ST-4430 Mid Blue,PO-77210,Mid Blue,198,194,2,3,,,
2026-10-01,19:00-20:00,CWL-1,PP Rubbing,ST-4430 Mid Blue,PO-77210,Mid Blue,224,207,5,2,,,
2026-10-01,20:00-21:00,CWL-1,PP Rubbing,ST-4430 Mid Blue,PO-77210,Mid Blue,212,210,3,1,,,
2026-10-01,21:00-22:00,CWL-1,PP Rubbing,ST-4430 Mid Blue,PO-77210,Mid Blue,184,183,6,2,,,
2026-10-01,22:00-23:00,CWL-1,PP Rubbing,ST-4430 Mid Blue,PO-77210,Mid Blue,202,200,4,3,,,
2026-10-01,23:00-00:00,CWL-1,PP Rubbing,ST-4430 Mid Blue,PO-77210,Mid Blue,193,178,3,2,,,
2026-10-01,00:00-01:00,CWL-1,PP Rubbing,ST-4475 Vintage Wash,PO-77306,Vintage Grey,176,166,5,2,,,
2026-10-01,01:00-02:00,CWL-1,PP Rubbing,ST-4475 Vintage Wash,PO-77306,Vintage Grey,195,184,5,2,,,
2026-10-01,02:00-03:00,CWL-1,PP Rubbing,ST-4475 Vintage Wash,PO-77306,Vintage Grey,174,164,1,2,,,
2026-10-01,03:00-04:00,CWL-1,PP Rubbing,ST-4475 Vintage Wash,PO-77306,Vintage Grey,222,203,6,3,,,
2026-10-01,04:00-05:00,CWL-1,PP Rubbing,ST-4475 Vintage Wash,PO-77306,Vintage Grey,185,181,3,2,,,
2026-10-01,05:00-06:00,CWL-1,PP Rubbing,ST-4475 Vintage Wash,PO-77306,Vintage Grey,200,198,3,1,,,
2026-10-01,06:00-07:00,CWL-1,PP Rubbing,ST-4475 Vintage Wash,PO-77306,Vintage Grey,206,191,4,3,,,
2026-10-01,07:00-08:00,CWL-1,PP Rubbing,ST-4475 Vintage Wash,PO-77306,Vintage Grey,208,202,6,3,,,
2026-10-01,08:00-09:00,CWL-1,Machine 3D,ST-5120 Acid Blast,PO-88010,Acid Black,242,221,6,3,,,
2026-10-01,09:00-10:00,CWL-1,Machine 3D,ST-5120 Acid Blast,PO-88010,Acid Black,323,303,3,3,,,
2026-10-01,10:00-11:00,CWL-1,Machine 3D,ST-5120 Acid Blast,PO-88010,Acid Black,286,281,6,4,,,
2026-10-01,11:00-12:00,CWL-1,Machine 3D,ST-5120 Acid Blast,PO-88010,Acid Black,308,298,8,5,,,
2026-10-01,12:00-13:00,CWL-1,Machine 3D,ST-5120 Acid Blast,PO-88010,Acid Black,294,285,3,3,,,
2026-10-01,13:00-14:00,CWL-1,Machine 3D,ST-5120 Acid Blast,PO-88010,Acid Black,293,292,6,3,,,
2026-10-01,14:00-15:00,CWL-1,Machine 3D,ST-5120 Acid Blast,PO-88010,Acid Black,266,253,8,1,,,
2026-10-01,15:00-16:00,CWL-1,Machine 3D,ST-5120 Acid Blast,PO-88010,Acid Black,269,255,4,5,,,
2026-10-01,16:00-17:00,CWL-1,Machine 3D,ST-4475 Vintage Wash,PO-77306,Vintage Grey,24,22,0,1,15,Power / utility,
2026-10-01,17:00-18:00,CWL-1,Machine 3D,ST-4475 Vintage Wash,PO-77306,Vintage Grey,276,272,7,5,,,
2026-10-01,18:00-19:00,CWL-1,Machine 3D,ST-4475 Vintage Wash,PO-77306,Vintage Grey,268,272,8,3,,,
2026-10-01,19:00-20:00,CWL-1,Machine 3D,ST-4475 Vintage Wash,PO-77306,Vintage Grey,268,270,5,3,,,
2026-10-01,20:00-21:00,CWL-1,Machine 3D,ST-4475 Vintage Wash,PO-77306,Vintage Grey,312,287,5,1,,,
2026-10-01,21:00-22:00,CWL-1,Machine 3D,ST-4475 Vintage Wash,PO-77306,Vintage Grey,255,255,3,4,,,
2026-10-01,22:00-23:00,CWL-1,Machine 3D,ST-4475 Vintage Wash,PO-77306,Vintage Grey,310,311,6,3,,,
2026-10-01,23:00-00:00,CWL-1,Machine 3D,ST-4475 Vintage Wash,PO-77306,Vintage Grey,284,272,6,3,,,
2026-10-01,00:00-01:00,CWL-1,Machine 3D,ST-4430 Mid Blue,PO-77211,Light Blue,230,227,4,5,,,
2026-10-01,01:00-02:00,CWL-1,Machine 3D,ST-4430 Mid Blue,PO-77211,Light Blue,291,291,8,5,,,
2026-10-01,02:00-03:00,CWL-1,Machine 3D,ST-4430 Mid Blue,PO-77211,Light Blue,339,320,8,5,,,
2026-10-01,03:00-04:00,CWL-1,Machine 3D,ST-4430 Mid Blue,PO-77211,Light Blue,315,310,9,5,,,
2026-10-01,04:00-05:00,CWL-1,Machine 3D,ST-4430 Mid Blue,PO-77211,Light Blue,271,257,6,5,,,
2026-10-01,05:00-06:00,CWL-1,Machine 3D,ST-4430 Mid Blue,PO-77211,Light Blue,150,151,2,3,30,Waiting for input,
2026-10-01,06:00-07:00,CWL-1,Machine 3D,ST-4430 Mid Blue,PO-77211,Light Blue,298,286,3,3,,,
2026-10-01,07:00-08:00,CWL-1,Machine 3D,ST-4430 Mid Blue,PO-77211,Light Blue,279,259,4,5,,,
2026-10-01,08:00-09:00,CWL-1,Iron 3D,ST-4412 Dark Stone,PO-77103,Dark Blue,239,222,2,3,,,
2026-10-01,09:00-10:00,CWL-1,Iron 3D,ST-4412 Dark Stone,PO-77103,Dark Blue,311,290,6,2,,,
2026-10-01,10:00-11:00,CWL-1,Iron 3D,ST-4412 Dark Stone,PO-77103,Dark Blue,271,269,5,3,,,
2026-10-01,11:00-12:00,CWL-1,Iron 3D,ST-4412 Dark Stone,PO-77103,Dark Blue,257,235,6,4,,,
2026-10-01,12:00-13:00,CWL-1,Iron 3D,ST-4412 Dark Stone,PO-77103,Dark Blue,305,287,4,3,,,
2026-10-01,13:00-14:00,CWL-1,Iron 3D,ST-4412 Dark Stone,PO-77103,Dark Blue,251,241,4,5,,,
2026-10-01,14:00-15:00,CWL-1,Iron 3D,ST-4412 Dark Stone,PO-77103,Dark Blue,293,297,7,1,,,
2026-10-01,15:00-16:00,CWL-1,Iron 3D,ST-4412 Dark Stone,PO-77103,Dark Blue,254,253,5,1,,,
2026-10-01,16:00-17:00,CWL-1,Iron 3D,ST-4412 Dark Stone,PO-77102,Black Stone,254,245,4,3,,,
2026-10-01,17:00-18:00,CWL-1,Iron 3D,ST-4412 Dark Stone,PO-77102,Black Stone,268,265,4,5,,,
2026-10-01,18:00-19:00,CWL-1,Iron 3D,ST-4412 Dark Stone,PO-77102,Black Stone,276,280,4,4,,,
2026-10-01,19:00-20:00,CWL-1,Iron 3D,ST-4412 Dark Stone,PO-77102,Black Stone,284,264,6,4,,,
2026-10-01,20:00-21:00,CWL-1,Iron 3D,ST-4412 Dark Stone,PO-77102,Black Stone,265,256,2,4,,,
2026-10-01,21:00-22:00,CWL-1,Iron 3D,ST-4412 Dark Stone,PO-77102,Black Stone,276,258,7,4,,,
2026-10-01,22:00-23:00,CWL-1,Iron 3D,ST-4412 Dark Stone,PO-77102,Black Stone,275,251,2,1,,,
2026-10-01,23:00-00:00,CWL-1,Iron 3D,ST-4412 Dark Stone,PO-77102,Black Stone,297,279,2,4,,,
2026-10-01,00:00-01:00,CWL-1,Iron 3D,ST-4430 Mid Blue,PO-77210,Mid Blue,245,244,3,3,,,
2026-10-01,01:00-02:00,CWL-1,Iron 3D,ST-4430 Mid Blue,PO-77210,Mid Blue,277,255,5,3,,,
2026-10-01,02:00-03:00,CWL-1,Iron 3D,ST-4430 Mid Blue,PO-77210,Mid Blue,306,299,7,2,,,
2026-10-01,03:00-04:00,CWL-1,Iron 3D,ST-4430 Mid Blue,PO-77210,Mid Blue,275,254,4,5,,,
2026-10-01,04:00-05:00,CWL-1,Iron 3D,ST-4430 Mid Blue,PO-77210,Mid Blue,252,231,5,1,,,
2026-10-01,05:00-06:00,CWL-1,Iron 3D,ST-4430 Mid Blue,PO-77210,Mid Blue,263,263,4,4,,,
2026-10-01,06:00-07:00,CWL-1,Iron 3D,ST-4430 Mid Blue,PO-77210,Mid Blue,272,255,2,3,,,
2026-10-01,07:00-08:00,CWL-1,Iron 3D,ST-4430 Mid Blue,PO-77210,Mid Blue,244,239,5,3,,,
2026-10-02,08:00-09:00,CWL-1,Laser Whisker,ST-5133 Snow Acid,PO-88055,Snow White,24,23,0,0,,,
2026-10-02,09:00-10:00,CWL-1,Laser Whisker,ST-5133 Snow Acid,PO-88055,Snow White,30,29,0,1,,,
2026-10-02,10:00-11:00,CWL-1,Laser Whisker,ST-5133 Snow Acid,PO-88055,Snow White,30,29,0,1,,,
2026-10-02,11:00-12:00,CWL-1,Laser Whisker,ST-5133 Snow Acid,PO-88055,Snow White,29,27,0,0,,,
2026-10-02,12:00-13:00,CWL-1,Laser Whisker,ST-5133 Snow Acid,PO-88055,Snow White,30,28,1,0,,,
2026-10-02,13:00-14:00,CWL-1,Laser Whisker,ST-5133 Snow Acid,PO-88055,Snow White,35,34,1,1,,,
2026-10-02,14:00-15:00,CWL-1,Laser Whisker,ST-5133 Snow Acid,PO-88055,Snow White,34,31,1,0,,,
2026-10-02,15:00-16:00,CWL-1,Laser Whisker,ST-5133 Snow Acid,PO-88055,Snow White,30,29,1,0,,,
2026-10-02,16:00-17:00,CWL-1,Laser Whisker,ST-2285 Dye Black,PO-99040,Jet Black,1,1,0,0,15,Power / utility,
2026-10-02,17:00-18:00,CWL-1,Laser Whisker,ST-2285 Dye Black,PO-99040,Jet Black,32,31,0,1,,,
2026-10-02,18:00-19:00,CWL-1,Laser Whisker,ST-2285 Dye Black,PO-99040,Jet Black,34,31,1,0,,,
2026-10-02,19:00-20:00,CWL-1,Laser Whisker,ST-2285 Dye Black,PO-99040,Jet Black,31,29,0,1,,,
2026-10-02,20:00-21:00,CWL-1,Laser Whisker,ST-2285 Dye Black,PO-99040,Jet Black,33,33,1,0,,,
2026-10-02,21:00-22:00,CWL-1,Laser Whisker,ST-2285 Dye Black,PO-99040,Jet Black,28,28,0,1,,,
2026-10-02,22:00-23:00,CWL-1,Laser Whisker,ST-2285 Dye Black,PO-99040,Jet Black,32,32,0,1,,,
2026-10-02,23:00-00:00,CWL-1,Laser Whisker,ST-2285 Dye Black,PO-99040,Jet Black,35,32,1,0,,,
2026-10-02,00:00-01:00,CWL-1,Laser Whisker,ST-5120 Acid Blast,PO-88010,Acid Black,29,29,1,0,,,
2026-10-02,01:00-02:00,CWL-1,Laser Whisker,ST-5120 Acid Blast,PO-88010,Acid Black,34,32,1,1,,,
2026-10-02,02:00-03:00,CWL-1,Laser Whisker,ST-5120 Acid Blast,PO-88010,Acid Black,36,33,0,1,,,
2026-10-02,03:00-04:00,CWL-1,Laser Whisker,ST-5120 Acid Blast,PO-88010,Acid Black,30,28,1,0,,,
2026-10-02,04:00-05:00,CWL-1,Laser Whisker,ST-5120 Acid Blast,PO-88010,Acid Black,33,31,0,0,,,
2026-10-02,05:00-06:00,CWL-1,Laser Whisker,ST-5120 Acid Blast,PO-88010,Acid Black,31,30,1,0,,,
2026-10-02,06:00-07:00,CWL-1,Laser Whisker,ST-5120 Acid Blast,PO-88010,Acid Black,29,28,1,0,,,
2026-10-02,07:00-08:00,CWL-1,Laser Whisker,ST-5120 Acid Blast,PO-88010,Acid Black,29,27,1,0,,,
2026-10-02,08:00-09:00,CWL-1,Laser Mark Destroy,ST-4412 Dark Stone,PO-77102,Black Stone,86,84,2,1,,,
2026-10-02,09:00-10:00,CWL-1,Laser Mark Destroy,ST-4412 Dark Stone,PO-77102,Black Stone,95,92,2,0,,,
2026-10-02,10:00-11:00,CWL-1,Laser Mark Destroy,ST-4412 Dark Stone,PO-77102,Black Stone,91,86,1,1,,,
2026-10-02,11:00-12:00,CWL-1,Laser Mark Destroy,ST-4412 Dark Stone,PO-77102,Black Stone,93,89,2,1,,,
2026-10-02,12:00-13:00,CWL-1,Laser Mark Destroy,ST-4412 Dark Stone,PO-77102,Black Stone,94,87,1,2,,,
2026-10-02,13:00-14:00,CWL-1,Laser Mark Destroy,ST-4412 Dark Stone,PO-77102,Black Stone,10,10,0,1,15,Machine breakdown,
2026-10-02,14:00-15:00,CWL-1,Laser Mark Destroy,ST-4412 Dark Stone,PO-77102,Black Stone,102,93,1,1,,,
2026-10-02,15:00-16:00,CWL-1,Laser Mark Destroy,ST-4412 Dark Stone,PO-77102,Black Stone,98,94,2,0,,,
2026-10-02,16:00-17:00,CWL-1,Laser Mark Destroy,ST-2285 Dye Black,PO-99040,Jet Black,94,87,2,2,,,
2026-10-02,17:00-18:00,CWL-1,Laser Mark Destroy,ST-2285 Dye Black,PO-99040,Jet Black,100,96,3,1,,,
2026-10-02,18:00-19:00,CWL-1,Laser Mark Destroy,ST-2285 Dye Black,PO-99040,Jet Black,84,80,1,1,,,
2026-10-02,19:00-20:00,CWL-1,Laser Mark Destroy,ST-2285 Dye Black,PO-99040,Jet Black,110,102,1,1,,,
2026-10-02,20:00-21:00,CWL-1,Laser Mark Destroy,ST-2285 Dye Black,PO-99040,Jet Black,80,79,1,2,,,
2026-10-02,21:00-22:00,CWL-1,Laser Mark Destroy,ST-2285 Dye Black,PO-99040,Jet Black,86,82,1,1,,,
2026-10-02,22:00-23:00,CWL-1,Laser Mark Destroy,ST-2285 Dye Black,PO-99040,Jet Black,83,80,1,1,,,
2026-10-02,23:00-00:00,CWL-1,Laser Mark Destroy,ST-2285 Dye Black,PO-99040,Jet Black,83,81,2,0,,,
2026-10-02,00:00-01:00,CWL-1,Laser Mark Destroy,ST-4430 Mid Blue,PO-77210,Mid Blue,69,70,1,1,,,
2026-10-02,01:00-02:00,CWL-1,Laser Mark Destroy,ST-4430 Mid Blue,PO-77210,Mid Blue,100,94,2,1,,,
2026-10-02,02:00-03:00,CWL-1,Laser Mark Destroy,ST-4430 Mid Blue,PO-77210,Mid Blue,98,99,3,2,,,
2026-10-02,03:00-04:00,CWL-1,Laser Mark Destroy,ST-4430 Mid Blue,PO-77210,Mid Blue,93,91,2,1,,,
2026-10-02,04:00-05:00,CWL-1,Laser Mark Destroy,ST-4430 Mid Blue,PO-77210,Mid Blue,92,91,2,2,,,
2026-10-02,05:00-06:00,CWL-1,Laser Mark Destroy,ST-4430 Mid Blue,PO-77210,Mid Blue,108,104,2,1,,,
2026-10-02,06:00-07:00,CWL-1,Laser Mark Destroy,ST-4430 Mid Blue,PO-77210,Mid Blue,111,104,1,2,,,
2026-10-02,07:00-08:00,CWL-1,Laser Mark Destroy,ST-4430 Mid Blue,PO-77210,Mid Blue,110,103,1,2,,,
2026-10-02,08:00-09:00,CWL-1,Pattern Whisker,ST-4430 Mid Blue,PO-77211,Light Blue,936,899,15,15,,,
2026-10-02,09:00-10:00,CWL-1,Pattern Whisker,ST-4430 Mid Blue,PO-77211,Light Blue,1399,1301,35,13,,,
2026-10-02,10:00-11:00,CWL-1,Pattern Whisker,ST-4430 Mid Blue,PO-77211,Light Blue,1087,1068,25,19,,,
2026-10-02,11:00-12:00,CWL-1,Pattern Whisker,ST-4430 Mid Blue,PO-77211,Light Blue,1128,1063,20,8,,,
2026-10-02,12:00-13:00,CWL-1,Pattern Whisker,ST-4430 Mid Blue,PO-77211,Light Blue,1091,1096,14,22,,,
2026-10-02,13:00-14:00,CWL-1,Pattern Whisker,ST-4430 Mid Blue,PO-77211,Light Blue,1372,1275,17,19,,,
2026-10-02,14:00-15:00,CWL-1,Pattern Whisker,ST-4430 Mid Blue,PO-77211,Light Blue,1176,1078,14,7,,,
2026-10-02,15:00-16:00,CWL-1,Pattern Whisker,ST-4430 Mid Blue,PO-77211,Light Blue,1359,1245,31,25,,,
2026-10-02,16:00-17:00,CWL-1,Pattern Whisker,ST-4475 Vintage Wash,PO-77305,Vintage Indigo,1120,1034,17,9,,,
2026-10-02,17:00-18:00,CWL-1,Pattern Whisker,ST-4475 Vintage Wash,PO-77305,Vintage Indigo,1345,1305,11,19,,,
2026-10-02,18:00-19:00,CWL-1,Pattern Whisker,ST-4475 Vintage Wash,PO-77305,Vintage Indigo,1259,1278,10,9,,,
2026-10-02,19:00-20:00,CWL-1,Pattern Whisker,ST-4475 Vintage Wash,PO-77305,Vintage Indigo,1217,1229,31,11,,,
2026-10-02,20:00-21:00,CWL-1,Pattern Whisker,ST-4475 Vintage Wash,PO-77305,Vintage Indigo,1297,1236,36,9,,,
2026-10-02,21:00-22:00,CWL-1,Pattern Whisker,ST-4475 Vintage Wash,PO-77305,Vintage Indigo,1153,1166,24,16,,,
2026-10-02,22:00-23:00,CWL-1,Pattern Whisker,ST-4475 Vintage Wash,PO-77305,Vintage Indigo,1058,1060,20,19,,,
2026-10-02,23:00-00:00,CWL-1,Pattern Whisker,ST-4475 Vintage Wash,PO-77305,Vintage Indigo,1332,1282,15,24,,,
2026-10-02,00:00-01:00,CWL-1,Pattern Whisker,ST-4412 Dark Stone,PO-77103,Dark Blue,937,938,15,7,,,
2026-10-02,01:00-02:00,CWL-1,Pattern Whisker,ST-4412 Dark Stone,PO-77103,Dark Blue,1323,1250,25,24,,,
2026-10-02,02:00-03:00,CWL-1,Pattern Whisker,ST-4412 Dark Stone,PO-77103,Dark Blue,1331,1318,33,24,,,
2026-10-02,03:00-04:00,CWL-1,Pattern Whisker,ST-4412 Dark Stone,PO-77103,Dark Blue,1286,1184,19,8,,,
2026-10-02,04:00-05:00,CWL-1,Pattern Whisker,ST-4412 Dark Stone,PO-77103,Dark Blue,1362,1280,26,18,,,
2026-10-02,05:00-06:00,CWL-1,Pattern Whisker,ST-4412 Dark Stone,PO-77103,Dark Blue,1235,1237,22,23,,,
2026-10-02,06:00-07:00,CWL-1,Pattern Whisker,ST-4412 Dark Stone,PO-77103,Dark Blue,1330,1347,24,14,,,
2026-10-02,07:00-08:00,CWL-1,Pattern Whisker,ST-4412 Dark Stone,PO-77103,Dark Blue,1482,1361,40,11,,,
2026-10-02,08:00-09:00,CWL-1,Hand Sand (Front & Back),ST-4475 Vintage Wash,PO-77305,Vintage Indigo,589,547,13,9,,,
2026-10-02,09:00-10:00,CWL-1,Hand Sand (Front & Back),ST-4475 Vintage Wash,PO-77305,Vintage Indigo,572,580,16,8,,,
2026-10-02,10:00-11:00,CWL-1,Hand Sand (Front & Back),ST-4475 Vintage Wash,PO-77305,Vintage Indigo,720,665,18,9,,,
2026-10-02,11:00-12:00,CWL-1,Hand Sand (Front & Back),ST-4475 Vintage Wash,PO-77305,Vintage Indigo,558,513,15,9,,,
2026-10-02,12:00-13:00,CWL-1,Hand Sand (Front & Back),ST-4475 Vintage Wash,PO-77305,Vintage Indigo,645,649,16,11,,,
2026-10-02,13:00-14:00,CWL-1,Hand Sand (Front & Back),ST-4475 Vintage Wash,PO-77305,Vintage Indigo,531,537,14,8,,,
2026-10-02,14:00-15:00,CWL-1,Hand Sand (Front & Back),ST-4475 Vintage Wash,PO-77305,Vintage Indigo,660,628,6,6,,,
2026-10-02,15:00-16:00,CWL-1,Hand Sand (Front & Back),ST-4475 Vintage Wash,PO-77305,Vintage Indigo,607,609,15,11,,,
2026-10-02,16:00-17:00,CWL-1,Hand Sand (Front & Back),ST-3350 Twill Garment Dye,PO-66180,Olive,475,448,10,5,,,
2026-10-02,17:00-18:00,CWL-1,Hand Sand (Front & Back),ST-3350 Twill Garment Dye,PO-66180,Olive,662,667,11,12,,,
2026-10-02,18:00-19:00,CWL-1,Hand Sand (Front & Back),ST-3350 Twill Garment Dye,PO-66180,Olive,582,562,11,6,,,
2026-10-02,19:00-20:00,CWL-1,Hand Sand (Front & Back),ST-3350 Twill Garment Dye,PO-66180,Olive,584,575,14,11,,,
2026-10-02,20:00-21:00,CWL-1,Hand Sand (Front & Back),ST-3350 Twill Garment Dye,PO-66180,Olive,674,665,12,11,,,
2026-10-02,21:00-22:00,CWL-1,Hand Sand (Front & Back),ST-3350 Twill Garment Dye,PO-66180,Olive,651,615,9,12,,,
2026-10-02,22:00-23:00,CWL-1,Hand Sand (Front & Back),ST-3350 Twill Garment Dye,PO-66180,Olive,627,640,16,13,,,
2026-10-02,23:00-00:00,CWL-1,Hand Sand (Front & Back),ST-3350 Twill Garment Dye,PO-66180,Olive,554,550,10,7,,,
2026-10-02,00:00-01:00,CWL-1,Hand Sand (Front & Back),ST-2285 Dye Black,PO-99040,Jet Black,472,441,8,8,,,
2026-10-02,01:00-02:00,CWL-1,Hand Sand (Front & Back),ST-2285 Dye Black,PO-99040,Jet Black,715,671,10,6,,,
2026-10-02,02:00-03:00,CWL-1,Hand Sand (Front & Back),ST-2285 Dye Black,PO-99040,Jet Black,654,596,15,4,,,
2026-10-02,03:00-04:00,CWL-1,Hand Sand (Front & Back),ST-2285 Dye Black,PO-99040,Jet Black,566,546,10,3,,,
2026-10-02,04:00-05:00,CWL-1,Hand Sand (Front & Back),ST-2285 Dye Black,PO-99040,Jet Black,518,515,13,4,,,
2026-10-02,05:00-06:00,CWL-1,Hand Sand (Front & Back),ST-2285 Dye Black,PO-99040,Jet Black,670,667,19,11,,,
2026-10-02,06:00-07:00,CWL-1,Hand Sand (Front & Back),ST-2285 Dye Black,PO-99040,Jet Black,635,633,10,7,,,
2026-10-02,07:00-08:00,CWL-1,Hand Sand (Front & Back),ST-2285 Dye Black,PO-99040,Jet Black,563,516,13,6,,,
2026-10-02,08:00-09:00,CWL-1,Allover Hand Sand,ST-3350 Twill Garment Dye,PO-66180,Olive,94,88,3,1,,,
2026-10-02,09:00-10:00,CWL-1,Allover Hand Sand,ST-3350 Twill Garment Dye,PO-66180,Olive,102,94,2,1,,,
2026-10-02,10:00-11:00,CWL-1,Allover Hand Sand,ST-3350 Twill Garment Dye,PO-66180,Olive,107,106,3,1,,,
2026-10-02,11:00-12:00,CWL-1,Allover Hand Sand,ST-3350 Twill Garment Dye,PO-66180,Olive,9,8,0,0,30,Waiting for input,
2026-10-02,12:00-13:00,CWL-1,Allover Hand Sand,ST-3350 Twill Garment Dye,PO-66180,Olive,89,88,1,2,,,
2026-10-02,13:00-14:00,CWL-1,Allover Hand Sand,ST-3350 Twill Garment Dye,PO-66180,Olive,86,86,3,1,,,
2026-10-02,14:00-15:00,CWL-1,Allover Hand Sand,ST-3350 Twill Garment Dye,PO-66180,Olive,106,104,2,2,,,
2026-10-02,15:00-16:00,CWL-1,Allover Hand Sand,ST-3350 Twill Garment Dye,PO-66180,Olive,113,103,2,1,,,
2026-10-02,16:00-17:00,CWL-1,Allover Hand Sand,ST-4430 Mid Blue,PO-77211,Light Blue,84,77,2,1,,,
2026-10-02,17:00-18:00,CWL-1,Allover Hand Sand,ST-4430 Mid Blue,PO-77211,Light Blue,103,100,2,1,,,
2026-10-02,18:00-19:00,CWL-1,Allover Hand Sand,ST-4430 Mid Blue,PO-77211,Light Blue,102,98,1,2,,,
2026-10-02,19:00-20:00,CWL-1,Allover Hand Sand,ST-4430 Mid Blue,PO-77211,Light Blue,99,100,2,0,,,
2026-10-02,20:00-21:00,CWL-1,Allover Hand Sand,ST-4430 Mid Blue,PO-77211,Light Blue,96,92,1,0,,,
2026-10-02,21:00-22:00,CWL-1,Allover Hand Sand,ST-4430 Mid Blue,PO-77211,Light Blue,97,92,1,2,,,
2026-10-02,22:00-23:00,CWL-1,Allover Hand Sand,ST-4430 Mid Blue,PO-77211,Light Blue,91,83,2,0,,,
2026-10-02,23:00-00:00,CWL-1,Allover Hand Sand,ST-4430 Mid Blue,PO-77211,Light Blue,91,93,1,2,,,
2026-10-02,00:00-01:00,CWL-1,Allover Hand Sand,ST-4475 Vintage Wash,PO-77305,Vintage Indigo,77,71,1,1,,,
2026-10-02,01:00-02:00,CWL-1,Allover Hand Sand,ST-4475 Vintage Wash,PO-77305,Vintage Indigo,108,102,2,0,,,
2026-10-02,02:00-03:00,CWL-1,Allover Hand Sand,ST-4475 Vintage Wash,PO-77305,Vintage Indigo,90,84,2,1,,,
2026-10-02,03:00-04:00,CWL-1,Allover Hand Sand,ST-4475 Vintage Wash,PO-77305,Vintage Indigo,85,84,2,2,,,
2026-10-02,04:00-05:00,CWL-1,Allover Hand Sand,ST-4475 Vintage Wash,PO-77305,Vintage Indigo,81,81,2,1,,,
2026-10-02,05:00-06:00,CWL-1,Allover Hand Sand,ST-4475 Vintage Wash,PO-77305,Vintage Indigo,105,104,1,1,,,
2026-10-02,06:00-07:00,CWL-1,Allover Hand Sand,ST-4475 Vintage Wash,PO-77305,Vintage Indigo,103,95,1,1,,,
2026-10-02,07:00-08:00,CWL-1,Allover Hand Sand,ST-4475 Vintage Wash,PO-77305,Vintage Indigo,94,94,2,0,,,
2026-10-02,08:00-09:00,CWL-1,Tagging,ST-4430 Mid Blue,PO-77211,Light Blue,175,166,2,1,15,Other,
2026-10-02,09:00-10:00,CWL-1,Tagging,ST-4430 Mid Blue,PO-77211,Light Blue,706,713,12,8,,,
2026-10-02,10:00-11:00,CWL-1,Tagging,ST-4430 Mid Blue,PO-77211,Light Blue,22,20,0,1,30,Power / utility,
2026-10-02,11:00-12:00,CWL-1,Tagging,ST-4430 Mid Blue,PO-77211,Light Blue,793,731,8,6,,,
2026-10-02,12:00-13:00,CWL-1,Tagging,ST-4430 Mid Blue,PO-77211,Light Blue,191,187,2,4,45,Machine breakdown,
2026-10-02,13:00-14:00,CWL-1,Tagging,ST-4430 Mid Blue,PO-77211,Light Blue,806,805,16,5,,,
2026-10-02,14:00-15:00,CWL-1,Tagging,ST-4430 Mid Blue,PO-77211,Light Blue,719,696,20,11,,,
2026-10-02,15:00-16:00,CWL-1,Tagging,ST-4430 Mid Blue,PO-77211,Light Blue,736,695,8,7,,,
2026-10-02,16:00-17:00,CWL-1,Tagging,ST-4412 Dark Stone,PO-77102,Black Stone,628,579,7,11,,,
2026-10-02,17:00-18:00,CWL-1,Tagging,ST-4412 Dark Stone,PO-77102,Black Stone,861,793,11,13,,,
2026-10-02,18:00-19:00,CWL-1,Tagging,ST-4412 Dark Stone,PO-77102,Black Stone,845,836,8,8,,,
2026-10-02,19:00-20:00,CWL-1,Tagging,ST-4412 Dark Stone,PO-77102,Black Stone,793,732,17,3,,,
2026-10-02,20:00-21:00,CWL-1,Tagging,ST-4412 Dark Stone,PO-77102,Black Stone,834,821,13,7,,,
2026-10-02,21:00-22:00,CWL-1,Tagging,ST-4412 Dark Stone,PO-77102,Black Stone,370,373,10,7,15,Waiting for input,
2026-10-02,22:00-23:00,CWL-1,Tagging,ST-4412 Dark Stone,PO-77102,Black Stone,681,680,10,9,,,
2026-10-02,23:00-00:00,CWL-1,Tagging,ST-4412 Dark Stone,PO-77102,Black Stone,703,683,12,8,,,
2026-10-02,00:00-01:00,CWL-1,Tagging,ST-2285 Dye Black,PO-99040,Jet Black,643,609,15,11,,,
2026-10-02,01:00-02:00,CWL-1,Tagging,ST-2285 Dye Black,PO-99040,Jet Black,697,687,10,4,,,
2026-10-02,02:00-03:00,CWL-1,Tagging,ST-2285 Dye Black,PO-99040,Jet Black,718,717,15,11,,,
2026-10-02,03:00-04:00,CWL-1,Tagging,ST-2285 Dye Black,PO-99040,Jet Black,819,787,11,6,,,
2026-10-02,04:00-05:00,CWL-1,Tagging,ST-2285 Dye Black,PO-99040,Jet Black,706,710,18,4,,,
2026-10-02,05:00-06:00,CWL-1,Tagging,ST-2285 Dye Black,PO-99040,Jet Black,862,823,19,4,,,
2026-10-02,06:00-07:00,CWL-1,Tagging,ST-2285 Dye Black,PO-99040,Jet Black,877,826,21,10,,,
2026-10-02,07:00-08:00,CWL-1,Tagging,ST-2285 Dye Black,PO-99040,Jet Black,818,825,10,12,,,
2026-10-02,08:00-09:00,CWL-1,Grinding,ST-5120 Acid Blast,PO-88010,Acid Black,184,172,3,3,,,
2026-10-02,09:00-10:00,CWL-1,Grinding,ST-5120 Acid Blast,PO-88010,Acid Black,236,222,6,3,,,
2026-10-02,10:00-11:00,CWL-1,Grinding,ST-5120 Acid Blast,PO-88010,Acid Black,231,215,3,4,,,
2026-10-02,11:00-12:00,CWL-1,Grinding,ST-5120 Acid Blast,PO-88010,Acid Black,239,224,6,5,,,
2026-10-02,12:00-13:00,CWL-1,Grinding,ST-5120 Acid Blast,PO-88010,Acid Black,263,244,5,3,,,
2026-10-02,13:00-14:00,CWL-1,Grinding,ST-5120 Acid Blast,PO-88010,Acid Black,223,221,7,2,,,
2026-10-02,14:00-15:00,CWL-1,Grinding,ST-5120 Acid Blast,PO-88010,Acid Black,238,241,3,2,,,
2026-10-02,15:00-16:00,CWL-1,Grinding,ST-5120 Acid Blast,PO-88010,Acid Black,234,214,3,2,,,
2026-10-02,16:00-17:00,CWL-1,Grinding,ST-4430 Mid Blue,PO-77210,Mid Blue,181,175,5,1,,,
2026-10-02,17:00-18:00,CWL-1,Grinding,ST-4430 Mid Blue,PO-77210,Mid Blue,241,231,6,3,,,
2026-10-02,18:00-19:00,CWL-1,Grinding,ST-4430 Mid Blue,PO-77210,Mid Blue,245,224,3,4,,,
2026-10-02,19:00-20:00,CWL-1,Grinding,ST-4430 Mid Blue,PO-77210,Mid Blue,248,239,5,3,,,
2026-10-02,20:00-21:00,CWL-1,Grinding,ST-4430 Mid Blue,PO-77210,Mid Blue,205,202,4,4,,,
2026-10-02,21:00-22:00,CWL-1,Grinding,ST-4430 Mid Blue,PO-77210,Mid Blue,217,199,5,3,,,
2026-10-02,22:00-23:00,CWL-1,Grinding,ST-4430 Mid Blue,PO-77210,Mid Blue,239,228,4,4,,,
2026-10-02,23:00-00:00,CWL-1,Grinding,ST-4430 Mid Blue,PO-77210,Mid Blue,254,233,6,5,,,
2026-10-02,00:00-01:00,CWL-1,Grinding,ST-2285 Dye Black,PO-99040,Jet Black,212,197,2,2,,,
2026-10-02,01:00-02:00,CWL-1,Grinding,ST-2285 Dye Black,PO-99040,Jet Black,272,255,3,2,,,
2026-10-02,02:00-03:00,CWL-1,Grinding,ST-2285 Dye Black,PO-99040,Jet Black,242,245,4,2,,,
2026-10-02,03:00-04:00,CWL-1,Grinding,ST-2285 Dye Black,PO-99040,Jet Black,241,228,6,3,,,
2026-10-02,04:00-05:00,CWL-1,Grinding,ST-2285 Dye Black,PO-99040,Jet Black,245,246,5,1,,,
2026-10-02,05:00-06:00,CWL-1,Grinding,ST-2285 Dye Black,PO-99040,Jet Black,244,236,4,3,,,
2026-10-02,06:00-07:00,CWL-1,Grinding,ST-2285 Dye Black,PO-99040,Jet Black,219,215,5,1,,,
2026-10-02,07:00-08:00,CWL-1,Grinding,ST-2285 Dye Black,PO-99040,Jet Black,276,253,2,2,,,
2026-10-02,08:00-09:00,CWL-1,Destruction,ST-4430 Mid Blue,PO-77210,Mid Blue,174,168,3,2,,,
2026-10-02,09:00-10:00,CWL-1,Destruction,ST-4430 Mid Blue,PO-77210,Mid Blue,160,159,2,2,,,
2026-10-02,10:00-11:00,CWL-1,Destruction,ST-4430 Mid Blue,PO-77210,Mid Blue,181,167,4,2,,,
2026-10-02,11:00-12:00,CWL-1,Destruction,ST-4430 Mid Blue,PO-77210,Mid Blue,177,164,2,2,,,
2026-10-02,12:00-13:00,CWL-1,Destruction,ST-4430 Mid Blue,PO-77210,Mid Blue,187,172,4,1,,,
2026-10-02,13:00-14:00,CWL-1,Destruction,ST-4430 Mid Blue,PO-77210,Mid Blue,184,180,4,2,,,
2026-10-02,14:00-15:00,CWL-1,Destruction,ST-4430 Mid Blue,PO-77210,Mid Blue,177,173,4,2,,,
2026-10-02,15:00-16:00,CWL-1,Destruction,ST-4430 Mid Blue,PO-77210,Mid Blue,173,158,1,1,,,
2026-10-02,16:00-17:00,CWL-1,Destruction,ST-4412 Dark Stone,PO-77103,Dark Blue,176,165,3,3,,,
2026-10-02,17:00-18:00,CWL-1,Destruction,ST-4412 Dark Stone,PO-77103,Dark Blue,154,152,4,2,,,
2026-10-02,18:00-19:00,CWL-1,Destruction,ST-4412 Dark Stone,PO-77103,Dark Blue,164,165,4,1,,,
2026-10-02,19:00-20:00,CWL-1,Destruction,ST-4412 Dark Stone,PO-77103,Dark Blue,194,182,3,3,,,
2026-10-02,20:00-21:00,CWL-1,Destruction,ST-4412 Dark Stone,PO-77103,Dark Blue,212,194,5,3,,,
2026-10-02,21:00-22:00,CWL-1,Destruction,ST-4412 Dark Stone,PO-77103,Dark Blue,76,75,2,1,45,Machine breakdown,
2026-10-02,22:00-23:00,CWL-1,Destruction,ST-4412 Dark Stone,PO-77103,Dark Blue,188,190,5,2,,,
2026-10-02,23:00-00:00,CWL-1,Destruction,ST-4412 Dark Stone,PO-77103,Dark Blue,183,182,4,2,,,
2026-10-02,00:00-01:00,CWL-1,Destruction,ST-4430 Mid Blue,PO-77210,Mid Blue,154,143,2,1,,,
2026-10-02,01:00-02:00,CWL-1,Destruction,ST-4430 Mid Blue,PO-77210,Mid Blue,207,192,4,3,,,
2026-10-02,02:00-03:00,CWL-1,Destruction,ST-4430 Mid Blue,PO-77210,Mid Blue,194,182,5,3,,,
2026-10-02,03:00-04:00,CWL-1,Destruction,ST-4430 Mid Blue,PO-77210,Mid Blue,202,185,4,3,,,
2026-10-02,04:00-05:00,CWL-1,Destruction,ST-4430 Mid Blue,PO-77210,Mid Blue,199,198,2,2,,,
2026-10-02,05:00-06:00,CWL-1,Destruction,ST-4430 Mid Blue,PO-77210,Mid Blue,160,163,1,2,,,
2026-10-02,06:00-07:00,CWL-1,Destruction,ST-4430 Mid Blue,PO-77210,Mid Blue,157,159,3,2,,,
2026-10-02,07:00-08:00,CWL-1,Destruction,ST-4430 Mid Blue,PO-77210,Mid Blue,174,177,3,2,,,
2026-10-02,08:00-09:00,CWL-1,Cutting / Destroy,ST-5120 Acid Blast,PO-88010,Acid Black,3,3,0,0,15,Waiting for material,
2026-10-02,09:00-10:00,CWL-1,Cutting / Destroy,ST-5120 Acid Blast,PO-88010,Acid Black,379,374,11,3,,,
2026-10-02,10:00-11:00,CWL-1,Cutting / Destroy,ST-5120 Acid Blast,PO-88010,Acid Black,345,345,8,7,,,
2026-10-02,11:00-12:00,CWL-1,Cutting / Destroy,ST-5120 Acid Blast,PO-88010,Acid Black,351,320,4,6,,,
2026-10-02,12:00-13:00,CWL-1,Cutting / Destroy,ST-5120 Acid Blast,PO-88010,Acid Black,337,324,5,5,,,
2026-10-02,13:00-14:00,CWL-1,Cutting / Destroy,ST-5120 Acid Blast,PO-88010,Acid Black,377,360,3,2,,,
2026-10-02,14:00-15:00,CWL-1,Cutting / Destroy,ST-5120 Acid Blast,PO-88010,Acid Black,327,320,5,6,,,
2026-10-02,15:00-16:00,CWL-1,Cutting / Destroy,ST-5120 Acid Blast,PO-88010,Acid Black,350,349,8,5,,,
2026-10-02,16:00-17:00,CWL-1,Cutting / Destroy,ST-4475 Vintage Wash,PO-77305,Vintage Indigo,315,310,4,4,,,
2026-10-02,17:00-18:00,CWL-1,Cutting / Destroy,ST-4475 Vintage Wash,PO-77305,Vintage Indigo,335,329,6,3,,,
2026-10-02,18:00-19:00,CWL-1,Cutting / Destroy,ST-4475 Vintage Wash,PO-77305,Vintage Indigo,334,321,7,3,,,
2026-10-02,19:00-20:00,CWL-1,Cutting / Destroy,ST-4475 Vintage Wash,PO-77305,Vintage Indigo,369,352,6,3,,,
2026-10-02,20:00-21:00,CWL-1,Cutting / Destroy,ST-4475 Vintage Wash,PO-77305,Vintage Indigo,407,379,5,7,,,
2026-10-02,21:00-22:00,CWL-1,Cutting / Destroy,ST-4475 Vintage Wash,PO-77305,Vintage Indigo,381,367,9,3,,,
2026-10-02,22:00-23:00,CWL-1,Cutting / Destroy,ST-4475 Vintage Wash,PO-77305,Vintage Indigo,355,360,10,3,,,
2026-10-02,23:00-00:00,CWL-1,Cutting / Destroy,ST-4475 Vintage Wash,PO-77305,Vintage Indigo,328,310,4,3,,,
2026-10-02,00:00-01:00,CWL-1,Cutting / Destroy,ST-4430 Mid Blue,PO-77211,Light Blue,323,313,5,5,,,
2026-10-02,01:00-02:00,CWL-1,Cutting / Destroy,ST-4430 Mid Blue,PO-77211,Light Blue,324,296,9,2,,,
2026-10-02,02:00-03:00,CWL-1,Cutting / Destroy,ST-4430 Mid Blue,PO-77211,Light Blue,335,332,7,4,,,
2026-10-02,03:00-04:00,CWL-1,Cutting / Destroy,ST-4430 Mid Blue,PO-77211,Light Blue,379,381,5,6,,,
2026-10-02,04:00-05:00,CWL-1,Cutting / Destroy,ST-4430 Mid Blue,PO-77211,Light Blue,355,344,8,4,,,
2026-10-02,05:00-06:00,CWL-1,Cutting / Destroy,ST-4430 Mid Blue,PO-77211,Light Blue,12,11,0,0,45,Power / utility,
2026-10-02,06:00-07:00,CWL-1,Cutting / Destroy,ST-4430 Mid Blue,PO-77211,Light Blue,394,362,5,5,,,
2026-10-02,07:00-08:00,CWL-1,Cutting / Destroy,ST-4430 Mid Blue,PO-77211,Light Blue,333,323,9,5,,,
2026-10-02,08:00-09:00,CWL-1,Air Blowing,ST-4412 Dark Stone,PO-77103,Dark Blue,318,315,8,2,,,
2026-10-02,09:00-10:00,CWL-1,Air Blowing,ST-4412 Dark Stone,PO-77103,Dark Blue,402,386,4,2,,,
2026-10-02,10:00-11:00,CWL-1,Air Blowing,ST-4412 Dark Stone,PO-77103,Dark Blue,367,352,10,3,,,
2026-10-02,11:00-12:00,CWL-1,Air Blowing,ST-4412 Dark Stone,PO-77103,Dark Blue,397,362,10,2,,,
2026-10-02,12:00-13:00,CWL-1,Air Blowing,ST-4412 Dark Stone,PO-77103,Dark Blue,344,345,3,5,,,
2026-10-02,13:00-14:00,CWL-1,Air Blowing,ST-4412 Dark Stone,PO-77103,Dark Blue,462,432,6,4,,,
2026-10-02,14:00-15:00,CWL-1,Air Blowing,ST-4412 Dark Stone,PO-77103,Dark Blue,409,388,10,4,,,
2026-10-02,15:00-16:00,CWL-1,Air Blowing,ST-4412 Dark Stone,PO-77103,Dark Blue,470,439,8,3,,,
2026-10-02,16:00-17:00,CWL-1,Air Blowing,ST-2285 Dye Black,PO-99040,Jet Black,370,372,9,4,,,
2026-10-02,17:00-18:00,CWL-1,Air Blowing,ST-2285 Dye Black,PO-99040,Jet Black,334,338,8,3,,,
2026-10-02,18:00-19:00,CWL-1,Air Blowing,ST-2285 Dye Black,PO-99040,Jet Black,205,198,3,3,15,Waiting for input,
2026-10-02,19:00-20:00,CWL-1,Air Blowing,ST-2285 Dye Black,PO-99040,Jet Black,371,375,4,4,,,
2026-10-02,20:00-21:00,CWL-1,Air Blowing,ST-2285 Dye Black,PO-99040,Jet Black,464,434,6,6,,,
2026-10-02,21:00-22:00,CWL-1,Air Blowing,ST-2285 Dye Black,PO-99040,Jet Black,353,343,7,5,,,
2026-10-02,22:00-23:00,CWL-1,Air Blowing,ST-2285 Dye Black,PO-99040,Jet Black,406,374,8,2,,,
2026-10-02,23:00-00:00,CWL-1,Air Blowing,ST-2285 Dye Black,PO-99040,Jet Black,339,342,6,5,,,
2026-10-02,00:00-01:00,CWL-1,Air Blowing,ST-4430 Mid Blue,PO-77210,Mid Blue,332,316,6,3,,,
2026-10-02,01:00-02:00,CWL-1,Air Blowing,ST-4430 Mid Blue,PO-77210,Mid Blue,422,393,8,4,,,
2026-10-02,02:00-03:00,CWL-1,Air Blowing,ST-4430 Mid Blue,PO-77210,Mid Blue,352,338,5,4,,,
2026-10-02,03:00-04:00,CWL-1,Air Blowing,ST-4430 Mid Blue,PO-77210,Mid Blue,389,363,7,2,,,
2026-10-02,04:00-05:00,CWL-1,Air Blowing,ST-4430 Mid Blue,PO-77210,Mid Blue,377,344,7,3,,,
2026-10-02,05:00-06:00,CWL-1,Air Blowing,ST-4430 Mid Blue,PO-77210,Mid Blue,417,382,4,5,,,
2026-10-02,06:00-07:00,CWL-1,Air Blowing,ST-4430 Mid Blue,PO-77210,Mid Blue,394,384,10,6,,,
2026-10-02,07:00-08:00,CWL-1,Air Blowing,ST-4430 Mid Blue,PO-77210,Mid Blue,452,438,5,6,,,
2026-10-02,08:00-09:00,CWL-1,PP Spray (Front & Back),ST-2285 Dye Black,PO-99040,Jet Black,830,812,13,6,,,
2026-10-02,09:00-10:00,CWL-1,PP Spray (Front & Back),ST-2285 Dye Black,PO-99040,Jet Black,844,834,7,6,,,
2026-10-02,10:00-11:00,CWL-1,PP Spray (Front & Back),ST-2285 Dye Black,PO-99040,Jet Black,971,902,21,17,,,
2026-10-02,11:00-12:00,CWL-1,PP Spray (Front & Back),ST-2285 Dye Black,PO-99040,Jet Black,973,954,27,18,,,
2026-10-02,12:00-13:00,CWL-1,PP Spray (Front & Back),ST-2285 Dye Black,PO-99040,Jet Black,857,834,15,8,,,
2026-10-02,13:00-14:00,CWL-1,PP Spray (Front & Back),ST-2285 Dye Black,PO-99040,Jet Black,963,977,13,11,,,
2026-10-02,14:00-15:00,CWL-1,PP Spray (Front & Back),ST-2285 Dye Black,PO-99040,Jet Black,788,780,16,14,,,
2026-10-02,15:00-16:00,CWL-1,PP Spray (Front & Back),ST-2285 Dye Black,PO-99040,Jet Black,1,1,0,0,45,Changeover / setup,
2026-10-02,16:00-17:00,CWL-1,PP Spray (Front & Back),ST-4412 Dark Stone,PO-77103,Dark Blue,757,742,20,6,,,
2026-10-02,17:00-18:00,CWL-1,PP Spray (Front & Back),ST-4412 Dark Stone,PO-77103,Dark Blue,1016,978,27,14,,,
2026-10-02,18:00-19:00,CWL-1,PP Spray (Front & Back),ST-4412 Dark Stone,PO-77103,Dark Blue,881,825,8,6,,,
2026-10-02,19:00-20:00,CWL-1,PP Spray (Front & Back),ST-4412 Dark Stone,PO-77103,Dark Blue,869,827,10,15,,,
2026-10-02,20:00-21:00,CWL-1,PP Spray (Front & Back),ST-4412 Dark Stone,PO-77103,Dark Blue,802,772,21,7,,,
2026-10-02,21:00-22:00,CWL-1,PP Spray (Front & Back),ST-4412 Dark Stone,PO-77103,Dark Blue,891,842,18,15,,,
2026-10-02,22:00-23:00,CWL-1,PP Spray (Front & Back),ST-4412 Dark Stone,PO-77103,Dark Blue,978,937,14,11,,,
2026-10-02,23:00-00:00,CWL-1,PP Spray (Front & Back),ST-4412 Dark Stone,PO-77103,Dark Blue,937,925,20,13,,,
2026-10-02,00:00-01:00,CWL-1,PP Spray (Front & Back),ST-4430 Mid Blue,PO-77211,Light Blue,708,658,17,13,,,
2026-10-02,01:00-02:00,CWL-1,PP Spray (Front & Back),ST-4430 Mid Blue,PO-77211,Light Blue,967,901,11,8,,,
2026-10-02,02:00-03:00,CWL-1,PP Spray (Front & Back),ST-4430 Mid Blue,PO-77211,Light Blue,902,882,7,16,,,
2026-10-02,03:00-04:00,CWL-1,PP Spray (Front & Back),ST-4430 Mid Blue,PO-77211,Light Blue,1037,1001,25,18,,,
2026-10-02,04:00-05:00,CWL-1,PP Spray (Front & Back),ST-4430 Mid Blue,PO-77211,Light Blue,37,35,1,1,45,Quality hold,
2026-10-02,05:00-06:00,CWL-1,PP Spray (Front & Back),ST-4430 Mid Blue,PO-77211,Light Blue,1046,962,15,13,,,
2026-10-02,06:00-07:00,CWL-1,PP Spray (Front & Back),ST-4430 Mid Blue,PO-77211,Light Blue,883,815,15,11,,,
2026-10-02,07:00-08:00,CWL-1,PP Spray (Front & Back),ST-4430 Mid Blue,PO-77211,Light Blue,1048,972,23,19,,,
2026-10-02,08:00-09:00,CWL-1,Allover PP Spray,ST-5133 Snow Acid,PO-88055,Snow White,287,283,5,4,,,
2026-10-02,09:00-10:00,CWL-1,Allover PP Spray,ST-5133 Snow Acid,PO-88055,Snow White,321,295,4,4,,,
2026-10-02,10:00-11:00,CWL-1,Allover PP Spray,ST-5133 Snow Acid,PO-88055,Snow White,302,305,4,3,,,
2026-10-02,11:00-12:00,CWL-1,Allover PP Spray,ST-5133 Snow Acid,PO-88055,Snow White,324,311,6,4,,,
2026-10-02,12:00-13:00,CWL-1,Allover PP Spray,ST-5133 Snow Acid,PO-88055,Snow White,288,292,3,4,,,
2026-10-02,13:00-14:00,CWL-1,Allover PP Spray,ST-5133 Snow Acid,PO-88055,Snow White,305,285,8,5,,,
2026-10-02,14:00-15:00,CWL-1,Allover PP Spray,ST-5133 Snow Acid,PO-88055,Snow White,374,361,6,5,,,
2026-10-02,15:00-16:00,CWL-1,Allover PP Spray,ST-5133 Snow Acid,PO-88055,Snow White,309,285,7,4,,,
2026-10-02,16:00-17:00,CWL-1,Allover PP Spray,ST-5120 Acid Blast,PO-88010,Acid Black,65,64,0,1,30,Power / utility,
2026-10-02,17:00-18:00,CWL-1,Allover PP Spray,ST-5120 Acid Blast,PO-88010,Acid Black,307,288,3,5,,,
2026-10-02,18:00-19:00,CWL-1,Allover PP Spray,ST-5120 Acid Blast,PO-88010,Acid Black,310,314,4,3,,,
2026-10-02,19:00-20:00,CWL-1,Allover PP Spray,ST-5120 Acid Blast,PO-88010,Acid Black,290,288,3,6,,,
2026-10-02,20:00-21:00,CWL-1,Allover PP Spray,ST-5120 Acid Blast,PO-88010,Acid Black,312,309,4,5,,,
2026-10-02,21:00-22:00,CWL-1,Allover PP Spray,ST-5120 Acid Blast,PO-88010,Acid Black,353,335,7,4,,,
2026-10-02,22:00-23:00,CWL-1,Allover PP Spray,ST-5120 Acid Blast,PO-88010,Acid Black,317,322,10,4,,,
2026-10-02,23:00-00:00,CWL-1,Allover PP Spray,ST-5120 Acid Blast,PO-88010,Acid Black,360,344,4,6,,,
2026-10-02,00:00-01:00,CWL-1,Allover PP Spray,ST-4412 Dark Stone,PO-77102,Black Stone,299,273,6,3,,,
2026-10-02,01:00-02:00,CWL-1,Allover PP Spray,ST-4412 Dark Stone,PO-77102,Black Stone,332,313,8,4,,,
2026-10-02,02:00-03:00,CWL-1,Allover PP Spray,ST-4412 Dark Stone,PO-77102,Black Stone,344,326,3,4,,,
2026-10-02,03:00-04:00,CWL-1,Allover PP Spray,ST-4412 Dark Stone,PO-77102,Black Stone,369,352,5,5,,,
2026-10-02,04:00-05:00,CWL-1,Allover PP Spray,ST-4412 Dark Stone,PO-77102,Black Stone,320,307,3,4,,,
2026-10-02,05:00-06:00,CWL-1,Allover PP Spray,ST-4412 Dark Stone,PO-77102,Black Stone,344,326,8,4,,,
2026-10-02,06:00-07:00,CWL-1,Allover PP Spray,ST-4412 Dark Stone,PO-77102,Black Stone,352,356,5,3,,,
2026-10-02,07:00-08:00,CWL-1,Allover PP Spray,ST-4412 Dark Stone,PO-77102,Black Stone,321,299,8,2,,,
2026-10-02,08:00-09:00,CWL-1,PP Rubbing,ST-4430 Mid Blue,PO-77210,Mid Blue,168,155,2,2,,,
2026-10-02,09:00-10:00,CWL-1,PP Rubbing,ST-4430 Mid Blue,PO-77210,Mid Blue,186,185,4,2,,,
2026-10-02,10:00-11:00,CWL-1,PP Rubbing,ST-4430 Mid Blue,PO-77210,Mid Blue,184,184,3,3,,,
2026-10-02,11:00-12:00,CWL-1,PP Rubbing,ST-4430 Mid Blue,PO-77210,Mid Blue,191,178,5,2,,,
2026-10-02,12:00-13:00,CWL-1,PP Rubbing,ST-4430 Mid Blue,PO-77210,Mid Blue,232,213,3,2,,,
2026-10-02,13:00-14:00,CWL-1,PP Rubbing,ST-4430 Mid Blue,PO-77210,Mid Blue,185,169,4,2,,,
2026-10-02,14:00-15:00,CWL-1,PP Rubbing,ST-4430 Mid Blue,PO-77210,Mid Blue,194,178,3,3,,,
2026-10-02,15:00-16:00,CWL-1,PP Rubbing,ST-4430 Mid Blue,PO-77210,Mid Blue,180,183,4,4,,,
2026-10-02,16:00-17:00,CWL-1,PP Rubbing,ST-4430 Mid Blue,PO-77211,Light Blue,164,158,4,3,,,
2026-10-02,17:00-18:00,CWL-1,PP Rubbing,ST-4430 Mid Blue,PO-77211,Light Blue,182,172,3,3,,,
2026-10-02,18:00-19:00,CWL-1,PP Rubbing,ST-4430 Mid Blue,PO-77211,Light Blue,166,169,5,2,,,
2026-10-02,19:00-20:00,CWL-1,PP Rubbing,ST-4430 Mid Blue,PO-77211,Light Blue,166,169,4,1,,,
2026-10-02,20:00-21:00,CWL-1,PP Rubbing,ST-4430 Mid Blue,PO-77211,Light Blue,185,172,3,2,,,
2026-10-02,21:00-22:00,CWL-1,PP Rubbing,ST-4430 Mid Blue,PO-77211,Light Blue,218,205,6,1,,,
2026-10-02,22:00-23:00,CWL-1,PP Rubbing,ST-4430 Mid Blue,PO-77211,Light Blue,183,174,4,3,,,
2026-10-02,23:00-00:00,CWL-1,PP Rubbing,ST-4430 Mid Blue,PO-77211,Light Blue,168,169,3,3,,,
2026-10-02,00:00-01:00,CWL-1,PP Rubbing,ST-4430 Mid Blue,PO-77211,Light Blue,175,171,3,2,,,
2026-10-02,01:00-02:00,CWL-1,PP Rubbing,ST-4430 Mid Blue,PO-77211,Light Blue,206,207,3,4,,,
2026-10-02,02:00-03:00,CWL-1,PP Rubbing,ST-4430 Mid Blue,PO-77211,Light Blue,198,188,3,3,,,
2026-10-02,03:00-04:00,CWL-1,PP Rubbing,ST-4430 Mid Blue,PO-77211,Light Blue,212,212,2,3,,,
2026-10-02,04:00-05:00,CWL-1,PP Rubbing,ST-4430 Mid Blue,PO-77211,Light Blue,215,210,4,3,,,
2026-10-02,05:00-06:00,CWL-1,PP Rubbing,ST-4430 Mid Blue,PO-77211,Light Blue,178,180,5,2,,,
2026-10-02,06:00-07:00,CWL-1,PP Rubbing,ST-4430 Mid Blue,PO-77211,Light Blue,184,178,4,1,,,
2026-10-02,07:00-08:00,CWL-1,PP Rubbing,ST-4430 Mid Blue,PO-77211,Light Blue,196,199,5,1,,,
2026-10-02,08:00-09:00,CWL-1,Machine 3D,ST-5133 Snow Acid,PO-88055,Snow White,228,221,3,4,,,
2026-10-02,09:00-10:00,CWL-1,Machine 3D,ST-5133 Snow Acid,PO-88055,Snow White,275,279,6,4,,,
2026-10-02,10:00-11:00,CWL-1,Machine 3D,ST-5133 Snow Acid,PO-88055,Snow White,322,300,6,3,,,
2026-10-02,11:00-12:00,CWL-1,Machine 3D,ST-5133 Snow Acid,PO-88055,Snow White,337,316,5,2,,,
2026-10-02,12:00-13:00,CWL-1,Machine 3D,ST-5133 Snow Acid,PO-88055,Snow White,287,268,5,2,,,
2026-10-02,13:00-14:00,CWL-1,Machine 3D,ST-5133 Snow Acid,PO-88055,Snow White,318,320,5,3,,,
2026-10-02,14:00-15:00,CWL-1,Machine 3D,ST-5133 Snow Acid,PO-88055,Snow White,331,305,4,3,,,
2026-10-02,15:00-16:00,CWL-1,Machine 3D,ST-5133 Snow Acid,PO-88055,Snow White,314,317,8,5,,,
2026-10-02,16:00-17:00,CWL-1,Machine 3D,ST-2285 Dye Black,PO-99040,Jet Black,297,277,7,3,,,
2026-10-02,17:00-18:00,CWL-1,Machine 3D,ST-2285 Dye Black,PO-99040,Jet Black,292,271,6,6,,,
2026-10-02,18:00-19:00,CWL-1,Machine 3D,ST-2285 Dye Black,PO-99040,Jet Black,343,317,4,6,,,
2026-10-02,19:00-20:00,CWL-1,Machine 3D,ST-2285 Dye Black,PO-99040,Jet Black,322,299,6,4,,,
2026-10-02,20:00-21:00,CWL-1,Machine 3D,ST-2285 Dye Black,PO-99040,Jet Black,344,314,7,3,,,
2026-10-02,21:00-22:00,CWL-1,Machine 3D,ST-2285 Dye Black,PO-99040,Jet Black,325,317,4,3,,,
2026-10-02,22:00-23:00,CWL-1,Machine 3D,ST-2285 Dye Black,PO-99040,Jet Black,328,302,3,6,,,
2026-10-02,23:00-00:00,CWL-1,Machine 3D,ST-2285 Dye Black,PO-99040,Jet Black,312,311,6,3,,,
2026-10-02,00:00-01:00,CWL-1,Machine 3D,ST-3350 Twill Garment Dye,PO-66180,Olive,240,227,6,4,,,
2026-10-02,01:00-02:00,CWL-1,Machine 3D,ST-3350 Twill Garment Dye,PO-66180,Olive,307,308,6,3,,,
2026-10-02,02:00-03:00,CWL-1,Machine 3D,ST-3350 Twill Garment Dye,PO-66180,Olive,299,274,7,3,,,
2026-10-02,03:00-04:00,CWL-1,Machine 3D,ST-3350 Twill Garment Dye,PO-66180,Olive,308,304,5,3,,,
2026-10-02,04:00-05:00,CWL-1,Machine 3D,ST-3350 Twill Garment Dye,PO-66180,Olive,308,300,8,2,,,
2026-10-02,05:00-06:00,CWL-1,Machine 3D,ST-3350 Twill Garment Dye,PO-66180,Olive,301,289,5,4,,,
2026-10-02,06:00-07:00,CWL-1,Machine 3D,ST-3350 Twill Garment Dye,PO-66180,Olive,350,324,8,6,,,
2026-10-02,07:00-08:00,CWL-1,Machine 3D,ST-3350 Twill Garment Dye,PO-66180,Olive,346,318,5,2,,,
2026-10-02,08:00-09:00,CWL-1,Iron 3D,ST-5133 Snow Acid,PO-88055,Snow White,221,205,6,3,,,
2026-10-02,09:00-10:00,CWL-1,Iron 3D,ST-5133 Snow Acid,PO-88055,Snow White,243,245,3,5,,,
2026-10-02,10:00-11:00,CWL-1,Iron 3D,ST-5133 Snow Acid,PO-88055,Snow White,290,286,7,5,,,
2026-10-02,11:00-12:00,CWL-1,Iron 3D,ST-5133 Snow Acid,PO-88055,Snow White,281,256,5,1,,,
2026-10-02,12:00-13:00,CWL-1,Iron 3D,ST-5133 Snow Acid,PO-88055,Snow White,238,242,3,5,,,
2026-10-02,13:00-14:00,CWL-1,Iron 3D,ST-5133 Snow Acid,PO-88055,Snow White,271,263,7,5,,,
2026-10-02,14:00-15:00,CWL-1,Iron 3D,ST-5133 Snow Acid,PO-88055,Snow White,264,260,3,4,,,
2026-10-02,15:00-16:00,CWL-1,Iron 3D,ST-5133 Snow Acid,PO-88055,Snow White,254,253,6,4,,,
2026-10-02,16:00-17:00,CWL-1,Iron 3D,ST-3350 Twill Garment Dye,PO-66180,Olive,210,195,1,4,,,
2026-10-02,17:00-18:00,CWL-1,Iron 3D,ST-3350 Twill Garment Dye,PO-66180,Olive,291,291,8,3,,,
2026-10-02,18:00-19:00,CWL-1,Iron 3D,ST-3350 Twill Garment Dye,PO-66180,Olive,238,232,6,2,,,
2026-10-02,19:00-20:00,CWL-1,Iron 3D,ST-3350 Twill Garment Dye,PO-66180,Olive,287,291,6,6,,,
2026-10-02,20:00-21:00,CWL-1,Iron 3D,ST-3350 Twill Garment Dye,PO-66180,Olive,245,233,3,1,,,
2026-10-02,21:00-22:00,CWL-1,Iron 3D,ST-3350 Twill Garment Dye,PO-66180,Olive,302,281,7,2,,,
2026-10-02,22:00-23:00,CWL-1,Iron 3D,ST-3350 Twill Garment Dye,PO-66180,Olive,300,283,5,5,,,
2026-10-02,23:00-00:00,CWL-1,Iron 3D,ST-3350 Twill Garment Dye,PO-66180,Olive,290,290,6,4,,,
2026-10-02,00:00-01:00,CWL-1,Iron 3D,ST-3350 Twill Garment Dye,PO-66180,Olive,257,251,7,3,,,
2026-10-02,01:00-02:00,CWL-1,Iron 3D,ST-3350 Twill Garment Dye,PO-66180,Olive,266,254,6,3,,,
2026-10-02,02:00-03:00,CWL-1,Iron 3D,ST-3350 Twill Garment Dye,PO-66180,Olive,305,299,5,2,,,
2026-10-02,03:00-04:00,CWL-1,Iron 3D,ST-3350 Twill Garment Dye,PO-66180,Olive,272,258,3,4,,,
2026-10-02,04:00-05:00,CWL-1,Iron 3D,ST-3350 Twill Garment Dye,PO-66180,Olive,295,283,8,5,,,
2026-10-02,05:00-06:00,CWL-1,Iron 3D,ST-3350 Twill Garment Dye,PO-66180,Olive,292,270,8,3,,,
2026-10-02,06:00-07:00,CWL-1,Iron 3D,ST-3350 Twill Garment Dye,PO-66180,Olive,292,276,6,2,,,
2026-10-02,07:00-08:00,CWL-1,Iron 3D,ST-3350 Twill Garment Dye,PO-66180,Olive,252,239,4,4,,,
2026-10-03,08:00-09:00,CWL-1,Laser Whisker,ST-3350 Twill Garment Dye,PO-66180,Olive,24,24,1,0,,,
2026-10-03,09:00-10:00,CWL-1,Laser Whisker,ST-3350 Twill Garment Dye,PO-66180,Olive,35,35,1,0,,,
2026-10-03,10:00-11:00,CWL-1,Laser Whisker,ST-3350 Twill Garment Dye,PO-66180,Olive,30,31,0,1,,,
2026-10-03,11:00-12:00,CWL-1,Laser Whisker,ST-3350 Twill Garment Dye,PO-66180,Olive,30,27,1,1,,,
2026-10-03,12:00-13:00,CWL-1,Laser Whisker,ST-3350 Twill Garment Dye,PO-66180,Olive,32,29,0,1,,,
2026-10-03,13:00-14:00,CWL-1,Laser Whisker,ST-3350 Twill Garment Dye,PO-66180,Olive,36,34,1,1,,,
2026-10-03,14:00-15:00,CWL-1,Laser Whisker,ST-3350 Twill Garment Dye,PO-66180,Olive,32,30,1,0,,,
2026-10-03,15:00-16:00,CWL-1,Laser Whisker,ST-3350 Twill Garment Dye,PO-66180,Olive,34,33,1,1,,,
2026-10-03,16:00-17:00,CWL-1,Laser Whisker,ST-4430 Mid Blue,PO-77211,Light Blue,2,2,0,0,15,Operator shortage,
2026-10-03,17:00-18:00,CWL-1,Laser Whisker,ST-4430 Mid Blue,PO-77211,Light Blue,33,33,0,0,,,
2026-10-03,18:00-19:00,CWL-1,Laser Whisker,ST-4430 Mid Blue,PO-77211,Light Blue,38,35,1,0,,,
2026-10-03,19:00-20:00,CWL-1,Laser Whisker,ST-4430 Mid Blue,PO-77211,Light Blue,30,29,1,0,,,
2026-10-03,20:00-21:00,CWL-1,Laser Whisker,ST-4430 Mid Blue,PO-77211,Light Blue,28,28,1,1,,,
2026-10-03,21:00-22:00,CWL-1,Laser Whisker,ST-4430 Mid Blue,PO-77211,Light Blue,33,32,0,0,,,
2026-10-03,22:00-23:00,CWL-1,Laser Whisker,ST-4430 Mid Blue,PO-77211,Light Blue,31,31,0,0,,,
2026-10-03,23:00-00:00,CWL-1,Laser Whisker,ST-4430 Mid Blue,PO-77211,Light Blue,28,28,0,1,,,
2026-10-03,00:00-01:00,CWL-1,Laser Whisker,ST-4475 Vintage Wash,PO-77305,Vintage Indigo,26,25,0,0,,,
2026-10-03,01:00-02:00,CWL-1,Laser Whisker,ST-4475 Vintage Wash,PO-77305,Vintage Indigo,35,32,0,1,,,
2026-10-03,02:00-03:00,CWL-1,Laser Whisker,ST-4475 Vintage Wash,PO-77305,Vintage Indigo,34,32,1,0,,,
2026-10-03,03:00-04:00,CWL-1,Laser Whisker,ST-4475 Vintage Wash,PO-77305,Vintage Indigo,33,31,1,0,,,
2026-10-03,04:00-05:00,CWL-1,Laser Whisker,ST-4475 Vintage Wash,PO-77305,Vintage Indigo,36,34,0,0,,,
2026-10-03,05:00-06:00,CWL-1,Laser Whisker,ST-4475 Vintage Wash,PO-77305,Vintage Indigo,33,32,0,1,,,
2026-10-03,06:00-07:00,CWL-1,Laser Whisker,ST-4475 Vintage Wash,PO-77305,Vintage Indigo,32,32,0,1,,,
2026-10-03,07:00-08:00,CWL-1,Laser Whisker,ST-4475 Vintage Wash,PO-77305,Vintage Indigo,34,33,1,1,,,
2026-10-03,08:00-09:00,CWL-1,Laser Mark Destroy,ST-5133 Snow Acid,PO-88055,Snow White,79,79,2,0,,,
2026-10-03,09:00-10:00,CWL-1,Laser Mark Destroy,ST-5133 Snow Acid,PO-88055,Snow White,87,88,2,1,,,
2026-10-03,10:00-11:00,CWL-1,Laser Mark Destroy,ST-5133 Snow Acid,PO-88055,Snow White,91,85,2,1,,,
2026-10-03,11:00-12:00,CWL-1,Laser Mark Destroy,ST-5133 Snow Acid,PO-88055,Snow White,86,85,1,1,,,
2026-10-03,12:00-13:00,CWL-1,Laser Mark Destroy,ST-5133 Snow Acid,PO-88055,Snow White,99,99,1,0,,,
2026-10-03,13:00-14:00,CWL-1,Laser Mark Destroy,ST-5133 Snow Acid,PO-88055,Snow White,94,92,1,1,,,
2026-10-03,14:00-15:00,CWL-1,Laser Mark Destroy,ST-5133 Snow Acid,PO-88055,Snow White,101,102,2,2,,,
2026-10-03,15:00-16:00,CWL-1,Laser Mark Destroy,ST-5133 Snow Acid,PO-88055,Snow White,100,91,1,1,,,
2026-10-03,16:00-17:00,CWL-1,Laser Mark Destroy,ST-5133 Snow Acid,PO-88055,Snow White,92,87,1,1,,,
2026-10-03,17:00-18:00,CWL-1,Laser Mark Destroy,ST-5133 Snow Acid,PO-88055,Snow White,110,100,2,1,,,
2026-10-03,18:00-19:00,CWL-1,Laser Mark Destroy,ST-5133 Snow Acid,PO-88055,Snow White,109,100,2,1,,,
2026-10-03,19:00-20:00,CWL-1,Laser Mark Destroy,ST-5133 Snow Acid,PO-88055,Snow White,90,91,1,1,,,
2026-10-03,20:00-21:00,CWL-1,Laser Mark Destroy,ST-5133 Snow Acid,PO-88055,Snow White,104,101,2,1,,,
2026-10-03,21:00-22:00,CWL-1,Laser Mark Destroy,ST-5133 Snow Acid,PO-88055,Snow White,110,102,2,2,,,
2026-10-03,22:00-23:00,CWL-1,Laser Mark Destroy,ST-5133 Snow Acid,PO-88055,Snow White,86,82,1,0,,,
2026-10-03,23:00-00:00,CWL-1,Laser Mark Destroy,ST-5133 Snow Acid,PO-88055,Snow White,89,81,1,0,,,
2026-10-03,00:00-01:00,CWL-1,Laser Mark Destroy,ST-4430 Mid Blue,PO-77210,Mid Blue,75,74,2,1,,,
2026-10-03,01:00-02:00,CWL-1,Laser Mark Destroy,ST-4430 Mid Blue,PO-77210,Mid Blue,109,103,2,1,,,
2026-10-03,02:00-03:00,CWL-1,Laser Mark Destroy,ST-4430 Mid Blue,PO-77210,Mid Blue,88,88,2,1,,,
2026-10-03,03:00-04:00,CWL-1,Laser Mark Destroy,ST-4430 Mid Blue,PO-77210,Mid Blue,12,11,0,0,45,Power / utility,
2026-10-03,04:00-05:00,CWL-1,Laser Mark Destroy,ST-4430 Mid Blue,PO-77210,Mid Blue,106,103,1,2,,,
2026-10-03,05:00-06:00,CWL-1,Laser Mark Destroy,ST-4430 Mid Blue,PO-77210,Mid Blue,90,88,1,1,,,
2026-10-03,06:00-07:00,CWL-1,Laser Mark Destroy,ST-4430 Mid Blue,PO-77210,Mid Blue,89,87,2,1,,,
2026-10-03,07:00-08:00,CWL-1,Laser Mark Destroy,ST-4430 Mid Blue,PO-77210,Mid Blue,96,92,0,1,,,
2026-10-03,08:00-09:00,CWL-1,Pattern Whisker,ST-4430 Mid Blue,PO-77211,Light Blue,1174,1086,31,16,,,
2026-10-03,09:00-10:00,CWL-1,Pattern Whisker,ST-4430 Mid Blue,PO-77211,Light Blue,1204,1166,29,7,,,
2026-10-03,10:00-11:00,CWL-1,Pattern Whisker,ST-4430 Mid Blue,PO-77211,Light Blue,1205,1217,16,17,,,
2026-10-03,11:00-12:00,CWL-1,Pattern Whisker,ST-4430 Mid Blue,PO-77211,Light Blue,1230,1176,18,17,,,
2026-10-03,12:00-13:00,CWL-1,Pattern Whisker,ST-4430 Mid Blue,PO-77211,Light Blue,1352,1240,20,16,,,
2026-10-03,13:00-14:00,CWL-1,Pattern Whisker,ST-4430 Mid Blue,PO-77211,Light Blue,1468,1370,13,27,,,
2026-10-03,14:00-15:00,CWL-1,Pattern Whisker,ST-4430 Mid Blue,PO-77211,Light Blue,1177,1140,9,22,,,
2026-10-03,15:00-16:00,CWL-1,Pattern Whisker,ST-4430 Mid Blue,PO-77211,Light Blue,1244,1154,17,6,,,
2026-10-03,16:00-17:00,CWL-1,Pattern Whisker,ST-5133 Snow Acid,PO-88055,Snow White,1133,1057,11,17,,,
2026-10-03,17:00-18:00,CWL-1,Pattern Whisker,ST-5133 Snow Acid,PO-88055,Snow White,1365,1258,37,16,,,
2026-10-03,18:00-19:00,CWL-1,Pattern Whisker,ST-5133 Snow Acid,PO-88055,Snow White,1095,1083,24,20,,,
2026-10-03,19:00-20:00,CWL-1,Pattern Whisker,ST-5133 Snow Acid,PO-88055,Snow White,1241,1190,11,7,,,
2026-10-03,20:00-21:00,CWL-1,Pattern Whisker,ST-5133 Snow Acid,PO-88055,Snow White,1252,1224,28,13,,,
2026-10-03,21:00-22:00,CWL-1,Pattern Whisker,ST-5133 Snow Acid,PO-88055,Snow White,1237,1249,32,6,,,
2026-10-03,22:00-23:00,CWL-1,Pattern Whisker,ST-5133 Snow Acid,PO-88055,Snow White,1303,1290,23,18,,,
2026-10-03,23:00-00:00,CWL-1,Pattern Whisker,ST-5133 Snow Acid,PO-88055,Snow White,1138,1131,17,13,,,
2026-10-03,00:00-01:00,CWL-1,Pattern Whisker,ST-4412 Dark Stone,PO-77102,Black Stone,1128,1065,24,9,,,
2026-10-03,01:00-02:00,CWL-1,Pattern Whisker,ST-4412 Dark Stone,PO-77102,Black Stone,1191,1111,18,12,,,
2026-10-03,02:00-03:00,CWL-1,Pattern Whisker,ST-4412 Dark Stone,PO-77102,Black Stone,1086,1061,17,18,,,
2026-10-03,03:00-04:00,CWL-1,Pattern Whisker,ST-4412 Dark Stone,PO-77102,Black Stone,1152,1103,18,7,,,
2026-10-03,04:00-05:00,CWL-1,Pattern Whisker,ST-4412 Dark Stone,PO-77102,Black Stone,1387,1357,29,22,,,
2026-10-03,05:00-06:00,CWL-1,Pattern Whisker,ST-4412 Dark Stone,PO-77102,Black Stone,1078,1076,28,10,,,
2026-10-03,06:00-07:00,CWL-1,Pattern Whisker,ST-4412 Dark Stone,PO-77102,Black Stone,1299,1314,20,24,,,
2026-10-03,07:00-08:00,CWL-1,Pattern Whisker,ST-4412 Dark Stone,PO-77102,Black Stone,1112,1076,16,11,,,
2026-10-03,08:00-09:00,CWL-1,Hand Sand (Front & Back),ST-5133 Snow Acid,PO-88055,Snow White,544,497,4,6,,,
2026-10-03,09:00-10:00,CWL-1,Hand Sand (Front & Back),ST-5133 Snow Acid,PO-88055,Snow White,259,250,2,2,30,Changeover / setup,
2026-10-03,10:00-11:00,CWL-1,Hand Sand (Front & Back),ST-5133 Snow Acid,PO-88055,Snow White,609,615,18,4,,,
2026-10-03,11:00-12:00,CWL-1,Hand Sand (Front & Back),ST-5133 Snow Acid,PO-88055,Snow White,171,163,2,2,30,Waiting for input,
2026-10-03,12:00-13:00,CWL-1,Hand Sand (Front & Back),ST-5133 Snow Acid,PO-88055,Snow White,259,264,4,2,30,Quality hold,
2026-10-03,13:00-14:00,CWL-1,Hand Sand (Front & Back),ST-5133 Snow Acid,PO-88055,Snow White,640,612,12,11,,,
2026-10-03,14:00-15:00,CWL-1,Hand Sand (Front & Back),ST-5133 Snow Acid,PO-88055,Snow White,227,224,6,1,15,Power / utility,
2026-10-03,15:00-16:00,CWL-1,Hand Sand (Front & Back),ST-5133 Snow Acid,PO-88055,Snow White,600,598,10,3,,,
2026-10-03,16:00-17:00,CWL-1,Hand Sand (Front & Back),ST-4412 Dark Stone,PO-77102,Black Stone,537,545,7,5,,,
2026-10-03,17:00-18:00,CWL-1,Hand Sand (Front & Back),ST-4412 Dark Stone,PO-77102,Black Stone,652,628,13,5,,,
2026-10-03,18:00-19:00,CWL-1,Hand Sand (Front & Back),ST-4412 Dark Stone,PO-77102,Black Stone,572,541,16,9,,,
2026-10-03,19:00-20:00,CWL-1,Hand Sand (Front & Back),ST-4412 Dark Stone,PO-77102,Black Stone,587,544,6,8,,,
2026-10-03,20:00-21:00,CWL-1,Hand Sand (Front & Back),ST-4412 Dark Stone,PO-77102,Black Stone,700,666,19,4,,,
2026-10-03,21:00-22:00,CWL-1,Hand Sand (Front & Back),ST-4412 Dark Stone,PO-77102,Black Stone,610,555,7,10,,,
2026-10-03,22:00-23:00,CWL-1,Hand Sand (Front & Back),ST-4412 Dark Stone,PO-77102,Black Stone,558,527,8,6,,,
2026-10-03,23:00-00:00,CWL-1,Hand Sand (Front & Back),ST-4412 Dark Stone,PO-77102,Black Stone,574,573,6,8,,,
2026-10-03,00:00-01:00,CWL-1,Hand Sand (Front & Back),ST-3350 Twill Garment Dye,PO-66180,Olive,518,524,14,3,,,
2026-10-03,01:00-02:00,CWL-1,Hand Sand (Front & Back),ST-3350 Twill Garment Dye,PO-66180,Olive,598,555,15,8,,,
2026-10-03,02:00-03:00,CWL-1,Hand Sand (Front & Back),ST-3350 Twill Garment Dye,PO-66180,Olive,561,516,15,9,,,
2026-10-03,03:00-04:00,CWL-1,Hand Sand (Front & Back),ST-3350 Twill Garment Dye,PO-66180,Olive,553,536,4,3,,,
2026-10-03,04:00-05:00,CWL-1,Hand Sand (Front & Back),ST-3350 Twill Garment Dye,PO-66180,Olive,600,553,10,8,,,
2026-10-03,05:00-06:00,CWL-1,Hand Sand (Front & Back),ST-3350 Twill Garment Dye,PO-66180,Olive,660,665,9,9,,,
2026-10-03,06:00-07:00,CWL-1,Hand Sand (Front & Back),ST-3350 Twill Garment Dye,PO-66180,Olive,613,606,18,8,,,
2026-10-03,07:00-08:00,CWL-1,Hand Sand (Front & Back),ST-3350 Twill Garment Dye,PO-66180,Olive,594,571,6,10,,,
2026-10-03,08:00-09:00,CWL-1,Allover Hand Sand,ST-2285 Dye Black,PO-99040,Jet Black,76,77,2,2,,,
2026-10-03,09:00-10:00,CWL-1,Allover Hand Sand,ST-2285 Dye Black,PO-99040,Jet Black,91,85,2,1,,,
2026-10-03,10:00-11:00,CWL-1,Allover Hand Sand,ST-2285 Dye Black,PO-99040,Jet Black,100,96,2,2,,,
2026-10-03,11:00-12:00,CWL-1,Allover Hand Sand,ST-2285 Dye Black,PO-99040,Jet Black,113,103,3,1,,,
2026-10-03,12:00-13:00,CWL-1,Allover Hand Sand,ST-2285 Dye Black,PO-99040,Jet Black,99,101,2,1,,,
2026-10-03,13:00-14:00,CWL-1,Allover Hand Sand,ST-2285 Dye Black,PO-99040,Jet Black,91,86,1,2,,,
2026-10-03,14:00-15:00,CWL-1,Allover Hand Sand,ST-2285 Dye Black,PO-99040,Jet Black,103,104,2,1,,,
2026-10-03,15:00-16:00,CWL-1,Allover Hand Sand,ST-2285 Dye Black,PO-99040,Jet Black,82,81,1,1,,,
2026-10-03,16:00-17:00,CWL-1,Allover Hand Sand,ST-2285 Dye Black,PO-99040,Jet Black,76,75,2,2,,,
2026-10-03,17:00-18:00,CWL-1,Allover Hand Sand,ST-2285 Dye Black,PO-99040,Jet Black,86,81,2,1,,,
2026-10-03,18:00-19:00,CWL-1,Allover Hand Sand,ST-2285 Dye Black,PO-99040,Jet Black,101,97,1,2,,,
2026-10-03,19:00-20:00,CWL-1,Allover Hand Sand,ST-2285 Dye Black,PO-99040,Jet Black,103,94,1,1,,,
2026-10-03,20:00-21:00,CWL-1,Allover Hand Sand,ST-2285 Dye Black,PO-99040,Jet Black,97,97,2,1,,,
2026-10-03,21:00-22:00,CWL-1,Allover Hand Sand,ST-2285 Dye Black,PO-99040,Jet Black,95,93,3,1,,,
2026-10-03,22:00-23:00,CWL-1,Allover Hand Sand,ST-2285 Dye Black,PO-99040,Jet Black,83,83,2,1,,,
2026-10-03,23:00-00:00,CWL-1,Allover Hand Sand,ST-2285 Dye Black,PO-99040,Jet Black,102,99,2,1,,,
2026-10-03,00:00-01:00,CWL-1,Allover Hand Sand,ST-5133 Snow Acid,PO-88055,Snow White,91,88,2,1,,,
2026-10-03,01:00-02:00,CWL-1,Allover Hand Sand,ST-5133 Snow Acid,PO-88055,Snow White,86,81,2,1,,,
2026-10-03,02:00-03:00,CWL-1,Allover Hand Sand,ST-5133 Snow Acid,PO-88055,Snow White,93,91,2,1,,,
2026-10-03,03:00-04:00,CWL-1,Allover Hand Sand,ST-5133 Snow Acid,PO-88055,Snow White,92,92,1,1,,,
2026-10-03,04:00-05:00,CWL-1,Allover Hand Sand,ST-5133 Snow Acid,PO-88055,Snow White,92,90,1,1,,,
2026-10-03,05:00-06:00,CWL-1,Allover Hand Sand,ST-5133 Snow Acid,PO-88055,Snow White,106,105,1,2,,,
2026-10-03,06:00-07:00,CWL-1,Allover Hand Sand,ST-5133 Snow Acid,PO-88055,Snow White,98,97,2,2,,,
2026-10-03,07:00-08:00,CWL-1,Allover Hand Sand,ST-5133 Snow Acid,PO-88055,Snow White,83,80,2,2,,,
2026-10-03,08:00-09:00,CWL-1,Tagging,ST-5133 Snow Acid,PO-88055,Snow White,640,622,15,3,,,
2026-10-03,09:00-10:00,CWL-1,Tagging,ST-5133 Snow Acid,PO-88055,Snow White,861,794,10,9,,,
2026-10-03,10:00-11:00,CWL-1,Tagging,ST-5133 Snow Acid,PO-88055,Snow White,738,686,14,5,,,
2026-10-03,11:00-12:00,CWL-1,Tagging,ST-5133 Snow Acid,PO-88055,Snow White,682,656,19,8,,,
2026-10-03,12:00-13:00,CWL-1,Tagging,ST-5133 Snow Acid,PO-88055,Snow White,828,801,20,11,,,
2026-10-03,13:00-14:00,CWL-1,Tagging,ST-5133 Snow Acid,PO-88055,Snow White,835,793,11,7,,,
2026-10-03,14:00-15:00,CWL-1,Tagging,ST-5133 Snow Acid,PO-88055,Snow White,739,696,17,5,,,
2026-10-03,15:00-16:00,CWL-1,Tagging,ST-5133 Snow Acid,PO-88055,Snow White,227,227,4,2,30,Quality hold,
2026-10-03,16:00-17:00,CWL-1,Tagging,ST-4430 Mid Blue,PO-77211,Light Blue,733,719,10,4,,,
2026-10-03,17:00-18:00,CWL-1,Tagging,ST-4430 Mid Blue,PO-77211,Light Blue,831,756,14,8,,,
2026-10-03,18:00-19:00,CWL-1,Tagging,ST-4430 Mid Blue,PO-77211,Light Blue,703,667,14,11,,,
2026-10-03,19:00-20:00,CWL-1,Tagging,ST-4430 Mid Blue,PO-77211,Light Blue,654,656,7,8,,,
2026-10-03,20:00-21:00,CWL-1,Tagging,ST-4430 Mid Blue,PO-77211,Light Blue,701,655,15,12,,,
2026-10-03,21:00-22:00,CWL-1,Tagging,ST-4430 Mid Blue,PO-77211,Light Blue,812,811,11,8,,,
2026-10-03,22:00-23:00,CWL-1,Tagging,ST-4430 Mid Blue,PO-77211,Light Blue,720,715,6,6,,,
2026-10-03,23:00-00:00,CWL-1,Tagging,ST-4430 Mid Blue,PO-77211,Light Blue,830,787,14,9,,,
2026-10-03,00:00-01:00,CWL-1,Tagging,ST-4475 Vintage Wash,PO-77305,Vintage Indigo,783,726,19,7,,,
2026-10-03,01:00-02:00,CWL-1,Tagging,ST-4475 Vintage Wash,PO-77305,Vintage Indigo,816,772,15,4,,,
2026-10-03,02:00-03:00,CWL-1,Tagging,ST-4475 Vintage Wash,PO-77305,Vintage Indigo,856,819,16,10,,,
2026-10-03,03:00-04:00,CWL-1,Tagging,ST-4475 Vintage Wash,PO-77305,Vintage Indigo,659,656,9,11,,,
2026-10-03,04:00-05:00,CWL-1,Tagging,ST-4475 Vintage Wash,PO-77305,Vintage Indigo,911,854,17,12,,,
2026-10-03,05:00-06:00,CWL-1,Tagging,ST-4475 Vintage Wash,PO-77305,Vintage Indigo,700,705,21,13,,,
2026-10-03,06:00-07:00,CWL-1,Tagging,ST-4475 Vintage Wash,PO-77305,Vintage Indigo,761,740,15,13,,,
2026-10-03,07:00-08:00,CWL-1,Tagging,ST-4475 Vintage Wash,PO-77305,Vintage Indigo,757,766,22,7,,,
2026-10-03,08:00-09:00,CWL-1,Grinding,ST-4475 Vintage Wash,PO-77306,Vintage Grey,223,212,3,1,,,
2026-10-03,09:00-10:00,CWL-1,Grinding,ST-4475 Vintage Wash,PO-77306,Vintage Grey,231,216,4,4,,,
2026-10-03,10:00-11:00,CWL-1,Grinding,ST-4475 Vintage Wash,PO-77306,Vintage Grey,245,247,3,4,,,
2026-10-03,11:00-12:00,CWL-1,Grinding,ST-4475 Vintage Wash,PO-77306,Vintage Grey,84,77,1,2,45,Waiting for input,
2026-10-03,12:00-13:00,CWL-1,Grinding,ST-4475 Vintage Wash,PO-77306,Vintage Grey,260,247,5,5,,,
2026-10-03,13:00-14:00,CWL-1,Grinding,ST-4475 Vintage Wash,PO-77306,Vintage Grey,275,256,6,2,,,
2026-10-03,14:00-15:00,CWL-1,Grinding,ST-4475 Vintage Wash,PO-77306,Vintage Grey,224,209,6,3,,,
2026-10-03,15:00-16:00,CWL-1,Grinding,ST-4475 Vintage Wash,PO-77306,Vintage Grey,4,4,0,0,30,Changeover / setup,
2026-10-03,16:00-17:00,CWL-1,Grinding,ST-4430 Mid Blue,PO-77210,Mid Blue,190,189,3,2,,,
2026-10-03,17:00-18:00,CWL-1,Grinding,ST-4430 Mid Blue,PO-77210,Mid Blue,225,208,2,3,,,
2026-10-03,18:00-19:00,CWL-1,Grinding,ST-4430 Mid Blue,PO-77210,Mid Blue,259,251,6,3,,,
2026-10-03,19:00-20:00,CWL-1,Grinding,ST-4430 Mid Blue,PO-77210,Mid Blue,276,258,5,3,,,
2026-10-03,20:00-21:00,CWL-1,Grinding,ST-4430 Mid Blue,PO-77210,Mid Blue,253,253,4,4,,,
2026-10-03,21:00-22:00,CWL-1,Grinding,ST-4430 Mid Blue,PO-77210,Mid Blue,48,46,1,1,45,Power / utility,
2026-10-03,22:00-23:00,CWL-1,Grinding,ST-4430 Mid Blue,PO-77210,Mid Blue,233,228,5,2,,,
2026-10-03,23:00-00:00,CWL-1,Grinding,ST-4430 Mid Blue,PO-77210,Mid Blue,250,254,4,3,,,
2026-10-03,00:00-01:00,CWL-1,Grinding,ST-5133 Snow Acid,PO-88055,Snow White,181,177,3,2,,,
2026-10-03,01:00-02:00,CWL-1,Grinding,ST-5133 Snow Acid,PO-88055,Snow White,215,214,4,3,,,
2026-10-03,02:00-03:00,CWL-1,Grinding,ST-5133 Snow Acid,PO-88055,Snow White,210,210,6,4,,,
2026-10-03,03:00-04:00,CWL-1,Grinding,ST-5133 Snow Acid,PO-88055,Snow White,238,225,2,1,,,
2026-10-03,04:00-05:00,CWL-1,Grinding,ST-5133 Snow Acid,PO-88055,Snow White,225,228,4,2,,,
2026-10-03,05:00-06:00,CWL-1,Grinding,ST-5133 Snow Acid,PO-88055,Snow White,253,256,8,4,,,
2026-10-03,06:00-07:00,CWL-1,Grinding,ST-5133 Snow Acid,PO-88055,Snow White,208,199,4,3,,,
2026-10-03,07:00-08:00,CWL-1,Grinding,ST-5133 Snow Acid,PO-88055,Snow White,246,243,7,4,,,
2026-10-03,08:00-09:00,CWL-1,Destruction,ST-4412 Dark Stone,PO-77103,Dark Blue,161,159,2,3,,,
2026-10-03,09:00-10:00,CWL-1,Destruction,ST-4412 Dark Stone,PO-77103,Dark Blue,186,178,4,2,,,
2026-10-03,10:00-11:00,CWL-1,Destruction,ST-4412 Dark Stone,PO-77103,Dark Blue,187,177,5,3,,,
2026-10-03,11:00-12:00,CWL-1,Destruction,ST-4412 Dark Stone,PO-77103,Dark Blue,176,179,5,3,,,
2026-10-03,12:00-13:00,CWL-1,Destruction,ST-4412 Dark Stone,PO-77103,Dark Blue,186,189,5,3,,,
2026-10-03,13:00-14:00,CWL-1,Destruction,ST-4412 Dark Stone,PO-77103,Dark Blue,183,181,3,2,,,
2026-10-03,14:00-15:00,CWL-1,Destruction,ST-4412 Dark Stone,PO-77103,Dark Blue,203,189,5,2,,,
2026-10-03,15:00-16:00,CWL-1,Destruction,ST-4412 Dark Stone,PO-77103,Dark Blue,165,161,2,2,,,
2026-10-03,16:00-17:00,CWL-1,Destruction,ST-3350 Twill Garment Dye,PO-66180,Olive,139,134,3,1,,,
2026-10-03,17:00-18:00,CWL-1,Destruction,ST-3350 Twill Garment Dye,PO-66180,Olive,158,152,4,1,,,
2026-10-03,18:00-19:00,CWL-1,Destruction,ST-3350 Twill Garment Dye,PO-66180,Olive,170,170,2,2,,,
2026-10-03,19:00-20:00,CWL-1,Destruction,ST-3350 Twill Garment Dye,PO-66180,Olive,174,165,2,1,,,
2026-10-03,20:00-21:00,CWL-1,Destruction,ST-3350 Twill Garment Dye,PO-66180,Olive,175,178,3,1,,,
2026-10-03,21:00-22:00,CWL-1,Destruction,ST-3350 Twill Garment Dye,PO-66180,Olive,181,171,5,1,,,
2026-10-03,22:00-23:00,CWL-1,Destruction,ST-3350 Twill Garment Dye,PO-66180,Olive,190,176,5,2,,,
2026-10-03,23:00-00:00,CWL-1,Destruction,ST-3350 Twill Garment Dye,PO-66180,Olive,165,166,1,1,,,
2026-10-03,00:00-01:00,CWL-1,Destruction,ST-4430 Mid Blue,PO-77210,Mid Blue,144,143,2,3,,,
2026-10-03,01:00-02:00,CWL-1,Destruction,ST-4430 Mid Blue,PO-77210,Mid Blue,77,76,2,1,30,Other,
2026-10-03,02:00-03:00,CWL-1,Destruction,ST-4430 Mid Blue,PO-77210,Mid Blue,170,172,3,1,,,
2026-10-03,03:00-04:00,CWL-1,Destruction,ST-4430 Mid Blue,PO-77210,Mid Blue,191,179,4,3,,,
2026-10-03,04:00-05:00,CWL-1,Destruction,ST-4430 Mid Blue,PO-77210,Mid Blue,43,40,1,1,45,Power / utility,
2026-10-03,05:00-06:00,CWL-1,Destruction,ST-4430 Mid Blue,PO-77210,Mid Blue,180,169,2,1,,,
2026-10-03,06:00-07:00,CWL-1,Destruction,ST-4430 Mid Blue,PO-77210,Mid Blue,178,170,5,1,,,
2026-10-03,07:00-08:00,CWL-1,Destruction,ST-4430 Mid Blue,PO-77210,Mid Blue,166,154,3,2,,,
2026-10-03,08:00-09:00,CWL-1,Cutting / Destroy,ST-4412 Dark Stone,PO-77102,Black Stone,305,300,6,4,,,
2026-10-03,09:00-10:00,CWL-1,Cutting / Destroy,ST-4412 Dark Stone,PO-77102,Black Stone,373,377,3,5,,,
2026-10-03,10:00-11:00,CWL-1,Cutting / Destroy,ST-4412 Dark Stone,PO-77102,Black Stone,325,303,4,3,,,
2026-10-03,11:00-12:00,CWL-1,Cutting / Destroy,ST-4412 Dark Stone,PO-77102,Black Stone,352,357,9,4,,,
2026-10-03,12:00-13:00,CWL-1,Cutting / Destroy,ST-4412 Dark Stone,PO-77102,Black Stone,408,380,9,4,,,
2026-10-03,13:00-14:00,CWL-1,Cutting / Destroy,ST-4412 Dark Stone,PO-77102,Black Stone,339,328,8,4,,,
2026-10-03,14:00-15:00,CWL-1,Cutting / Destroy,ST-4412 Dark Stone,PO-77102,Black Stone,374,349,4,6,,,
2026-10-03,15:00-16:00,CWL-1,Cutting / Destroy,ST-4412 Dark Stone,PO-77102,Black Stone,324,324,4,3,,,
2026-10-03,16:00-17:00,CWL-1,Cutting / Destroy,ST-2285 Dye Black,PO-99040,Jet Black,344,316,6,5,,,
2026-10-03,17:00-18:00,CWL-1,Cutting / Destroy,ST-2285 Dye Black,PO-99040,Jet Black,324,297,7,3,,,
2026-10-03,18:00-19:00,CWL-1,Cutting / Destroy,ST-2285 Dye Black,PO-99040,Jet Black,314,316,3,2,,,
2026-10-03,19:00-20:00,CWL-1,Cutting / Destroy,ST-2285 Dye Black,PO-99040,Jet Black,332,338,10,4,,,
2026-10-03,20:00-21:00,CWL-1,Cutting / Destroy,ST-2285 Dye Black,PO-99040,Jet Black,370,357,6,5,,,
2026-10-03,21:00-22:00,CWL-1,Cutting / Destroy,ST-2285 Dye Black,PO-99040,Jet Black,380,348,9,4,,,
2026-10-03,22:00-23:00,CWL-1,Cutting / Destroy,ST-2285 Dye Black,PO-99040,Jet Black,338,329,9,2,,,
2026-10-03,23:00-00:00,CWL-1,Cutting / Destroy,ST-2285 Dye Black,PO-99040,Jet Black,361,350,7,6,,,
2026-10-03,00:00-01:00,CWL-1,Cutting / Destroy,ST-4412 Dark Stone,PO-77103,Dark Blue,311,287,8,5,,,
2026-10-03,01:00-02:00,CWL-1,Cutting / Destroy,ST-4412 Dark Stone,PO-77103,Dark Blue,386,360,11,1,,,
2026-10-03,02:00-03:00,CWL-1,Cutting / Destroy,ST-4412 Dark Stone,PO-77103,Dark Blue,369,336,5,3,,,
2026-10-03,03:00-04:00,CWL-1,Cutting / Destroy,ST-4412 Dark Stone,PO-77103,Dark Blue,352,348,6,7,,,
2026-10-03,04:00-05:00,CWL-1,Cutting / Destroy,ST-4412 Dark Stone,PO-77103,Dark Blue,363,348,4,5,,,
2026-10-03,05:00-06:00,CWL-1,Cutting / Destroy,ST-4412 Dark Stone,PO-77103,Dark Blue,374,350,4,3,,,
2026-10-03,06:00-07:00,CWL-1,Cutting / Destroy,ST-4412 Dark Stone,PO-77103,Dark Blue,347,342,6,4,,,
2026-10-03,07:00-08:00,CWL-1,Cutting / Destroy,ST-4412 Dark Stone,PO-77103,Dark Blue,398,371,10,5,,,
2026-10-03,08:00-09:00,CWL-1,Air Blowing,ST-4412 Dark Stone,PO-77102,Black Stone,296,301,8,2,,,
2026-10-03,09:00-10:00,CWL-1,Air Blowing,ST-4412 Dark Stone,PO-77102,Black Stone,398,398,9,4,,,
2026-10-03,10:00-11:00,CWL-1,Air Blowing,ST-4412 Dark Stone,PO-77102,Black Stone,407,371,8,4,,,
2026-10-03,11:00-12:00,CWL-1,Air Blowing,ST-4412 Dark Stone,PO-77102,Black Stone,379,359,10,2,,,
2026-10-03,12:00-13:00,CWL-1,Air Blowing,ST-4412 Dark Stone,PO-77102,Black Stone,382,386,7,4,,,
2026-10-03,13:00-14:00,CWL-1,Air Blowing,ST-4412 Dark Stone,PO-77102,Black Stone,394,369,4,6,,,
2026-10-03,14:00-15:00,CWL-1,Air Blowing,ST-4412 Dark Stone,PO-77102,Black Stone,434,421,8,8,,,
2026-10-03,15:00-16:00,CWL-1,Air Blowing,ST-4412 Dark Stone,PO-77102,Black Stone,443,423,10,2,,,
2026-10-03,16:00-17:00,CWL-1,Air Blowing,ST-4475 Vintage Wash,PO-77306,Vintage Grey,381,364,9,3,,,
2026-10-03,17:00-18:00,CWL-1,Air Blowing,ST-4475 Vintage Wash,PO-77306,Vintage Grey,347,339,4,6,,,
2026-10-03,18:00-19:00,CWL-1,Air Blowing,ST-4475 Vintage Wash,PO-77306,Vintage Grey,426,392,11,3,,,
2026-10-03,19:00-20:00,CWL-1,Air Blowing,ST-4475 Vintage Wash,PO-77306,Vintage Grey,440,405,3,8,,,
2026-10-03,20:00-21:00,CWL-1,Air Blowing,ST-4475 Vintage Wash,PO-77306,Vintage Grey,404,392,10,2,,,
2026-10-03,21:00-22:00,CWL-1,Air Blowing,ST-4475 Vintage Wash,PO-77306,Vintage Grey,358,357,8,6,,,
2026-10-03,22:00-23:00,CWL-1,Air Blowing,ST-4475 Vintage Wash,PO-77306,Vintage Grey,410,403,11,7,,,
2026-10-03,23:00-00:00,CWL-1,Air Blowing,ST-4475 Vintage Wash,PO-77306,Vintage Grey,431,416,5,7,,,
2026-10-03,00:00-01:00,CWL-1,Air Blowing,ST-5133 Snow Acid,PO-88055,Snow White,161,160,3,1,15,Quality hold,
2026-10-03,01:00-02:00,CWL-1,Air Blowing,ST-5133 Snow Acid,PO-88055,Snow White,91,86,2,1,30,Machine breakdown,
2026-10-03,02:00-03:00,CWL-1,Air Blowing,ST-5133 Snow Acid,PO-88055,Snow White,435,427,13,4,,,
2026-10-03,03:00-04:00,CWL-1,Air Blowing,ST-5133 Snow Acid,PO-88055,Snow White,358,337,9,3,,,
2026-10-03,04:00-05:00,CWL-1,Air Blowing,ST-5133 Snow Acid,PO-88055,Snow White,444,409,12,8,,,
2026-10-03,05:00-06:00,CWL-1,Air Blowing,ST-5133 Snow Acid,PO-88055,Snow White,415,421,3,8,,,
2026-10-03,06:00-07:00,CWL-1,Air Blowing,ST-5133 Snow Acid,PO-88055,Snow White,390,374,5,6,,,
2026-10-03,07:00-08:00,CWL-1,Air Blowing,ST-5133 Snow Acid,PO-88055,Snow White,378,386,10,6,,,
2026-10-03,08:00-09:00,CWL-1,PP Spray (Front & Back),ST-3350 Twill Garment Dye,PO-66180,Olive,715,685,11,7,,,
2026-10-03,09:00-10:00,CWL-1,PP Spray (Front & Back),ST-3350 Twill Garment Dye,PO-66180,Olive,897,836,15,17,,,
2026-10-03,10:00-11:00,CWL-1,PP Spray (Front & Back),ST-3350 Twill Garment Dye,PO-66180,Olive,924,925,13,5,,,
2026-10-03,11:00-12:00,CWL-1,PP Spray (Front & Back),ST-3350 Twill Garment Dye,PO-66180,Olive,1036,965,22,13,,,
2026-10-03,12:00-13:00,CWL-1,PP Spray (Front & Back),ST-3350 Twill Garment Dye,PO-66180,Olive,765,768,14,9,,,
2026-10-03,13:00-14:00,CWL-1,PP Spray (Front & Back),ST-3350 Twill Garment Dye,PO-66180,Olive,821,834,16,5,,,
2026-10-03,14:00-15:00,CWL-1,PP Spray (Front & Back),ST-3350 Twill Garment Dye,PO-66180,Olive,940,942,25,10,,,
2026-10-03,15:00-16:00,CWL-1,PP Spray (Front & Back),ST-3350 Twill Garment Dye,PO-66180,Olive,927,919,17,5,,,
2026-10-03,16:00-17:00,CWL-1,PP Spray (Front & Back),ST-3350 Twill Garment Dye,PO-66180,Olive,787,788,9,14,,,
2026-10-03,17:00-18:00,CWL-1,PP Spray (Front & Back),ST-3350 Twill Garment Dye,PO-66180,Olive,840,822,24,4,,,
2026-10-03,18:00-19:00,CWL-1,PP Spray (Front & Back),ST-3350 Twill Garment Dye,PO-66180,Olive,947,939,26,15,,,
2026-10-03,19:00-20:00,CWL-1,PP Spray (Front & Back),ST-3350 Twill Garment Dye,PO-66180,Olive,1051,966,20,12,,,
2026-10-03,20:00-21:00,CWL-1,PP Spray (Front & Back),ST-3350 Twill Garment Dye,PO-66180,Olive,979,903,15,13,,,
2026-10-03,21:00-22:00,CWL-1,PP Spray (Front & Back),ST-3350 Twill Garment Dye,PO-66180,Olive,310,313,7,6,15,Quality hold,
2026-10-03,22:00-23:00,CWL-1,PP Spray (Front & Back),ST-3350 Twill Garment Dye,PO-66180,Olive,815,812,9,9,,,
2026-10-03,23:00-00:00,CWL-1,PP Spray (Front & Back),ST-3350 Twill Garment Dye,PO-66180,Olive,978,996,16,19,,,
2026-10-03,00:00-01:00,CWL-1,PP Spray (Front & Back),ST-3350 Twill Garment Dye,PO-66180,Olive,820,817,16,12,,,
2026-10-03,01:00-02:00,CWL-1,PP Spray (Front & Back),ST-3350 Twill Garment Dye,PO-66180,Olive,890,867,9,10,,,
2026-10-03,02:00-03:00,CWL-1,PP Spray (Front & Back),ST-3350 Twill Garment Dye,PO-66180,Olive,972,929,18,15,,,
2026-10-03,03:00-04:00,CWL-1,PP Spray (Front & Back),ST-3350 Twill Garment Dye,PO-66180,Olive,790,773,20,8,,,
2026-10-03,04:00-05:00,CWL-1,PP Spray (Front & Back),ST-3350 Twill Garment Dye,PO-66180,Olive,1001,910,15,14,,,
2026-10-03,05:00-06:00,CWL-1,PP Spray (Front & Back),ST-3350 Twill Garment Dye,PO-66180,Olive,1029,961,27,12,,,
2026-10-03,06:00-07:00,CWL-1,PP Spray (Front & Back),ST-3350 Twill Garment Dye,PO-66180,Olive,947,961,14,15,,,
2026-10-03,07:00-08:00,CWL-1,PP Spray (Front & Back),ST-3350 Twill Garment Dye,PO-66180,Olive,882,869,10,15,,,
2026-10-03,08:00-09:00,CWL-1,Allover PP Spray,ST-4412 Dark Stone,PO-77103,Dark Blue,280,263,4,2,,,
2026-10-03,09:00-10:00,CWL-1,Allover PP Spray,ST-4412 Dark Stone,PO-77103,Dark Blue,297,301,7,3,,,
2026-10-03,10:00-11:00,CWL-1,Allover PP Spray,ST-4412 Dark Stone,PO-77103,Dark Blue,355,357,4,5,,,
2026-10-03,11:00-12:00,CWL-1,Allover PP Spray,ST-4412 Dark Stone,PO-77103,Dark Blue,332,310,6,6,,,
2026-10-03,12:00-13:00,CWL-1,Allover PP Spray,ST-4412 Dark Stone,PO-77103,Dark Blue,343,314,8,5,,,
2026-10-03,13:00-14:00,CWL-1,Allover PP Spray,ST-4412 Dark Stone,PO-77103,Dark Blue,307,292,8,4,,,
2026-10-03,14:00-15:00,CWL-1,Allover PP Spray,ST-4412 Dark Stone,PO-77103,Dark Blue,354,322,5,6,,,
2026-10-03,15:00-16:00,CWL-1,Allover PP Spray,ST-4412 Dark Stone,PO-77103,Dark Blue,365,346,3,4,,,
2026-10-03,16:00-17:00,CWL-1,Allover PP Spray,ST-5133 Snow Acid,PO-88055,Snow White,293,277,5,6,,,
2026-10-03,17:00-18:00,CWL-1,Allover PP Spray,ST-5133 Snow Acid,PO-88055,Snow White,300,286,2,2,,,
2026-10-03,18:00-19:00,CWL-1,Allover PP Spray,ST-5133 Snow Acid,PO-88055,Snow White,304,283,8,5,,,
2026-10-03,19:00-20:00,CWL-1,Allover PP Spray,ST-5133 Snow Acid,PO-88055,Snow White,357,345,4,5,,,
2026-10-03,20:00-21:00,CWL-1,Allover PP Spray,ST-5133 Snow Acid,PO-88055,Snow White,337,329,8,5,,,
2026-10-03,21:00-22:00,CWL-1,Allover PP Spray,ST-5133 Snow Acid,PO-88055,Snow White,365,339,4,5,,,
2026-10-03,22:00-23:00,CWL-1,Allover PP Spray,ST-5133 Snow Acid,PO-88055,Snow White,310,314,9,4,,,
2026-10-03,23:00-00:00,CWL-1,Allover PP Spray,ST-5133 Snow Acid,PO-88055,Snow White,347,318,3,3,,,
2026-10-03,00:00-01:00,CWL-1,Allover PP Spray,ST-4412 Dark Stone,PO-77103,Dark Blue,314,295,8,5,,,
2026-10-03,01:00-02:00,CWL-1,Allover PP Spray,ST-4412 Dark Stone,PO-77103,Dark Blue,352,357,7,3,,,
2026-10-03,02:00-03:00,CWL-1,Allover PP Spray,ST-4412 Dark Stone,PO-77103,Dark Blue,401,366,7,4,,,
2026-10-03,03:00-04:00,CWL-1,Allover PP Spray,ST-4412 Dark Stone,PO-77103,Dark Blue,366,352,3,5,,,
2026-10-03,04:00-05:00,CWL-1,Allover PP Spray,ST-4412 Dark Stone,PO-77103,Dark Blue,320,322,4,5,,,
2026-10-03,05:00-06:00,CWL-1,Allover PP Spray,ST-4412 Dark Stone,PO-77103,Dark Blue,306,308,3,3,,,
2026-10-03,06:00-07:00,CWL-1,Allover PP Spray,ST-4412 Dark Stone,PO-77103,Dark Blue,310,314,5,5,,,
2026-10-03,07:00-08:00,CWL-1,Allover PP Spray,ST-4412 Dark Stone,PO-77103,Dark Blue,308,311,6,5,,,
2026-10-03,08:00-09:00,CWL-1,PP Rubbing,ST-4430 Mid Blue,PO-77210,Mid Blue,154,153,3,1,,,
2026-10-03,09:00-10:00,CWL-1,PP Rubbing,ST-4430 Mid Blue,PO-77210,Mid Blue,192,187,2,2,,,
2026-10-03,10:00-11:00,CWL-1,PP Rubbing,ST-4430 Mid Blue,PO-77210,Mid Blue,217,199,6,2,,,
2026-10-03,11:00-12:00,CWL-1,PP Rubbing,ST-4430 Mid Blue,PO-77210,Mid Blue,191,185,5,3,,,
2026-10-03,12:00-13:00,CWL-1,PP Rubbing,ST-4430 Mid Blue,PO-77210,Mid Blue,210,213,4,2,,,
2026-10-03,13:00-14:00,CWL-1,PP Rubbing,ST-4430 Mid Blue,PO-77210,Mid Blue,193,188,3,2,,,
2026-10-03,14:00-15:00,CWL-1,PP Rubbing,ST-4430 Mid Blue,PO-77210,Mid Blue,166,168,3,3,,,
2026-10-03,15:00-16:00,CWL-1,PP Rubbing,ST-4430 Mid Blue,PO-77210,Mid Blue,212,195,2,3,,,
2026-10-03,16:00-17:00,CWL-1,PP Rubbing,ST-2285 Dye Black,PO-99040,Jet Black,143,142,4,3,,,
2026-10-03,17:00-18:00,CWL-1,PP Rubbing,ST-2285 Dye Black,PO-99040,Jet Black,205,194,3,3,,,
2026-10-03,18:00-19:00,CWL-1,PP Rubbing,ST-2285 Dye Black,PO-99040,Jet Black,197,190,6,4,,,
2026-10-03,19:00-20:00,CWL-1,PP Rubbing,ST-2285 Dye Black,PO-99040,Jet Black,213,200,4,2,,,
2026-10-03,20:00-21:00,CWL-1,PP Rubbing,ST-2285 Dye Black,PO-99040,Jet Black,191,195,2,1,,,
2026-10-03,21:00-22:00,CWL-1,PP Rubbing,ST-2285 Dye Black,PO-99040,Jet Black,199,190,5,4,,,
2026-10-03,22:00-23:00,CWL-1,PP Rubbing,ST-2285 Dye Black,PO-99040,Jet Black,174,166,3,2,,,
2026-10-03,23:00-00:00,CWL-1,PP Rubbing,ST-2285 Dye Black,PO-99040,Jet Black,179,180,3,2,,,
2026-10-03,00:00-01:00,CWL-1,PP Rubbing,ST-4412 Dark Stone,PO-77103,Dark Blue,185,182,3,3,,,
2026-10-03,01:00-02:00,CWL-1,PP Rubbing,ST-4412 Dark Stone,PO-77103,Dark Blue,232,214,3,4,,,
2026-10-03,02:00-03:00,CWL-1,PP Rubbing,ST-4412 Dark Stone,PO-77103,Dark Blue,205,190,5,3,,,
2026-10-03,03:00-04:00,CWL-1,PP Rubbing,ST-4412 Dark Stone,PO-77103,Dark Blue,174,172,5,4,,,
2026-10-03,04:00-05:00,CWL-1,PP Rubbing,ST-4412 Dark Stone,PO-77103,Dark Blue,182,167,5,2,,,
2026-10-03,05:00-06:00,CWL-1,PP Rubbing,ST-4412 Dark Stone,PO-77103,Dark Blue,232,212,6,3,,,
2026-10-03,06:00-07:00,CWL-1,PP Rubbing,ST-4412 Dark Stone,PO-77103,Dark Blue,204,199,2,3,,,
2026-10-03,07:00-08:00,CWL-1,PP Rubbing,ST-4412 Dark Stone,PO-77103,Dark Blue,232,211,4,4,,,
2026-10-03,08:00-09:00,CWL-1,Machine 3D,ST-4475 Vintage Wash,PO-77305,Vintage Indigo,262,250,2,4,,,
2026-10-03,09:00-10:00,CWL-1,Machine 3D,ST-4475 Vintage Wash,PO-77305,Vintage Indigo,306,281,3,2,,,
2026-10-03,10:00-11:00,CWL-1,Machine 3D,ST-4475 Vintage Wash,PO-77305,Vintage Indigo,122,121,3,1,45,Changeover / setup,
2026-10-03,11:00-12:00,CWL-1,Machine 3D,ST-4475 Vintage Wash,PO-77305,Vintage Indigo,55,50,2,0,30,Power / utility,
2026-10-03,12:00-13:00,CWL-1,Machine 3D,ST-4475 Vintage Wash,PO-77305,Vintage Indigo,348,321,7,3,,,
2026-10-03,13:00-14:00,CWL-1,Machine 3D,ST-4475 Vintage Wash,PO-77305,Vintage Indigo,275,260,5,3,,,
2026-10-03,14:00-15:00,CWL-1,Machine 3D,ST-4475 Vintage Wash,PO-77305,Vintage Indigo,292,283,6,4,,,
2026-10-03,15:00-16:00,CWL-1,Machine 3D,ST-4475 Vintage Wash,PO-77305,Vintage Indigo,286,269,4,4,,,
2026-10-03,16:00-17:00,CWL-1,Machine 3D,ST-5133 Snow Acid,PO-88055,Snow White,216,211,4,1,,,
2026-10-03,17:00-18:00,CWL-1,Machine 3D,ST-5133 Snow Acid,PO-88055,Snow White,316,317,4,6,,,
2026-10-03,18:00-19:00,CWL-1,Machine 3D,ST-5133 Snow Acid,PO-88055,Snow White,272,251,7,3,,,
2026-10-03,19:00-20:00,CWL-1,Machine 3D,ST-5133 Snow Acid,PO-88055,Snow White,320,312,5,6,,,
2026-10-03,20:00-21:00,CWL-1,Machine 3D,ST-5133 Snow Acid,PO-88055,Snow White,290,280,4,3,,,
2026-10-03,21:00-22:00,CWL-1,Machine 3D,ST-5133 Snow Acid,PO-88055,Snow White,273,278,6,2,,,
2026-10-03,22:00-23:00,CWL-1,Machine 3D,ST-5133 Snow Acid,PO-88055,Snow White,274,251,4,4,,,
2026-10-03,23:00-00:00,CWL-1,Machine 3D,ST-5133 Snow Acid,PO-88055,Snow White,312,297,8,5,,,
2026-10-03,00:00-01:00,CWL-1,Machine 3D,ST-2285 Dye Black,PO-99040,Jet Black,230,218,3,3,,,
2026-10-03,01:00-02:00,CWL-1,Machine 3D,ST-2285 Dye Black,PO-99040,Jet Black,272,266,4,3,,,
2026-10-03,02:00-03:00,CWL-1,Machine 3D,ST-2285 Dye Black,PO-99040,Jet Black,329,320,6,3,,,
2026-10-03,03:00-04:00,CWL-1,Machine 3D,ST-2285 Dye Black,PO-99040,Jet Black,292,284,5,1,,,
2026-10-03,04:00-05:00,CWL-1,Machine 3D,ST-2285 Dye Black,PO-99040,Jet Black,308,297,6,4,,,
2026-10-03,05:00-06:00,CWL-1,Machine 3D,ST-2285 Dye Black,PO-99040,Jet Black,309,311,5,5,,,
2026-10-03,06:00-07:00,CWL-1,Machine 3D,ST-2285 Dye Black,PO-99040,Jet Black,263,261,3,2,,,
2026-10-03,07:00-08:00,CWL-1,Machine 3D,ST-2285 Dye Black,PO-99040,Jet Black,245,249,7,5,,,
2026-10-03,08:00-09:00,CWL-1,Iron 3D,ST-4430 Mid Blue,PO-77210,Mid Blue,201,204,4,3,,,
2026-10-03,09:00-10:00,CWL-1,Iron 3D,ST-4430 Mid Blue,PO-77210,Mid Blue,258,252,5,3,,,
2026-10-03,10:00-11:00,CWL-1,Iron 3D,ST-4430 Mid Blue,PO-77210,Mid Blue,262,258,6,3,,,
2026-10-03,11:00-12:00,CWL-1,Iron 3D,ST-4430 Mid Blue,PO-77210,Mid Blue,312,293,7,2,,,
2026-10-03,12:00-13:00,CWL-1,Iron 3D,ST-4430 Mid Blue,PO-77210,Mid Blue,263,249,6,3,,,
2026-10-03,13:00-14:00,CWL-1,Iron 3D,ST-4430 Mid Blue,PO-77210,Mid Blue,307,281,4,6,,,
2026-10-03,14:00-15:00,CWL-1,Iron 3D,ST-4430 Mid Blue,PO-77210,Mid Blue,245,246,6,5,,,
2026-10-03,15:00-16:00,CWL-1,Iron 3D,ST-4430 Mid Blue,PO-77210,Mid Blue,312,284,2,5,,,
2026-10-03,16:00-17:00,CWL-1,Iron 3D,ST-4412 Dark Stone,PO-77102,Black Stone,255,238,5,3,,,
2026-10-03,17:00-18:00,CWL-1,Iron 3D,ST-4412 Dark Stone,PO-77102,Black Stone,269,274,3,5,,,
2026-10-03,18:00-19:00,CWL-1,Iron 3D,ST-4412 Dark Stone,PO-77102,Black Stone,309,282,7,2,,,
2026-10-03,19:00-20:00,CWL-1,Iron 3D,ST-4412 Dark Stone,PO-77102,Black Stone,296,293,3,5,,,
2026-10-03,20:00-21:00,CWL-1,Iron 3D,ST-4412 Dark Stone,PO-77102,Black Stone,305,296,7,3,,,
2026-10-03,21:00-22:00,CWL-1,Iron 3D,ST-4412 Dark Stone,PO-77102,Black Stone,275,263,3,2,,,
2026-10-03,22:00-23:00,CWL-1,Iron 3D,ST-4412 Dark Stone,PO-77102,Black Stone,246,242,3,4,,,
2026-10-03,23:00-00:00,CWL-1,Iron 3D,ST-4412 Dark Stone,PO-77102,Black Stone,230,234,4,5,,,
2026-10-03,00:00-01:00,CWL-1,Iron 3D,ST-4430 Mid Blue,PO-77211,Light Blue,220,222,6,3,,,
2026-10-03,01:00-02:00,CWL-1,Iron 3D,ST-4430 Mid Blue,PO-77211,Light Blue,266,246,6,2,,,
2026-10-03,02:00-03:00,CWL-1,Iron 3D,ST-4430 Mid Blue,PO-77211,Light Blue,300,299,8,6,,,
2026-10-03,03:00-04:00,CWL-1,Iron 3D,ST-4430 Mid Blue,PO-77211,Light Blue,251,244,3,2,,,
2026-10-03,04:00-05:00,CWL-1,Iron 3D,ST-4430 Mid Blue,PO-77211,Light Blue,254,237,3,2,,,
2026-10-03,05:00-06:00,CWL-1,Iron 3D,ST-4430 Mid Blue,PO-77211,Light Blue,242,233,7,4,,,
2026-10-03,06:00-07:00,CWL-1,Iron 3D,ST-4430 Mid Blue,PO-77211,Light Blue,283,263,4,4,,,
2026-10-03,07:00-08:00,CWL-1,Iron 3D,ST-4430 Mid Blue,PO-77211,Light Blue,287,279,9,3,,,
2026-10-04,08:00-09:00,CWL-1,Laser Whisker,ST-3350 Twill Garment Dye,PO-66180,Olive,4,4,0,1,30,Waiting for material,
2026-10-04,09:00-10:00,CWL-1,Laser Whisker,ST-3350 Twill Garment Dye,PO-66180,Olive,28,27,1,0,,,
2026-10-04,10:00-11:00,CWL-1,Laser Whisker,ST-3350 Twill Garment Dye,PO-66180,Olive,28,27,1,1,,,
2026-10-04,11:00-12:00,CWL-1,Laser Whisker,ST-3350 Twill Garment Dye,PO-66180,Olive,28,27,0,0,,,
2026-10-04,12:00-13:00,CWL-1,Laser Whisker,ST-3350 Twill Garment Dye,PO-66180,Olive,37,34,1,0,,,
2026-10-04,13:00-14:00,CWL-1,Laser Whisker,ST-3350 Twill Garment Dye,PO-66180,Olive,31,28,0,0,,,
2026-10-04,14:00-15:00,CWL-1,Laser Whisker,ST-3350 Twill Garment Dye,PO-66180,Olive,34,34,1,0,,,
2026-10-04,15:00-16:00,CWL-1,Laser Whisker,ST-3350 Twill Garment Dye,PO-66180,Olive,32,32,1,1,,,
2026-10-04,16:00-17:00,CWL-1,Laser Whisker,ST-4475 Vintage Wash,PO-77305,Vintage Indigo,27,27,0,0,,,
2026-10-04,17:00-18:00,CWL-1,Laser Whisker,ST-4475 Vintage Wash,PO-77305,Vintage Indigo,33,34,1,1,,,
2026-10-04,18:00-19:00,CWL-1,Laser Whisker,ST-4475 Vintage Wash,PO-77305,Vintage Indigo,34,34,0,1,,,
2026-10-04,19:00-20:00,CWL-1,Laser Whisker,ST-4475 Vintage Wash,PO-77305,Vintage Indigo,29,27,0,0,,,
2026-10-04,20:00-21:00,CWL-1,Laser Whisker,ST-4475 Vintage Wash,PO-77305,Vintage Indigo,32,29,1,0,,,
2026-10-04,21:00-22:00,CWL-1,Laser Whisker,ST-4475 Vintage Wash,PO-77305,Vintage Indigo,37,35,0,0,,,
2026-10-04,22:00-23:00,CWL-1,Laser Whisker,ST-4475 Vintage Wash,PO-77305,Vintage Indigo,31,31,0,1,,,
2026-10-04,23:00-00:00,CWL-1,Laser Whisker,ST-4475 Vintage Wash,PO-77305,Vintage Indigo,33,33,1,1,,,
2026-10-04,00:00-01:00,CWL-1,Laser Whisker,ST-3350 Twill Garment Dye,PO-66180,Olive,27,25,1,1,,,
2026-10-04,01:00-02:00,CWL-1,Laser Whisker,ST-3350 Twill Garment Dye,PO-66180,Olive,29,28,0,1,,,
2026-10-04,02:00-03:00,CWL-1,Laser Whisker,ST-3350 Twill Garment Dye,PO-66180,Olive,28,28,1,0,,,
2026-10-04,03:00-04:00,CWL-1,Laser Whisker,ST-3350 Twill Garment Dye,PO-66180,Olive,34,31,0,0,,,
2026-10-04,04:00-05:00,CWL-1,Laser Whisker,ST-3350 Twill Garment Dye,PO-66180,Olive,31,31,1,0,,,
2026-10-04,05:00-06:00,CWL-1,Laser Whisker,ST-3350 Twill Garment Dye,PO-66180,Olive,30,30,0,0,,,
2026-10-04,06:00-07:00,CWL-1,Laser Whisker,ST-3350 Twill Garment Dye,PO-66180,Olive,1,1,0,0,45,Waiting for input,
2026-10-04,07:00-08:00,CWL-1,Laser Whisker,ST-3350 Twill Garment Dye,PO-66180,Olive,32,30,0,0,,,
2026-10-04,08:00-09:00,CWL-1,Laser Mark Destroy,ST-4430 Mid Blue,PO-77210,Mid Blue,82,81,2,0,,,
2026-10-04,09:00-10:00,CWL-1,Laser Mark Destroy,ST-4430 Mid Blue,PO-77210,Mid Blue,93,92,1,2,,,
2026-10-04,10:00-11:00,CWL-1,Laser Mark Destroy,ST-4430 Mid Blue,PO-77210,Mid Blue,100,98,2,0,,,
2026-10-04,11:00-12:00,CWL-1,Laser Mark Destroy,ST-4430 Mid Blue,PO-77210,Mid Blue,114,104,1,1,,,
2026-10-04,12:00-13:00,CWL-1,Laser Mark Destroy,ST-4430 Mid Blue,PO-77210,Mid Blue,94,92,2,1,,,
2026-10-04,13:00-14:00,CWL-1,Laser Mark Destroy,ST-4430 Mid Blue,PO-77210,Mid Blue,102,95,2,1,,,
2026-10-04,14:00-15:00,CWL-1,Laser Mark Destroy,ST-4430 Mid Blue,PO-77210,Mid Blue,88,83,2,1,,,
2026-10-04,15:00-16:00,CWL-1,Laser Mark Destroy,ST-4430 Mid Blue,PO-77210,Mid Blue,96,98,3,1,,,
2026-10-04,16:00-17:00,CWL-1,Laser Mark Destroy,ST-4412 Dark Stone,PO-77103,Dark Blue,74,69,1,1,,,
2026-10-04,17:00-18:00,CWL-1,Laser Mark Destroy,ST-4412 Dark Stone,PO-77103,Dark Blue,95,96,3,2,,,
2026-10-04,18:00-19:00,CWL-1,Laser Mark Destroy,ST-4412 Dark Stone,PO-77103,Dark Blue,103,103,3,0,,,
2026-10-04,19:00-20:00,CWL-1,Laser Mark Destroy,ST-4412 Dark Stone,PO-77103,Dark Blue,108,103,3,2,,,
2026-10-04,20:00-21:00,CWL-1,Laser Mark Destroy,ST-4412 Dark Stone,PO-77103,Dark Blue,18,18,1,0,45,Other,
2026-10-04,21:00-22:00,CWL-1,Laser Mark Destroy,ST-4412 Dark Stone,PO-77103,Dark Blue,90,85,2,0,,,
2026-10-04,22:00-23:00,CWL-1,Laser Mark Destroy,ST-4412 Dark Stone,PO-77103,Dark Blue,104,98,2,1,,,
2026-10-04,23:00-00:00,CWL-1,Laser Mark Destroy,ST-4412 Dark Stone,PO-77103,Dark Blue,106,98,1,2,,,
2026-10-04,00:00-01:00,CWL-1,Laser Mark Destroy,ST-4430 Mid Blue,PO-77210,Mid Blue,88,81,1,1,,,
2026-10-04,01:00-02:00,CWL-1,Laser Mark Destroy,ST-4430 Mid Blue,PO-77210,Mid Blue,105,104,2,0,,,
2026-10-04,02:00-03:00,CWL-1,Laser Mark Destroy,ST-4430 Mid Blue,PO-77210,Mid Blue,97,96,2,2,,,
2026-10-04,03:00-04:00,CWL-1,Laser Mark Destroy,ST-4430 Mid Blue,PO-77210,Mid Blue,108,100,1,1,,,
2026-10-04,04:00-05:00,CWL-1,Laser Mark Destroy,ST-4430 Mid Blue,PO-77210,Mid Blue,38,36,0,0,30,Waiting for material,
2026-10-04,05:00-06:00,CWL-1,Laser Mark Destroy,ST-4430 Mid Blue,PO-77210,Mid Blue,102,101,1,1,,,
2026-10-04,06:00-07:00,CWL-1,Laser Mark Destroy,ST-4430 Mid Blue,PO-77210,Mid Blue,103,102,2,1,,,
2026-10-04,07:00-08:00,CWL-1,Laser Mark Destroy,ST-4430 Mid Blue,PO-77210,Mid Blue,97,94,2,2,,,
2026-10-04,08:00-09:00,CWL-1,Pattern Whisker,ST-4430 Mid Blue,PO-77211,Light Blue,1130,1152,34,17,,,
2026-10-04,09:00-10:00,CWL-1,Pattern Whisker,ST-4430 Mid Blue,PO-77211,Light Blue,1303,1244,26,22,,,
2026-10-04,10:00-11:00,CWL-1,Pattern Whisker,ST-4430 Mid Blue,PO-77211,Light Blue,1123,1096,11,17,,,
2026-10-04,11:00-12:00,CWL-1,Pattern Whisker,ST-4430 Mid Blue,PO-77211,Light Blue,1433,1341,16,26,,,
2026-10-04,12:00-13:00,CWL-1,Pattern Whisker,ST-4430 Mid Blue,PO-77211,Light Blue,1128,1047,30,20,,,
2026-10-04,13:00-14:00,CWL-1,Pattern Whisker,ST-4430 Mid Blue,PO-77211,Light Blue,1286,1307,36,24,,,
2026-10-04,14:00-15:00,CWL-1,Pattern Whisker,ST-4430 Mid Blue,PO-77211,Light Blue,1170,1181,18,8,,,
2026-10-04,15:00-16:00,CWL-1,Pattern Whisker,ST-4430 Mid Blue,PO-77211,Light Blue,1140,1089,27,15,,,
2026-10-04,16:00-17:00,CWL-1,Pattern Whisker,ST-4475 Vintage Wash,PO-77306,Vintage Grey,1170,1131,25,19,,,
2026-10-04,17:00-18:00,CWL-1,Pattern Whisker,ST-4475 Vintage Wash,PO-77306,Vintage Grey,1129,1050,18,17,,,
2026-10-04,18:00-19:00,CWL-1,Pattern Whisker,ST-4475 Vintage Wash,PO-77306,Vintage Grey,1268,1252,11,17,,,
2026-10-04,19:00-20:00,CWL-1,Pattern Whisker,ST-4475 Vintage Wash,PO-77306,Vintage Grey,1477,1364,34,8,,,
2026-10-04,20:00-21:00,CWL-1,Pattern Whisker,ST-4475 Vintage Wash,PO-77306,Vintage Grey,1353,1364,37,20,,,
2026-10-04,21:00-22:00,CWL-1,Pattern Whisker,ST-4475 Vintage Wash,PO-77306,Vintage Grey,1268,1203,35,20,,,
2026-10-04,22:00-23:00,CWL-1,Pattern Whisker,ST-4475 Vintage Wash,PO-77306,Vintage Grey,1252,1245,34,10,,,
2026-10-04,23:00-00:00,CWL-1,Pattern Whisker,ST-4475 Vintage Wash,PO-77306,Vintage Grey,1333,1256,30,21,,,
2026-10-04,00:00-01:00,CWL-1,Pattern Whisker,ST-4412 Dark Stone,PO-77102,Black Stone,951,898,21,6,,,
2026-10-04,01:00-02:00,CWL-1,Pattern Whisker,ST-4412 Dark Stone,PO-77102,Black Stone,1314,1330,34,16,,,
2026-10-04,02:00-03:00,CWL-1,Pattern Whisker,ST-4412 Dark Stone,PO-77102,Black Stone,1257,1223,21,20,,,
2026-10-04,03:00-04:00,CWL-1,Pattern Whisker,ST-4412 Dark Stone,PO-77102,Black Stone,1334,1347,20,11,,,
2026-10-04,04:00-05:00,CWL-1,Pattern Whisker,ST-4412 Dark Stone,PO-77102,Black Stone,1310,1299,30,18,,,
2026-10-04,05:00-06:00,CWL-1,Pattern Whisker,ST-4412 Dark Stone,PO-77102,Black Stone,1448,1350,30,24,,,
2026-10-04,06:00-07:00,CWL-1,Pattern Whisker,ST-4412 Dark Stone,PO-77102,Black Stone,1257,1235,27,7,,,
2026-10-04,07:00-08:00,CWL-1,Pattern Whisker,ST-4412 Dark Stone,PO-77102,Black Stone,1141,1096,22,19,,,
2026-10-04,08:00-09:00,CWL-1,Hand Sand (Front & Back),ST-4475 Vintage Wash,PO-77305,Vintage Indigo,589,549,12,5,,,
2026-10-04,09:00-10:00,CWL-1,Hand Sand (Front & Back),ST-4475 Vintage Wash,PO-77305,Vintage Indigo,596,558,8,11,,,
2026-10-04,10:00-11:00,CWL-1,Hand Sand (Front & Back),ST-4475 Vintage Wash,PO-77305,Vintage Indigo,682,654,8,5,,,
2026-10-04,11:00-12:00,CWL-1,Hand Sand (Front & Back),ST-4475 Vintage Wash,PO-77305,Vintage Indigo,581,547,10,9,,,
2026-10-04,12:00-13:00,CWL-1,Hand Sand (Front & Back),ST-4475 Vintage Wash,PO-77305,Vintage Indigo,656,629,16,6,,,
2026-10-04,13:00-14:00,CWL-1,Hand Sand (Front & Back),ST-4475 Vintage Wash,PO-77305,Vintage Indigo,597,602,9,4,,,
2026-10-04,14:00-15:00,CWL-1,Hand Sand (Front & Back),ST-4475 Vintage Wash,PO-77305,Vintage Indigo,674,650,12,9,,,
2026-10-04,15:00-16:00,CWL-1,Hand Sand (Front & Back),ST-4475 Vintage Wash,PO-77305,Vintage Indigo,620,585,16,7,,,
2026-10-04,16:00-17:00,CWL-1,Hand Sand (Front & Back),ST-4475 Vintage Wash,PO-77305,Vintage Indigo,463,459,12,6,,,
2026-10-04,17:00-18:00,CWL-1,Hand Sand (Front & Back),ST-4475 Vintage Wash,PO-77305,Vintage Indigo,62,60,1,1,15,Quality hold,
2026-10-04,18:00-19:00,CWL-1,Hand Sand (Front & Back),ST-4475 Vintage Wash,PO-77305,Vintage Indigo,536,519,8,10,,,
2026-10-04,19:00-20:00,CWL-1,Hand Sand (Front & Back),ST-4475 Vintage Wash,PO-77305,Vintage Indigo,627,609,8,4,,,
2026-10-04,20:00-21:00,CWL-1,Hand Sand (Front & Back),ST-4475 Vintage Wash,PO-77305,Vintage Indigo,656,605,9,4,,,
2026-10-04,21:00-22:00,CWL-1,Hand Sand (Front & Back),ST-4475 Vintage Wash,PO-77305,Vintage Indigo,573,581,12,8,,,
2026-10-04,22:00-23:00,CWL-1,Hand Sand (Front & Back),ST-4475 Vintage Wash,PO-77305,Vintage Indigo,608,590,7,9,,,
2026-10-04,23:00-00:00,CWL-1,Hand Sand (Front & Back),ST-4475 Vintage Wash,PO-77305,Vintage Indigo,119,114,2,3,30,Machine breakdown,
2026-10-04,00:00-01:00,CWL-1,Hand Sand (Front & Back),ST-4430 Mid Blue,PO-77211,Light Blue,564,568,4,4,,,
2026-10-04,01:00-02:00,CWL-1,Hand Sand (Front & Back),ST-4430 Mid Blue,PO-77211,Light Blue,543,537,7,8,,,
2026-10-04,02:00-03:00,CWL-1,Hand Sand (Front & Back),ST-4430 Mid Blue,PO-77211,Light Blue,618,605,6,4,,,
2026-10-04,03:00-04:00,CWL-1,Hand Sand (Front & Back),ST-4430 Mid Blue,PO-77211,Light Blue,680,654,16,10,,,
2026-10-04,04:00-05:00,CWL-1,Hand Sand (Front & Back),ST-4430 Mid Blue,PO-77211,Light Blue,568,557,17,8,,,
2026-10-04,05:00-06:00,CWL-1,Hand Sand (Front & Back),ST-4430 Mid Blue,PO-77211,Light Blue,606,585,13,5,,,
2026-10-04,06:00-07:00,CWL-1,Hand Sand (Front & Back),ST-4430 Mid Blue,PO-77211,Light Blue,607,611,17,4,,,
2026-10-04,07:00-08:00,CWL-1,Hand Sand (Front & Back),ST-4430 Mid Blue,PO-77211,Light Blue,595,587,8,7,,,
2026-10-04,08:00-09:00,CWL-1,Allover Hand Sand,ST-4430 Mid Blue,PO-77211,Light Blue,70,69,1,1,,,
2026-10-04,09:00-10:00,CWL-1,Allover Hand Sand,ST-4430 Mid Blue,PO-77211,Light Blue,91,86,2,1,,,
2026-10-04,10:00-11:00,CWL-1,Allover Hand Sand,ST-4430 Mid Blue,PO-77211,Light Blue,109,106,3,2,,,
2026-10-04,11:00-12:00,CWL-1,Allover Hand Sand,ST-4430 Mid Blue,PO-77211,Light Blue,97,91,2,0,,,
2026-10-04,12:00-13:00,CWL-1,Allover Hand Sand,ST-4430 Mid Blue,PO-77211,Light Blue,103,99,3,1,,,
2026-10-04,13:00-14:00,CWL-1,Allover Hand Sand,ST-4430 Mid Blue,PO-77211,Light Blue,101,98,2,2,,,
2026-10-04,14:00-15:00,CWL-1,Allover Hand Sand,ST-4430 Mid Blue,PO-77211,Light Blue,113,105,3,1,,,
2026-10-04,15:00-16:00,CWL-1,Allover Hand Sand,ST-4430 Mid Blue,PO-77211,Light Blue,109,105,3,1,,,
2026-10-04,16:00-17:00,CWL-1,Allover Hand Sand,ST-3350 Twill Garment Dye,PO-66180,Olive,85,86,1,1,,,
2026-10-04,17:00-18:00,CWL-1,Allover Hand Sand,ST-3350 Twill Garment Dye,PO-66180,Olive,97,91,1,1,,,
2026-10-04,18:00-19:00,CWL-1,Allover Hand Sand,ST-3350 Twill Garment Dye,PO-66180,Olive,105,98,1,1,,,
2026-10-04,19:00-20:00,CWL-1,Allover Hand Sand,ST-3350 Twill Garment Dye,PO-66180,Olive,95,90,2,2,,,
2026-10-04,20:00-21:00,CWL-1,Allover Hand Sand,ST-3350 Twill Garment Dye,PO-66180,Olive,96,91,1,1,,,
2026-10-04,21:00-22:00,CWL-1,Allover Hand Sand,ST-3350 Twill Garment Dye,PO-66180,Olive,19,18,1,1,45,Changeover / setup,
2026-10-04,22:00-23:00,CWL-1,Allover Hand Sand,ST-3350 Twill Garment Dye,PO-66180,Olive,109,105,3,1,,,
2026-10-04,23:00-00:00,CWL-1,Allover Hand Sand,ST-3350 Twill Garment Dye,PO-66180,Olive,87,86,1,2,,,
2026-10-04,00:00-01:00,CWL-1,Allover Hand Sand,ST-3350 Twill Garment Dye,PO-66180,Olive,31,30,1,0,15,Machine breakdown,
2026-10-04,01:00-02:00,CWL-1,Allover Hand Sand,ST-3350 Twill Garment Dye,PO-66180,Olive,90,89,3,2,,,
2026-10-04,02:00-03:00,CWL-1,Allover Hand Sand,ST-3350 Twill Garment Dye,PO-66180,Olive,84,85,3,1,,,
2026-10-04,03:00-04:00,CWL-1,Allover Hand Sand,ST-3350 Twill Garment Dye,PO-66180,Olive,91,83,2,1,,,
2026-10-04,04:00-05:00,CWL-1,Allover Hand Sand,ST-3350 Twill Garment Dye,PO-66180,Olive,89,85,2,1,,,
2026-10-04,05:00-06:00,CWL-1,Allover Hand Sand,ST-3350 Twill Garment Dye,PO-66180,Olive,95,91,3,1,,,
2026-10-04,06:00-07:00,CWL-1,Allover Hand Sand,ST-3350 Twill Garment Dye,PO-66180,Olive,110,101,2,1,,,
2026-10-04,07:00-08:00,CWL-1,Allover Hand Sand,ST-3350 Twill Garment Dye,PO-66180,Olive,99,97,1,2,,,
2026-10-04,08:00-09:00,CWL-1,Tagging,ST-5133 Snow Acid,PO-88055,Snow White,685,690,7,5,,,
2026-10-04,09:00-10:00,CWL-1,Tagging,ST-5133 Snow Acid,PO-88055,Snow White,847,806,21,9,,,
2026-10-04,10:00-11:00,CWL-1,Tagging,ST-5133 Snow Acid,PO-88055,Snow White,814,762,7,5,,,
2026-10-04,11:00-12:00,CWL-1,Tagging,ST-5133 Snow Acid,PO-88055,Snow White,738,689,12,13,,,
2026-10-04,12:00-13:00,CWL-1,Tagging,ST-5133 Snow Acid,PO-88055,Snow White,844,797,7,7,,,
2026-10-04,13:00-14:00,CWL-1,Tagging,ST-5133 Snow Acid,PO-88055,Snow White,648,659,12,12,,,
2026-10-04,14:00-15:00,CWL-1,Tagging,ST-5133 Snow Acid,PO-88055,Snow White,693,702,16,8,,,
2026-10-04,15:00-16:00,CWL-1,Tagging,ST-5133 Snow Acid,PO-88055,Snow White,892,850,9,6,,,
2026-10-04,16:00-17:00,CWL-1,Tagging,ST-3350 Twill Garment Dye,PO-66180,Olive,701,656,17,8,,,
2026-10-04,17:00-18:00,CWL-1,Tagging,ST-3350 Twill Garment Dye,PO-66180,Olive,207,190,5,3,45,Operator shortage,
2026-10-04,18:00-19:00,CWL-1,Tagging,ST-3350 Twill Garment Dye,PO-66180,Olive,815,808,16,10,,,
2026-10-04,19:00-20:00,CWL-1,Tagging,ST-3350 Twill Garment Dye,PO-66180,Olive,792,760,10,10,,,
2026-10-04,20:00-21:00,CWL-1,Tagging,ST-3350 Twill Garment Dye,PO-66180,Olive,690,685,12,12,,,
2026-10-04,21:00-22:00,CWL-1,Tagging,ST-3350 Twill Garment Dye,PO-66180,Olive,701,692,20,6,,,
2026-10-04,22:00-23:00,CWL-1,Tagging,ST-3350 Twill Garment Dye,PO-66180,Olive,857,782,15,15,,,
2026-10-04,23:00-00:00,CWL-1,Tagging,ST-3350 Twill Garment Dye,PO-66180,Olive,919,839,14,16,,,
2026-10-04,00:00-01:00,CWL-1,Tagging,ST-5133 Snow Acid,PO-88055,Snow White,557,565,15,6,,,
2026-10-04,01:00-02:00,CWL-1,Tagging,ST-5133 Snow Acid,PO-88055,Snow White,753,745,21,13,,,
2026-10-04,02:00-03:00,CWL-1,Tagging,ST-5133 Snow Acid,PO-88055,Snow White,870,812,20,14,,,
2026-10-04,03:00-04:00,CWL-1,Tagging,ST-5133 Snow Acid,PO-88055,Snow White,857,845,24,5,,,
2026-10-04,04:00-05:00,CWL-1,Tagging,ST-5133 Snow Acid,PO-88055,Snow White,777,731,15,4,,,
2026-10-04,05:00-06:00,CWL-1,Tagging,ST-5133 Snow Acid,PO-88055,Snow White,686,661,16,9,,,
2026-10-04,06:00-07:00,CWL-1,Tagging,ST-5133 Snow Acid,PO-88055,Snow White,773,733,19,6,,,
2026-10-04,07:00-08:00,CWL-1,Tagging,ST-5133 Snow Acid,PO-88055,Snow White,855,805,20,13,,,
2026-10-04,08:00-09:00,CWL-1,Grinding,ST-2285 Dye Black,PO-99040,Jet Black,193,184,2,2,,,
2026-10-04,09:00-10:00,CWL-1,Grinding,ST-2285 Dye Black,PO-99040,Jet Black,210,210,5,2,,,
2026-10-04,10:00-11:00,CWL-1,Grinding,ST-2285 Dye Black,PO-99040,Jet Black,236,238,2,2,,,
2026-10-04,11:00-12:00,CWL-1,Grinding,ST-2285 Dye Black,PO-99040,Jet Black,248,252,7,3,,,
2026-10-04,12:00-13:00,CWL-1,Grinding,ST-2285 Dye Black,PO-99040,Jet Black,220,223,3,3,,,
2026-10-04,13:00-14:00,CWL-1,Grinding,ST-2285 Dye Black,PO-99040,Jet Black,257,248,4,2,,,
2026-10-04,14:00-15:00,CWL-1,Grinding,ST-2285 Dye Black,PO-99040,Jet Black,85,79,1,1,45,Quality hold,
2026-10-04,15:00-16:00,CWL-1,Grinding,ST-2285 Dye Black,PO-99040,Jet Black,240,228,7,3,,,
2026-10-04,16:00-17:00,CWL-1,Grinding,ST-4430 Mid Blue,PO-77211,Light Blue,201,204,5,4,,,
2026-10-04,17:00-18:00,CWL-1,Grinding,ST-4430 Mid Blue,PO-77211,Light Blue,234,220,7,1,,,
2026-10-04,18:00-19:00,CWL-1,Grinding,ST-4430 Mid Blue,PO-77211,Light Blue,197,199,3,1,,,
2026-10-04,19:00-20:00,CWL-1,Grinding,ST-4430 Mid Blue,PO-77211,Light Blue,229,221,4,1,,,
2026-10-04,20:00-21:00,CWL-1,Grinding,ST-4430 Mid Blue,PO-77211,Light Blue,246,243,3,4,,,
2026-10-04,21:00-22:00,CWL-1,Grinding,ST-4430 Mid Blue,PO-77211,Light Blue,249,232,4,4,,,
2026-10-04,22:00-23:00,CWL-1,Grinding,ST-4430 Mid Blue,PO-77211,Light Blue,222,212,5,2,,,
2026-10-04,23:00-00:00,CWL-1,Grinding,ST-4430 Mid Blue,PO-77211,Light Blue,275,255,3,3,,,
2026-10-04,00:00-01:00,CWL-1,Grinding,ST-4430 Mid Blue,PO-77210,Mid Blue,209,192,2,1,,,
2026-10-04,01:00-02:00,CWL-1,Grinding,ST-4430 Mid Blue,PO-77210,Mid Blue,211,208,6,1,,,
2026-10-04,02:00-03:00,CWL-1,Grinding,ST-4430 Mid Blue,PO-77210,Mid Blue,218,201,3,3,,,
2026-10-04,03:00-04:00,CWL-1,Grinding,ST-4430 Mid Blue,PO-77210,Mid Blue,260,247,4,4,,,
2026-10-04,04:00-05:00,CWL-1,Grinding,ST-4430 Mid Blue,PO-77210,Mid Blue,269,247,6,1,,,
2026-10-04,05:00-06:00,CWL-1,Grinding,ST-4430 Mid Blue,PO-77210,Mid Blue,280,255,7,4,,,
2026-10-04,06:00-07:00,CWL-1,Grinding,ST-4430 Mid Blue,PO-77210,Mid Blue,20,19,0,0,30,Waiting for input,
2026-10-04,07:00-08:00,CWL-1,Grinding,ST-4430 Mid Blue,PO-77210,Mid Blue,253,239,4,5,,,
2026-10-04,08:00-09:00,CWL-1,Destruction,ST-4412 Dark Stone,PO-77103,Dark Blue,174,169,3,1,,,
2026-10-04,09:00-10:00,CWL-1,Destruction,ST-4412 Dark Stone,PO-77103,Dark Blue,167,163,2,4,,,
2026-10-04,10:00-11:00,CWL-1,Destruction,ST-4412 Dark Stone,PO-77103,Dark Blue,194,179,3,1,,,
2026-10-04,11:00-12:00,CWL-1,Destruction,ST-4412 Dark Stone,PO-77103,Dark Blue,180,180,2,1,,,
2026-10-04,12:00-13:00,CWL-1,Destruction,ST-4412 Dark Stone,PO-77103,Dark Blue,202,185,5,1,,,
2026-10-04,13:00-14:00,CWL-1,Destruction,ST-4412 Dark Stone,PO-77103,Dark Blue,164,158,2,1,,,
2026-10-04,14:00-15:00,CWL-1,Destruction,ST-4412 Dark Stone,PO-77103,Dark Blue,205,193,5,2,,,
2026-10-04,15:00-16:00,CWL-1,Destruction,ST-4412 Dark Stone,PO-77103,Dark Blue,183,173,2,3,,,
2026-10-04,16:00-17:00,CWL-1,Destruction,ST-2285 Dye Black,PO-99040,Jet Black,141,134,4,2,,,
2026-10-04,17:00-18:00,CWL-1,Destruction,ST-2285 Dye Black,PO-99040,Jet Black,172,161,4,2,,,
2026-10-04,18:00-19:00,CWL-1,Destruction,ST-2285 Dye Black,PO-99040,Jet Black,165,164,3,1,,,
2026-10-04,19:00-20:00,CWL-1,Destruction,ST-2285 Dye Black,PO-99040,Jet Black,204,197,3,1,,,
2026-10-04,20:00-21:00,CWL-1,Destruction,ST-2285 Dye Black,PO-99040,Jet Black,174,173,2,2,,,
2026-10-04,21:00-22:00,CWL-1,Destruction,ST-2285 Dye Black,PO-99040,Jet Black,165,152,1,2,,,
2026-10-04,22:00-23:00,CWL-1,Destruction,ST-2285 Dye Black,PO-99040,Jet Black,194,191,3,1,,,
2026-10-04,23:00-00:00,CWL-1,Destruction,ST-2285 Dye Black,PO-99040,Jet Black,166,161,3,3,,,
2026-10-04,00:00-01:00,CWL-1,Destruction,ST-4475 Vintage Wash,PO-77306,Vintage Grey,147,148,2,3,,,
2026-10-04,01:00-02:00,CWL-1,Destruction,ST-4475 Vintage Wash,PO-77306,Vintage Grey,211,195,6,3,,,
2026-10-04,02:00-03:00,CWL-1,Destruction,ST-4475 Vintage Wash,PO-77306,Vintage Grey,219,200,3,3,,,
2026-10-04,03:00-04:00,CWL-1,Destruction,ST-4475 Vintage Wash,PO-77306,Vintage Grey,209,194,4,3,,,
2026-10-04,04:00-05:00,CWL-1,Destruction,ST-4475 Vintage Wash,PO-77306,Vintage Grey,175,177,5,1,,,
2026-10-04,05:00-06:00,CWL-1,Destruction,ST-4475 Vintage Wash,PO-77306,Vintage Grey,176,170,2,2,,,
2026-10-04,06:00-07:00,CWL-1,Destruction,ST-4475 Vintage Wash,PO-77306,Vintage Grey,62,60,1,1,30,Waiting for input,
2026-10-04,07:00-08:00,CWL-1,Destruction,ST-4475 Vintage Wash,PO-77306,Vintage Grey,175,163,1,3,,,
2026-10-04,08:00-09:00,CWL-1,Cutting / Destroy,ST-4475 Vintage Wash,PO-77305,Vintage Indigo,325,296,8,5,,,
2026-10-04,09:00-10:00,CWL-1,Cutting / Destroy,ST-4475 Vintage Wash,PO-77305,Vintage Indigo,380,359,5,5,,,
2026-10-04,10:00-11:00,CWL-1,Cutting / Destroy,ST-4475 Vintage Wash,PO-77305,Vintage Indigo,357,329,3,5,,,
2026-10-04,11:00-12:00,CWL-1,Cutting / Destroy,ST-4475 Vintage Wash,PO-77305,Vintage Indigo,316,298,3,6,,,
2026-10-04,12:00-13:00,CWL-1,Cutting / Destroy,ST-4475 Vintage Wash,PO-77305,Vintage Indigo,355,342,5,2,,,
2026-10-04,13:00-14:00,CWL-1,Cutting / Destroy,ST-4475 Vintage Wash,PO-77305,Vintage Indigo,411,378,5,2,,,
2026-10-04,14:00-15:00,CWL-1,Cutting / Destroy,ST-4475 Vintage Wash,PO-77305,Vintage Indigo,369,336,4,7,,,
2026-10-04,15:00-16:00,CWL-1,Cutting / Destroy,ST-4475 Vintage Wash,PO-77305,Vintage Indigo,384,363,5,5,,,
2026-10-04,16:00-17:00,CWL-1,Cutting / Destroy,ST-4475 Vintage Wash,PO-77306,Vintage Grey,96,90,2,1,45,Other,
2026-10-04,17:00-18:00,CWL-1,Cutting / Destroy,ST-4475 Vintage Wash,PO-77306,Vintage Grey,374,379,8,5,,,
2026-10-04,18:00-19:00,CWL-1,Cutting / Destroy,ST-4475 Vintage Wash,PO-77306,Vintage Grey,382,349,10,4,,,
2026-10-04,19:00-20:00,CWL-1,Cutting / Destroy,ST-4475 Vintage Wash,PO-77306,Vintage Grey,365,368,6,6,,,
2026-10-04,20:00-21:00,CWL-1,Cutting / Destroy,ST-4475 Vintage Wash,PO-77306,Vintage Grey,407,372,8,3,,,
2026-10-04,21:00-22:00,CWL-1,Cutting / Destroy,ST-4475 Vintage Wash,PO-77306,Vintage Grey,404,375,8,4,,,
2026-10-04,22:00-23:00,CWL-1,Cutting / Destroy,ST-4475 Vintage Wash,PO-77306,Vintage Grey,111,102,3,2,45,Other,
2026-10-04,23:00-00:00,CWL-1,Cutting / Destroy,ST-4475 Vintage Wash,PO-77306,Vintage Grey,326,299,2,4,,,
2026-10-04,00:00-01:00,CWL-1,Cutting / Destroy,ST-4412 Dark Stone,PO-77103,Dark Blue,276,261,4,5,,,
2026-10-04,01:00-02:00,CWL-1,Cutting / Destroy,ST-4412 Dark Stone,PO-77103,Dark Blue,301,306,2,6,,,
2026-10-04,02:00-03:00,CWL-1,Cutting / Destroy,ST-4412 Dark Stone,PO-77103,Dark Blue,371,361,9,2,,,
2026-10-04,03:00-04:00,CWL-1,Cutting / Destroy,ST-4412 Dark Stone,PO-77103,Dark Blue,341,330,7,2,,,
2026-10-04,04:00-05:00,CWL-1,Cutting / Destroy,ST-4412 Dark Stone,PO-77103,Dark Blue,327,312,8,2,,,
2026-10-04,05:00-06:00,CWL-1,Cutting / Destroy,ST-4412 Dark Stone,PO-77103,Dark Blue,354,344,6,5,,,
2026-10-04,06:00-07:00,CWL-1,Cutting / Destroy,ST-4412 Dark Stone,PO-77103,Dark Blue,367,364,6,6,,,
2026-10-04,07:00-08:00,CWL-1,Cutting / Destroy,ST-4412 Dark Stone,PO-77103,Dark Blue,330,320,6,4,,,
2026-10-04,08:00-09:00,CWL-1,Air Blowing,ST-5133 Snow Acid,PO-88056,Snow Grey,325,299,6,2,,,
2026-10-04,09:00-10:00,CWL-1,Air Blowing,ST-5133 Snow Acid,PO-88056,Snow Grey,454,418,8,7,,,
2026-10-04,10:00-11:00,CWL-1,Air Blowing,ST-5133 Snow Acid,PO-88056,Snow Grey,372,364,5,4,,,
2026-10-04,11:00-12:00,CWL-1,Air Blowing,ST-5133 Snow Acid,PO-88056,Snow Grey,403,372,9,6,,,
2026-10-04,12:00-13:00,CWL-1,Air Blowing,ST-5133 Snow Acid,PO-88056,Snow Grey,407,381,9,3,,,
2026-10-04,13:00-14:00,CWL-1,Air Blowing,ST-5133 Snow Acid,PO-88056,Snow Grey,414,378,9,3,,,
2026-10-04,14:00-15:00,CWL-1,Air Blowing,ST-5133 Snow Acid,PO-88056,Snow Grey,456,415,12,4,,,
2026-10-04,15:00-16:00,CWL-1,Air Blowing,ST-5133 Snow Acid,PO-88056,Snow Grey,453,434,11,3,,,
2026-10-04,16:00-17:00,CWL-1,Air Blowing,ST-4430 Mid Blue,PO-77210,Mid Blue,161,156,3,3,30,Operator shortage,
2026-10-04,17:00-18:00,CWL-1,Air Blowing,ST-4430 Mid Blue,PO-77210,Mid Blue,404,368,9,7,,,
2026-10-04,18:00-19:00,CWL-1,Air Blowing,ST-4430 Mid Blue,PO-77210,Mid Blue,412,400,12,4,,,
2026-10-04,19:00-20:00,CWL-1,Air Blowing,ST-4430 Mid Blue,PO-77210,Mid Blue,384,385,6,5,,,
2026-10-04,20:00-21:00,CWL-1,Air Blowing,ST-4430 Mid Blue,PO-77210,Mid Blue,387,386,8,6,,,
2026-10-04,21:00-22:00,CWL-1,Air Blowing,ST-4430 Mid Blue,PO-77210,Mid Blue,356,341,4,3,,,
2026-10-04,22:00-23:00,CWL-1,Air Blowing,ST-4430 Mid Blue,PO-77210,Mid Blue,474,440,8,3,,,
2026-10-04,23:00-00:00,CWL-1,Air Blowing,ST-4430 Mid Blue,PO-77210,Mid Blue,362,349,8,6,,,
2026-10-04,00:00-01:00,CWL-1,Air Blowing,ST-4430 Mid Blue,PO-77210,Mid Blue,387,368,5,2,,,
2026-10-04,01:00-02:00,CWL-1,Air Blowing,ST-4430 Mid Blue,PO-77210,Mid Blue,391,394,10,3,,,
2026-10-04,02:00-03:00,CWL-1,Air Blowing,ST-4430 Mid Blue,PO-77210,Mid Blue,378,347,5,3,,,
2026-10-04,03:00-04:00,CWL-1,Air Blowing,ST-4430 Mid Blue,PO-77210,Mid Blue,438,406,9,4,,,
2026-10-04,04:00-05:00,CWL-1,Air Blowing,ST-4430 Mid Blue,PO-77210,Mid Blue,378,356,10,7,,,
2026-10-04,05:00-06:00,CWL-1,Air Blowing,ST-4430 Mid Blue,PO-77210,Mid Blue,428,395,11,4,,,
2026-10-04,06:00-07:00,CWL-1,Air Blowing,ST-4430 Mid Blue,PO-77210,Mid Blue,389,385,5,7,,,
2026-10-04,07:00-08:00,CWL-1,Air Blowing,ST-4430 Mid Blue,PO-77210,Mid Blue,427,411,9,8,,,
2026-10-04,08:00-09:00,CWL-1,PP Spray (Front & Back),ST-4412 Dark Stone,PO-77103,Dark Blue,701,683,13,6,,,
2026-10-04,09:00-10:00,CWL-1,PP Spray (Front & Back),ST-4412 Dark Stone,PO-77103,Dark Blue,786,775,7,7,,,
2026-10-04,10:00-11:00,CWL-1,PP Spray (Front & Back),ST-4412 Dark Stone,PO-77103,Dark Blue,990,965,21,12,,,
2026-10-04,11:00-12:00,CWL-1,PP Spray (Front & Back),ST-4412 Dark Stone,PO-77103,Dark Blue,176,169,2,3,45,Machine breakdown,
2026-10-04,12:00-13:00,CWL-1,PP Spray (Front & Back),ST-4412 Dark Stone,PO-77103,Dark Blue,1038,993,9,8,,,
2026-10-04,13:00-14:00,CWL-1,PP Spray (Front & Back),ST-4412 Dark Stone,PO-77103,Dark Blue,1002,916,18,9,,,
2026-10-04,14:00-15:00,CWL-1,PP Spray (Front & Back),ST-4412 Dark Stone,PO-77103,Dark Blue,849,850,20,17,,,
2026-10-04,15:00-16:00,CWL-1,PP Spray (Front & Back),ST-4412 Dark Stone,PO-77103,Dark Blue,988,1001,9,18,,,
2026-10-04,16:00-17:00,CWL-1,PP Spray (Front & Back),ST-4412 Dark Stone,PO-77102,Black Stone,763,763,19,8,,,
2026-10-04,17:00-18:00,CWL-1,PP Spray (Front & Back),ST-4412 Dark Stone,PO-77102,Black Stone,878,847,20,16,,,
2026-10-04,18:00-19:00,CWL-1,PP Spray (Front & Back),ST-4412 Dark Stone,PO-77102,Black Stone,992,938,12,15,,,
2026-10-04,19:00-20:00,CWL-1,PP Spray (Front & Back),ST-4412 Dark Stone,PO-77102,Black Stone,791,792,20,9,,,
2026-10-04,20:00-21:00,CWL-1,PP Spray (Front & Back),ST-4412 Dark Stone,PO-77102,Black Stone,858,868,22,15,,,
2026-10-04,21:00-22:00,CWL-1,PP Spray (Front & Back),ST-4412 Dark Stone,PO-77102,Black Stone,886,829,8,6,,,
2026-10-04,22:00-23:00,CWL-1,PP Spray (Front & Back),ST-4412 Dark Stone,PO-77102,Black Stone,1004,993,9,20,,,
2026-10-04,23:00-00:00,CWL-1,PP Spray (Front & Back),ST-4412 Dark Stone,PO-77102,Black Stone,935,934,18,18,,,
2026-10-04,00:00-01:00,CWL-1,PP Spray (Front & Back),ST-5133 Snow Acid,PO-88055,Snow White,823,777,16,9,,,
2026-10-04,01:00-02:00,CWL-1,PP Spray (Front & Back),ST-5133 Snow Acid,PO-88055,Snow White,988,900,21,11,,,
2026-10-04,02:00-03:00,CWL-1,PP Spray (Front & Back),ST-5133 Snow Acid,PO-88055,Snow White,1017,930,11,15,,,
2026-10-04,03:00-04:00,CWL-1,PP Spray (Front & Back),ST-5133 Snow Acid,PO-88055,Snow White,959,968,24,9,,,
2026-10-04,04:00-05:00,CWL-1,PP Spray (Front & Back),ST-5133 Snow Acid,PO-88055,Snow White,1060,970,19,17,,,
2026-10-04,05:00-06:00,CWL-1,PP Spray (Front & Back),ST-5133 Snow Acid,PO-88055,Snow White,890,831,21,7,,,
2026-10-04,06:00-07:00,CWL-1,PP Spray (Front & Back),ST-5133 Snow Acid,PO-88055,Snow White,958,888,12,15,,,
2026-10-04,07:00-08:00,CWL-1,PP Spray (Front & Back),ST-5133 Snow Acid,PO-88055,Snow White,865,835,14,11,,,
2026-10-04,08:00-09:00,CWL-1,Allover PP Spray,ST-4412 Dark Stone,PO-77103,Dark Blue,305,278,4,6,,,
2026-10-04,09:00-10:00,CWL-1,Allover PP Spray,ST-4412 Dark Stone,PO-77103,Dark Blue,43,43,0,1,15,Changeover / setup,
2026-10-04,10:00-11:00,CWL-1,Allover PP Spray,ST-4412 Dark Stone,PO-77103,Dark Blue,303,286,8,4,,,
2026-10-04,11:00-12:00,CWL-1,Allover PP Spray,ST-4412 Dark Stone,PO-77103,Dark Blue,310,295,3,5,,,
2026-10-04,12:00-13:00,CWL-1,Allover PP Spray,ST-4412 Dark Stone,PO-77103,Dark Blue,383,355,7,6,,,
2026-10-04,13:00-14:00,CWL-1,Allover PP Spray,ST-4412 Dark Stone,PO-77103,Dark Blue,364,345,9,7,,,
2026-10-04,14:00-15:00,CWL-1,Allover PP Spray,ST-4412 Dark Stone,PO-77103,Dark Blue,399,366,10,6,,,
2026-10-04,15:00-16:00,CWL-1,Allover PP Spray,ST-4412 Dark Stone,PO-77103,Dark Blue,361,352,7,2,,,
2026-10-04,16:00-17:00,CWL-1,Allover PP Spray,ST-5133 Snow Acid,PO-88056,Snow Grey,275,277,5,3,,,
2026-10-04,17:00-18:00,CWL-1,Allover PP Spray,ST-5133 Snow Acid,PO-88056,Snow Grey,322,298,5,4,,,
2026-10-04,18:00-19:00,CWL-1,Allover PP Spray,ST-5133 Snow Acid,PO-88056,Snow Grey,321,297,5,5,,,
2026-10-04,19:00-20:00,CWL-1,Allover PP Spray,ST-5133 Snow Acid,PO-88056,Snow Grey,354,342,3,3,,,
2026-10-04,20:00-21:00,CWL-1,Allover PP Spray,ST-5133 Snow Acid,PO-88056,Snow Grey,335,337,7,4,,,
2026-10-04,21:00-22:00,CWL-1,Allover PP Spray,ST-5133 Snow Acid,PO-88056,Snow Grey,325,313,8,6,,,
2026-10-04,22:00-23:00,CWL-1,Allover PP Spray,ST-5133 Snow Acid,PO-88056,Snow Grey,296,299,4,2,,,
2026-10-04,23:00-00:00,CWL-1,Allover PP Spray,ST-5133 Snow Acid,PO-88056,Snow Grey,330,332,7,4,,,
2026-10-04,00:00-01:00,CWL-1,Allover PP Spray,ST-4412 Dark Stone,PO-77103,Dark Blue,260,245,2,4,,,
2026-10-04,01:00-02:00,CWL-1,Allover PP Spray,ST-4412 Dark Stone,PO-77103,Dark Blue,353,351,9,3,,,
2026-10-04,02:00-03:00,CWL-1,Allover PP Spray,ST-4412 Dark Stone,PO-77103,Dark Blue,319,304,6,4,,,
2026-10-04,03:00-04:00,CWL-1,Allover PP Spray,ST-4412 Dark Stone,PO-77103,Dark Blue,297,280,4,3,,,
2026-10-04,04:00-05:00,CWL-1,Allover PP Spray,ST-4412 Dark Stone,PO-77103,Dark Blue,372,345,8,4,,,
2026-10-04,05:00-06:00,CWL-1,Allover PP Spray,ST-4412 Dark Stone,PO-77103,Dark Blue,323,328,9,6,,,
2026-10-04,06:00-07:00,CWL-1,Allover PP Spray,ST-4412 Dark Stone,PO-77103,Dark Blue,313,300,6,2,,,
2026-10-04,07:00-08:00,CWL-1,Allover PP Spray,ST-4412 Dark Stone,PO-77103,Dark Blue,333,338,8,4,,,
2026-10-04,08:00-09:00,CWL-1,PP Rubbing,ST-5133 Snow Acid,PO-88056,Snow Grey,147,143,1,3,,,
2026-10-04,09:00-10:00,CWL-1,PP Rubbing,ST-5133 Snow Acid,PO-88056,Snow Grey,168,170,2,1,,,
2026-10-04,10:00-11:00,CWL-1,PP Rubbing,ST-5133 Snow Acid,PO-88056,Snow Grey,182,175,5,2,,,
2026-10-04,11:00-12:00,CWL-1,PP Rubbing,ST-5133 Snow Acid,PO-88056,Snow Grey,167,168,2,3,,,
2026-10-04,12:00-13:00,CWL-1,PP Rubbing,ST-5133 Snow Acid,PO-88056,Snow Grey,218,202,4,2,,,
2026-10-04,13:00-14:00,CWL-1,PP Rubbing,ST-5133 Snow Acid,PO-88056,Snow Grey,217,208,4,2,,,
2026-10-04,14:00-15:00,CWL-1,PP Rubbing,ST-5133 Snow Acid,PO-88056,Snow Grey,216,212,5,2,,,
2026-10-04,15:00-16:00,CWL-1,PP Rubbing,ST-5133 Snow Acid,PO-88056,Snow Grey,165,166,3,1,,,
2026-10-04,16:00-17:00,CWL-1,PP Rubbing,ST-4430 Mid Blue,PO-77211,Light Blue,147,143,5,1,,,
2026-10-04,17:00-18:00,CWL-1,PP Rubbing,ST-4430 Mid Blue,PO-77211,Light Blue,207,188,5,4,,,
2026-10-04,18:00-19:00,CWL-1,PP Rubbing,ST-4430 Mid Blue,PO-77211,Light Blue,222,208,4,2,,,
2026-10-04,19:00-20:00,CWL-1,PP Rubbing,ST-4430 Mid Blue,PO-77211,Light Blue,206,199,5,3,,,
2026-10-04,20:00-21:00,CWL-1,PP Rubbing,ST-4430 Mid Blue,PO-77211,Light Blue,202,184,3,3,,,
2026-10-04,21:00-22:00,CWL-1,PP Rubbing,ST-4430 Mid Blue,PO-77211,Light Blue,202,192,2,3,,,
2026-10-04,22:00-23:00,CWL-1,PP Rubbing,ST-4430 Mid Blue,PO-77211,Light Blue,180,179,4,1,,,
2026-10-04,23:00-00:00,CWL-1,PP Rubbing,ST-4430 Mid Blue,PO-77211,Light Blue,189,184,2,2,,,
2026-10-04,00:00-01:00,CWL-1,PP Rubbing,ST-4475 Vintage Wash,PO-77305,Vintage Indigo,142,144,3,2,,,
2026-10-04,01:00-02:00,CWL-1,PP Rubbing,ST-4475 Vintage Wash,PO-77305,Vintage Indigo,169,168,2,2,,,
2026-10-04,02:00-03:00,CWL-1,PP Rubbing,ST-4475 Vintage Wash,PO-77305,Vintage Indigo,195,186,5,3,,,
2026-10-04,03:00-04:00,CWL-1,PP Rubbing,ST-4475 Vintage Wash,PO-77305,Vintage Indigo,231,211,4,4,,,
2026-10-04,04:00-05:00,CWL-1,PP Rubbing,ST-4475 Vintage Wash,PO-77305,Vintage Indigo,192,179,2,3,,,
2026-10-04,05:00-06:00,CWL-1,PP Rubbing,ST-4475 Vintage Wash,PO-77305,Vintage Indigo,198,184,4,2,,,
2026-10-04,06:00-07:00,CWL-1,PP Rubbing,ST-4475 Vintage Wash,PO-77305,Vintage Indigo,189,192,3,2,,,
2026-10-04,07:00-08:00,CWL-1,PP Rubbing,ST-4475 Vintage Wash,PO-77305,Vintage Indigo,173,172,2,2,,,
2026-10-04,08:00-09:00,CWL-1,Machine 3D,ST-5133 Snow Acid,PO-88055,Snow White,234,237,3,2,,,
2026-10-04,09:00-10:00,CWL-1,Machine 3D,ST-5133 Snow Acid,PO-88055,Snow White,285,260,4,2,,,
2026-10-04,10:00-11:00,CWL-1,Machine 3D,ST-5133 Snow Acid,PO-88055,Snow White,268,255,3,3,,,
2026-10-04,11:00-12:00,CWL-1,Machine 3D,ST-5133 Snow Acid,PO-88055,Snow White,282,257,8,3,,,
2026-10-04,12:00-13:00,CWL-1,Machine 3D,ST-5133 Snow Acid,PO-88055,Snow White,330,313,7,6,,,
2026-10-04,13:00-14:00,CWL-1,Machine 3D,ST-5133 Snow Acid,PO-88055,Snow White,299,275,7,2,,,
2026-10-04,14:00-15:00,CWL-1,Machine 3D,ST-5133 Snow Acid,PO-88055,Snow White,307,296,6,4,,,
2026-10-04,15:00-16:00,CWL-1,Machine 3D,ST-5133 Snow Acid,PO-88055,Snow White,331,311,4,5,,,
2026-10-04,16:00-17:00,CWL-1,Machine 3D,ST-4430 Mid Blue,PO-77211,Light Blue,299,273,4,5,,,
2026-10-04,17:00-18:00,CWL-1,Machine 3D,ST-4430 Mid Blue,PO-77211,Light Blue,282,284,6,3,,,
2026-10-04,18:00-19:00,CWL-1,Machine 3D,ST-4430 Mid Blue,PO-77211,Light Blue,326,305,6,5,,,
2026-10-04,19:00-20:00,CWL-1,Machine 3D,ST-4430 Mid Blue,PO-77211,Light Blue,283,258,5,4,,,
2026-10-04,20:00-21:00,CWL-1,Machine 3D,ST-4430 Mid Blue,PO-77211,Light Blue,323,318,6,5,,,
2026-10-04,21:00-22:00,CWL-1,Machine 3D,ST-4430 Mid Blue,PO-77211,Light Blue,289,293,5,3,,,
2026-10-04,22:00-23:00,CWL-1,Machine 3D,ST-4430 Mid Blue,PO-77211,Light Blue,325,296,4,5,,,
2026-10-04,23:00-00:00,CWL-1,Machine 3D,ST-4430 Mid Blue,PO-77211,Light Blue,299,294,7,4,,,
2026-10-04,00:00-01:00,CWL-1,Machine 3D,ST-3350 Twill Garment Dye,PO-66180,Olive,240,237,2,5,,,
2026-10-04,01:00-02:00,CWL-1,Machine 3D,ST-3350 Twill Garment Dye,PO-66180,Olive,306,290,3,1,,,
2026-10-04,02:00-03:00,CWL-1,Machine 3D,ST-3350 Twill Garment Dye,PO-66180,Olive,269,269,4,2,,,
2026-10-04,03:00-04:00,CWL-1,Machine 3D,ST-3350 Twill Garment Dye,PO-66180,Olive,276,274,4,3,,,
2026-10-04,04:00-05:00,CWL-1,Machine 3D,ST-3350 Twill Garment Dye,PO-66180,Olive,320,320,8,2,,,
2026-10-04,05:00-06:00,CWL-1,Machine 3D,ST-3350 Twill Garment Dye,PO-66180,Olive,301,293,3,6,,,
2026-10-04,06:00-07:00,CWL-1,Machine 3D,ST-3350 Twill Garment Dye,PO-66180,Olive,284,274,8,5,,,
2026-10-04,07:00-08:00,CWL-1,Machine 3D,ST-3350 Twill Garment Dye,PO-66180,Olive,92,93,2,2,15,Quality hold,
2026-10-04,08:00-09:00,CWL-1,Iron 3D,ST-3350 Twill Garment Dye,PO-66180,Olive,207,201,3,1,,,
2026-10-04,09:00-10:00,CWL-1,Iron 3D,ST-3350 Twill Garment Dye,PO-66180,Olive,312,288,5,2,,,
2026-10-04,10:00-11:00,CWL-1,Iron 3D,ST-3350 Twill Garment Dye,PO-66180,Olive,271,259,3,3,,,
2026-10-04,11:00-12:00,CWL-1,Iron 3D,ST-3350 Twill Garment Dye,PO-66180,Olive,261,249,5,5,,,
2026-10-04,12:00-13:00,CWL-1,Iron 3D,ST-3350 Twill Garment Dye,PO-66180,Olive,278,273,5,3,,,
2026-10-04,13:00-14:00,CWL-1,Iron 3D,ST-3350 Twill Garment Dye,PO-66180,Olive,287,270,7,4,,,
2026-10-04,14:00-15:00,CWL-1,Iron 3D,ST-3350 Twill Garment Dye,PO-66180,Olive,242,239,2,1,,,
2026-10-04,15:00-16:00,CWL-1,Iron 3D,ST-3350 Twill Garment Dye,PO-66180,Olive,311,291,6,5,,,
2026-10-04,16:00-17:00,CWL-1,Iron 3D,ST-4475 Vintage Wash,PO-77305,Vintage Indigo,232,228,2,4,,,
2026-10-04,17:00-18:00,CWL-1,Iron 3D,ST-4475 Vintage Wash,PO-77305,Vintage Indigo,255,238,1,2,,,
2026-10-04,18:00-19:00,CWL-1,Iron 3D,ST-4475 Vintage Wash,PO-77305,Vintage Indigo,294,294,5,5,,,
2026-10-04,19:00-20:00,CWL-1,Iron 3D,ST-4475 Vintage Wash,PO-77305,Vintage Indigo,309,289,3,5,,,
2026-10-04,20:00-21:00,CWL-1,Iron 3D,ST-4475 Vintage Wash,PO-77305,Vintage Indigo,247,234,3,3,,,
2026-10-04,21:00-22:00,CWL-1,Iron 3D,ST-4475 Vintage Wash,PO-77305,Vintage Indigo,132,131,2,2,45,Machine breakdown,
2026-10-04,22:00-23:00,CWL-1,Iron 3D,ST-4475 Vintage Wash,PO-77305,Vintage Indigo,315,290,5,3,,,
2026-10-04,23:00-00:00,CWL-1,Iron 3D,ST-4475 Vintage Wash,PO-77305,Vintage Indigo,289,277,7,4,,,
2026-10-04,00:00-01:00,CWL-1,Iron 3D,ST-4430 Mid Blue,PO-77211,Light Blue,252,251,7,5,,,
2026-10-04,01:00-02:00,CWL-1,Iron 3D,ST-4430 Mid Blue,PO-77211,Light Blue,258,244,7,4,,,
2026-10-04,02:00-03:00,CWL-1,Iron 3D,ST-4430 Mid Blue,PO-77211,Light Blue,285,264,5,3,,,
2026-10-04,03:00-04:00,CWL-1,Iron 3D,ST-4430 Mid Blue,PO-77211,Light Blue,321,299,6,2,,,
2026-10-04,04:00-05:00,CWL-1,Iron 3D,ST-4430 Mid Blue,PO-77211,Light Blue,34,32,1,0,45,Power / utility,
2026-10-04,05:00-06:00,CWL-1,Iron 3D,ST-4430 Mid Blue,PO-77211,Light Blue,58,59,1,0,30,Other,
2026-10-04,06:00-07:00,CWL-1,Iron 3D,ST-4430 Mid Blue,PO-77211,Light Blue,304,281,4,3,,,
2026-10-04,07:00-08:00,CWL-1,Iron 3D,ST-4430 Mid Blue,PO-77211,Light Blue,251,243,5,3,,,
2026-10-05,08:00-09:00,CWL-1,Laser Whisker,ST-5133 Snow Acid,PO-88056,Snow Grey,24,23,1,0,,,
2026-10-05,09:00-10:00,CWL-1,Laser Whisker,ST-5133 Snow Acid,PO-88056,Snow Grey,33,30,0,0,,,
2026-10-05,10:00-11:00,CWL-1,Laser Whisker,ST-5133 Snow Acid,PO-88056,Snow Grey,34,34,0,1,,,
2026-10-05,11:00-12:00,CWL-1,Laser Whisker,ST-5133 Snow Acid,PO-88056,Snow Grey,35,33,1,0,,,
2026-10-05,12:00-13:00,CWL-1,Laser Whisker,ST-5133 Snow Acid,PO-88056,Snow Grey,32,30,1,1,,,
2026-10-05,13:00-14:00,CWL-1,Laser Whisker,ST-5133 Snow Acid,PO-88056,Snow Grey,13,12,0,0,30,Power / utility,
2026-10-05,14:00-15:00,CWL-1,Laser Whisker,ST-5133 Snow Acid,PO-88056,Snow Grey,32,30,0,1,,,
2026-10-05,15:00-16:00,CWL-1,Laser Whisker,ST-5133 Snow Acid,PO-88056,Snow Grey,32,30,1,0,,,
2026-10-05,16:00-17:00,CWL-1,Laser Whisker,ST-4475 Vintage Wash,PO-77306,Vintage Grey,27,25,0,1,,,
2026-10-05,17:00-18:00,CWL-1,Laser Whisker,ST-4475 Vintage Wash,PO-77306,Vintage Grey,34,34,1,0,,,
2026-10-05,18:00-19:00,CWL-1,Laser Whisker,ST-4475 Vintage Wash,PO-77306,Vintage Grey,27,27,0,0,,,
2026-10-05,19:00-20:00,CWL-1,Laser Whisker,ST-4475 Vintage Wash,PO-77306,Vintage Grey,31,28,1,0,,,
2026-10-05,20:00-21:00,CWL-1,Laser Whisker,ST-4475 Vintage Wash,PO-77306,Vintage Grey,35,32,0,0,,,
2026-10-05,21:00-22:00,CWL-1,Laser Whisker,ST-4475 Vintage Wash,PO-77306,Vintage Grey,33,33,0,0,,,
2026-10-05,22:00-23:00,CWL-1,Laser Whisker,ST-4475 Vintage Wash,PO-77306,Vintage Grey,33,31,1,0,,,
2026-10-05,23:00-00:00,CWL-1,Laser Whisker,ST-4475 Vintage Wash,PO-77306,Vintage Grey,32,31,0,0,,,
2026-10-05,00:00-01:00,CWL-1,Laser Whisker,ST-4430 Mid Blue,PO-77210,Mid Blue,29,26,1,0,,,
2026-10-05,01:00-02:00,CWL-1,Laser Whisker,ST-4430 Mid Blue,PO-77210,Mid Blue,34,33,0,0,,,
2026-10-05,02:00-03:00,CWL-1,Laser Whisker,ST-4430 Mid Blue,PO-77210,Mid Blue,34,33,0,0,,,
2026-10-05,03:00-04:00,CWL-1,Laser Whisker,ST-4430 Mid Blue,PO-77210,Mid Blue,37,34,1,1,,,
2026-10-05,04:00-05:00,CWL-1,Laser Whisker,ST-4430 Mid Blue,PO-77210,Mid Blue,28,27,1,0,,,
2026-10-05,05:00-06:00,CWL-1,Laser Whisker,ST-4430 Mid Blue,PO-77210,Mid Blue,35,34,1,1,,,
2026-10-05,06:00-07:00,CWL-1,Laser Whisker,ST-4430 Mid Blue,PO-77210,Mid Blue,31,29,1,0,,,
2026-10-05,07:00-08:00,CWL-1,Laser Whisker,ST-4430 Mid Blue,PO-77210,Mid Blue,27,27,1,0,,,
2026-10-05,08:00-09:00,CWL-1,Laser Mark Destroy,ST-4412 Dark Stone,PO-77103,Dark Blue,80,77,0,1,,,
2026-10-05,09:00-10:00,CWL-1,Laser Mark Destroy,ST-4412 Dark Stone,PO-77103,Dark Blue,93,87,2,0,,,
2026-10-05,10:00-11:00,CWL-1,Laser Mark Destroy,ST-4412 Dark Stone,PO-77103,Dark Blue,93,90,2,1,,,
2026-10-05,11:00-12:00,CWL-1,Laser Mark Destroy,ST-4412 Dark Stone,PO-77103,Dark Blue,81,80,1,1,,,
2026-10-05,12:00-13:00,CWL-1,Laser Mark Destroy,ST-4412 Dark Stone,PO-77103,Dark Blue,89,89,1,1,,,
2026-10-05,13:00-14:00,CWL-1,Laser Mark Destroy,ST-4412 Dark Stone,PO-77103,Dark Blue,83,83,2,1,,,
2026-10-05,14:00-15:00,CWL-1,Laser Mark Destroy,ST-4412 Dark Stone,PO-77103,Dark Blue,89,83,1,1,,,
2026-10-05,15:00-16:00,CWL-1,Laser Mark Destroy,ST-4412 Dark Stone,PO-77103,Dark Blue,97,88,3,1,,,
2026-10-05,16:00-17:00,CWL-1,Laser Mark Destroy,ST-4430 Mid Blue,PO-77211,Light Blue,94,88,2,2,,,
2026-10-05,17:00-18:00,CWL-1,Laser Mark Destroy,ST-4430 Mid Blue,PO-77211,Light Blue,89,84,2,1,,,
2026-10-05,18:00-19:00,CWL-1,Laser Mark Destroy,ST-4430 Mid Blue,PO-77211,Light Blue,89,82,3,2,,,
2026-10-05,19:00-20:00,CWL-1,Laser Mark Destroy,ST-4430 Mid Blue,PO-77211,Light Blue,86,82,2,1,,,
2026-10-05,20:00-21:00,CWL-1,Laser Mark Destroy,ST-4430 Mid Blue,PO-77211,Light Blue,92,91,1,2,,,
2026-10-05,21:00-22:00,CWL-1,Laser Mark Destroy,ST-4430 Mid Blue,PO-77211,Light Blue,93,86,2,2,,,
2026-10-05,22:00-23:00,CWL-1,Laser Mark Destroy,ST-4430 Mid Blue,PO-77211,Light Blue,85,81,2,1,,,
2026-10-05,23:00-00:00,CWL-1,Laser Mark Destroy,ST-4430 Mid Blue,PO-77211,Light Blue,106,100,3,0,,,
2026-10-05,00:00-01:00,CWL-1,Laser Mark Destroy,ST-2285 Dye Black,PO-99040,Jet Black,88,82,1,1,,,
2026-10-05,01:00-02:00,CWL-1,Laser Mark Destroy,ST-2285 Dye Black,PO-99040,Jet Black,95,89,2,1,,,
2026-10-05,02:00-03:00,CWL-1,Laser Mark Destroy,ST-2285 Dye Black,PO-99040,Jet Black,93,92,2,1,,,
2026-10-05,03:00-04:00,CWL-1,Laser Mark Destroy,ST-2285 Dye Black,PO-99040,Jet Black,86,82,2,1,,,
2026-10-05,04:00-05:00,CWL-1,Laser Mark Destroy,ST-2285 Dye Black,PO-99040,Jet Black,88,85,1,2,,,
2026-10-05,05:00-06:00,CWL-1,Laser Mark Destroy,ST-2285 Dye Black,PO-99040,Jet Black,104,100,2,1,,,
2026-10-05,06:00-07:00,CWL-1,Laser Mark Destroy,ST-2285 Dye Black,PO-99040,Jet Black,96,95,2,1,,,
2026-10-05,07:00-08:00,CWL-1,Laser Mark Destroy,ST-2285 Dye Black,PO-99040,Jet Black,79,80,2,1,,,
2026-10-05,08:00-09:00,CWL-1,Pattern Whisker,ST-2285 Dye Black,PO-99040,Jet Black,938,942,25,14,,,
2026-10-05,09:00-10:00,CWL-1,Pattern Whisker,ST-2285 Dye Black,PO-99040,Jet Black,1312,1296,38,16,,,
2026-10-05,10:00-11:00,CWL-1,Pattern Whisker,ST-2285 Dye Black,PO-99040,Jet Black,1427,1366,38,8,,,
2026-10-05,11:00-12:00,CWL-1,Pattern Whisker,ST-2285 Dye Black,PO-99040,Jet Black,1060,1047,22,20,,,
2026-10-05,12:00-13:00,CWL-1,Pattern Whisker,ST-2285 Dye Black,PO-99040,Jet Black,1155,1054,29,16,,,
2026-10-05,13:00-14:00,CWL-1,Pattern Whisker,ST-2285 Dye Black,PO-99040,Jet Black,1153,1171,28,23,,,
2026-10-05,14:00-15:00,CWL-1,Pattern Whisker,ST-2285 Dye Black,PO-99040,Jet Black,1359,1250,37,10,,,
2026-10-05,15:00-16:00,CWL-1,Pattern Whisker,ST-2285 Dye Black,PO-99040,Jet Black,1119,1098,28,12,,,
2026-10-05,16:00-17:00,CWL-1,Pattern Whisker,ST-4430 Mid Blue,PO-77211,Light Blue,1130,1148,18,8,,,
2026-10-05,17:00-18:00,CWL-1,Pattern Whisker,ST-4430 Mid Blue,PO-77211,Light Blue,402,399,8,2,30,Machine breakdown,
2026-10-05,18:00-19:00,CWL-1,Pattern Whisker,ST-4430 Mid Blue,PO-77211,Light Blue,1244,1181,29,6,,,
2026-10-05,19:00-20:00,CWL-1,Pattern Whisker,ST-4430 Mid Blue,PO-77211,Light Blue,479,468,7,8,45,Waiting for input,
2026-10-05,20:00-21:00,CWL-1,Pattern Whisker,ST-4430 Mid Blue,PO-77211,Light Blue,1379,1352,35,22,,,
2026-10-05,21:00-22:00,CWL-1,Pattern Whisker,ST-4430 Mid Blue,PO-77211,Light Blue,1262,1243,22,23,,,
2026-10-05,22:00-23:00,CWL-1,Pattern Whisker,ST-4430 Mid Blue,PO-77211,Light Blue,1316,1246,13,15,,,
2026-10-05,23:00-00:00,CWL-1,Pattern Whisker,ST-4430 Mid Blue,PO-77211,Light Blue,1276,1261,24,22,,,
2026-10-05,00:00-01:00,CWL-1,Pattern Whisker,ST-5133 Snow Acid,PO-88055,Snow White,916,929,14,5,,,
2026-10-05,01:00-02:00,CWL-1,Pattern Whisker,ST-5133 Snow Acid,PO-88055,Snow White,1249,1238,29,22,,,
2026-10-05,02:00-03:00,CWL-1,Pattern Whisker,ST-5133 Snow Acid,PO-88055,Snow White,1206,1206,20,18,,,
2026-10-05,03:00-04:00,CWL-1,Pattern Whisker,ST-5133 Snow Acid,PO-88055,Snow White,1240,1188,13,18,,,
2026-10-05,04:00-05:00,CWL-1,Pattern Whisker,ST-5133 Snow Acid,PO-88055,Snow White,1124,1067,24,18,,,
2026-10-05,05:00-06:00,CWL-1,Pattern Whisker,ST-5133 Snow Acid,PO-88055,Snow White,138,131,1,2,45,Changeover / setup,
2026-10-05,06:00-07:00,CWL-1,Pattern Whisker,ST-5133 Snow Acid,PO-88055,Snow White,1058,1044,19,7,,,
2026-10-05,07:00-08:00,CWL-1,Pattern Whisker,ST-5133 Snow Acid,PO-88055,Snow White,1225,1173,12,12,,,
2026-10-05,08:00-09:00,CWL-1,Hand Sand (Front & Back),ST-4430 Mid Blue,PO-77210,Mid Blue,603,549,16,7,,,
2026-10-05,09:00-10:00,CWL-1,Hand Sand (Front & Back),ST-4430 Mid Blue,PO-77210,Mid Blue,525,529,14,7,,,
2026-10-05,10:00-11:00,CWL-1,Hand Sand (Front & Back),ST-4430 Mid Blue,PO-77210,Mid Blue,599,547,9,8,,,
2026-10-05,11:00-12:00,CWL-1,Hand Sand (Front & Back),ST-4430 Mid Blue,PO-77210,Mid Blue,238,237,6,4,30,Operator shortage,
2026-10-05,12:00-13:00,CWL-1,Hand Sand (Front & Back),ST-4430 Mid Blue,PO-77210,Mid Blue,677,642,19,9,,,
2026-10-05,13:00-14:00,CWL-1,Hand Sand (Front & Back),ST-4430 Mid Blue,PO-77210,Mid Blue,574,567,9,9,,,
2026-10-05,14:00-15:00,CWL-1,Hand Sand (Front & Back),ST-4430 Mid Blue,PO-77210,Mid Blue,717,665,6,13,,,
2026-10-05,15:00-16:00,CWL-1,Hand Sand (Front & Back),ST-4430 Mid Blue,PO-77210,Mid Blue,602,570,15,6,,,
2026-10-05,16:00-17:00,CWL-1,Hand Sand (Front & Back),ST-4430 Mid Blue,PO-77211,Light Blue,492,455,11,5,,,
2026-10-05,17:00-18:00,CWL-1,Hand Sand (Front & Back),ST-4430 Mid Blue,PO-77211,Light Blue,585,565,8,12,,,
2026-10-05,18:00-19:00,CWL-1,Hand Sand (Front & Back),ST-4430 Mid Blue,PO-77211,Light Blue,685,661,17,7,,,
2026-10-05,19:00-20:00,CWL-1,Hand Sand (Front & Back),ST-4430 Mid Blue,PO-77211,Light Blue,715,669,9,11,,,
2026-10-05,20:00-21:00,CWL-1,Hand Sand (Front & Back),ST-4430 Mid Blue,PO-77211,Light Blue,666,629,11,5,,,
2026-10-05,21:00-22:00,CWL-1,Hand Sand (Front & Back),ST-4430 Mid Blue,PO-77211,Light Blue,591,585,6,9,,,
2026-10-05,22:00-23:00,CWL-1,Hand Sand (Front & Back),ST-4430 Mid Blue,PO-77211,Light Blue,519,515,10,8,,,
2026-10-05,23:00-00:00,CWL-1,Hand Sand (Front & Back),ST-4430 Mid Blue,PO-77211,Light Blue,624,598,14,7,,,
2026-10-05,00:00-01:00,CWL-1,Hand Sand (Front & Back),ST-4412 Dark Stone,PO-77103,Dark Blue,549,538,12,3,,,
2026-10-05,01:00-02:00,CWL-1,Hand Sand (Front & Back),ST-4412 Dark Stone,PO-77103,Dark Blue,568,540,12,9,,,
2026-10-05,02:00-03:00,CWL-1,Hand Sand (Front & Back),ST-4412 Dark Stone,PO-77103,Dark Blue,540,516,6,8,,,
2026-10-05,03:00-04:00,CWL-1,Hand Sand (Front & Back),ST-4412 Dark Stone,PO-77103,Dark Blue,625,610,18,10,,,
2026-10-05,04:00-05:00,CWL-1,Hand Sand (Front & Back),ST-4412 Dark Stone,PO-77103,Dark Blue,728,670,16,4,,,
2026-10-05,05:00-06:00,CWL-1,Hand Sand (Front & Back),ST-4412 Dark Stone,PO-77103,Dark Blue,669,652,8,9,,,
2026-10-05,06:00-07:00,CWL-1,Hand Sand (Front & Back),ST-4412 Dark Stone,PO-77103,Dark Blue,580,552,8,8,,,
2026-10-05,07:00-08:00,CWL-1,Hand Sand (Front & Back),ST-4412 Dark Stone,PO-77103,Dark Blue,546,543,15,7,,,
2026-10-05,08:00-09:00,CWL-1,Allover Hand Sand,ST-4412 Dark Stone,PO-77102,Black Stone,76,72,2,1,,,
2026-10-05,09:00-10:00,CWL-1,Allover Hand Sand,ST-4412 Dark Stone,PO-77102,Black Stone,97,90,1,2,,,
2026-10-05,10:00-11:00,CWL-1,Allover Hand Sand,ST-4412 Dark Stone,PO-77102,Black Stone,110,103,1,1,,,
2026-10-05,11:00-12:00,CWL-1,Allover Hand Sand,ST-4412 Dark Stone,PO-77102,Black Stone,85,81,1,1,,,
2026-10-05,12:00-13:00,CWL-1,Allover Hand Sand,ST-4412 Dark Stone,PO-77102,Black Stone,83,84,2,1,,,
2026-10-05,13:00-14:00,CWL-1,Allover Hand Sand,ST-4412 Dark Stone,PO-77102,Black Stone,82,82,1,1,,,
2026-10-05,14:00-15:00,CWL-1,Allover Hand Sand,ST-4412 Dark Stone,PO-77102,Black Stone,96,92,2,1,,,
2026-10-05,15:00-16:00,CWL-1,Allover Hand Sand,ST-4412 Dark Stone,PO-77102,Black Stone,93,89,1,1,,,
2026-10-05,16:00-17:00,CWL-1,Allover Hand Sand,ST-4412 Dark Stone,PO-77103,Dark Blue,78,73,2,1,,,
2026-10-05,17:00-18:00,CWL-1,Allover Hand Sand,ST-4412 Dark Stone,PO-77103,Dark Blue,94,89,1,2,,,
2026-10-05,18:00-19:00,CWL-1,Allover Hand Sand,ST-4412 Dark Stone,PO-77103,Dark Blue,111,104,1,1,,,
2026-10-05,19:00-20:00,CWL-1,Allover Hand Sand,ST-4412 Dark Stone,PO-77103,Dark Blue,90,86,2,1,,,
2026-10-05,20:00-21:00,CWL-1,Allover Hand Sand,ST-4412 Dark Stone,PO-77103,Dark Blue,86,85,2,1,,,
2026-10-05,21:00-22:00,CWL-1,Allover Hand Sand,ST-4412 Dark Stone,PO-77103,Dark Blue,99,94,1,2,,,
2026-10-05,22:00-23:00,CWL-1,Allover Hand Sand,ST-4412 Dark Stone,PO-77103,Dark Blue,114,105,3,1,,,
2026-10-05,23:00-00:00,CWL-1,Allover Hand Sand,ST-4412 Dark Stone,PO-77103,Dark Blue,106,101,3,1,,,
2026-10-05,00:00-01:00,CWL-1,Allover Hand Sand,ST-4430 Mid Blue,PO-77210,Mid Blue,22,20,1,0,30,Quality hold,
2026-10-05,01:00-02:00,CWL-1,Allover Hand Sand,ST-4430 Mid Blue,PO-77210,Mid Blue,98,95,3,2,,,
2026-10-05,02:00-03:00,CWL-1,Allover Hand Sand,ST-4430 Mid Blue,PO-77210,Mid Blue,96,97,1,1,,,
2026-10-05,03:00-04:00,CWL-1,Allover Hand Sand,ST-4430 Mid Blue,PO-77210,Mid Blue,109,101,1,1,,,
2026-10-05,04:00-05:00,CWL-1,Allover Hand Sand,ST-4430 Mid Blue,PO-77210,Mid Blue,103,95,1,1,,,
2026-10-05,05:00-06:00,CWL-1,Allover Hand Sand,ST-4430 Mid Blue,PO-77210,Mid Blue,95,90,1,0,,,
2026-10-05,06:00-07:00,CWL-1,Allover Hand Sand,ST-4430 Mid Blue,PO-77210,Mid Blue,108,103,1,1,,,
2026-10-05,07:00-08:00,CWL-1,Allover Hand Sand,ST-4430 Mid Blue,PO-77210,Mid Blue,92,90,3,1,,,
2026-10-05,08:00-09:00,CWL-1,Tagging,ST-4412 Dark Stone,PO-77103,Dark Blue,726,689,20,7,,,
2026-10-05,09:00-10:00,CWL-1,Tagging,ST-4412 Dark Stone,PO-77103,Dark Blue,126,123,1,3,15,Changeover / setup,
2026-10-05,10:00-11:00,CWL-1,Tagging,ST-4412 Dark Stone,PO-77103,Dark Blue,790,757,11,9,,,
2026-10-05,11:00-12:00,CWL-1,Tagging,ST-4412 Dark Stone,PO-77103,Dark Blue,753,741,8,12,,,
2026-10-05,12:00-13:00,CWL-1,Tagging,ST-4412 Dark Stone,PO-77103,Dark Blue,708,683,16,8,,,
2026-10-05,13:00-14:00,CWL-1,Tagging,ST-4412 Dark Stone,PO-77103,Dark Blue,826,836,11,8,,,
2026-10-05,14:00-15:00,CWL-1,Tagging,ST-4412 Dark Stone,PO-77103,Dark Blue,760,707,19,13,,,
2026-10-05,15:00-16:00,CWL-1,Tagging,ST-4412 Dark Stone,PO-77103,Dark Blue,733,721,16,12,,,
2026-10-05,16:00-17:00,CWL-1,Tagging,ST-4412 Dark Stone,PO-77102,Black Stone,294,287,8,2,15,Operator shortage,
2026-10-05,17:00-18:00,CWL-1,Tagging,ST-4412 Dark Stone,PO-77102,Black Stone,726,728,12,5,,,
2026-10-05,18:00-19:00,CWL-1,Tagging,ST-4412 Dark Stone,PO-77102,Black Stone,888,838,14,12,,,
2026-10-05,19:00-20:00,CWL-1,Tagging,ST-4412 Dark Stone,PO-77102,Black Stone,789,772,11,5,,,
2026-10-05,20:00-21:00,CWL-1,Tagging,ST-4412 Dark Stone,PO-77102,Black Stone,884,855,21,12,,,
2026-10-05,21:00-22:00,CWL-1,Tagging,ST-4412 Dark Stone,PO-77102,Black Stone,877,849,22,11,,,
2026-10-05,22:00-23:00,CWL-1,Tagging,ST-4412 Dark Stone,PO-77102,Black Stone,826,813,20,11,,,
2026-10-05,23:00-00:00,CWL-1,Tagging,ST-4412 Dark Stone,PO-77102,Black Stone,822,790,23,13,,,
2026-10-05,00:00-01:00,CWL-1,Tagging,ST-4430 Mid Blue,PO-77210,Mid Blue,670,610,12,5,,,
2026-10-05,01:00-02:00,CWL-1,Tagging,ST-4430 Mid Blue,PO-77210,Mid Blue,709,689,13,9,,,
2026-10-05,02:00-03:00,CWL-1,Tagging,ST-4430 Mid Blue,PO-77210,Mid Blue,766,756,11,12,,,
2026-10-05,03:00-04:00,CWL-1,Tagging,ST-4430 Mid Blue,PO-77210,Mid Blue,219,215,5,3,15,Waiting for material,
2026-10-05,04:00-05:00,CWL-1,Tagging,ST-4430 Mid Blue,PO-77210,Mid Blue,782,726,12,10,,,
2026-10-05,05:00-06:00,CWL-1,Tagging,ST-4430 Mid Blue,PO-77210,Mid Blue,762,711,6,14,,,
2026-10-05,06:00-07:00,CWL-1,Tagging,ST-4430 Mid Blue,PO-77210,Mid Blue,705,668,13,6,,,
2026-10-05,07:00-08:00,CWL-1,Tagging,ST-4430 Mid Blue,PO-77210,Mid Blue,867,844,15,15,,,
2026-10-05,08:00-09:00,CWL-1,Grinding,ST-4412 Dark Stone,PO-77102,Black Stone,191,194,5,1,,,
2026-10-05,09:00-10:00,CWL-1,Grinding,ST-4412 Dark Stone,PO-77102,Black Stone,214,206,5,1,,,
2026-10-05,10:00-11:00,CWL-1,Grinding,ST-4412 Dark Stone,PO-77102,Black Stone,218,203,4,2,,,
2026-10-05,11:00-12:00,CWL-1,Grinding,ST-4412 Dark Stone,PO-77102,Black Stone,241,242,4,1,,,
2026-10-05,12:00-13:00,CWL-1,Grinding,ST-4412 Dark Stone,PO-77102,Black Stone,252,254,4,4,,,
2026-10-05,13:00-14:00,CWL-1,Grinding,ST-4412 Dark Stone,PO-77102,Black Stone,271,249,5,1,,,
2026-10-05,14:00-15:00,CWL-1,Grinding,ST-4412 Dark Stone,PO-77102,Black Stone,234,213,2,4,,,
2026-10-05,15:00-16:00,CWL-1,Grinding,ST-4412 Dark Stone,PO-77102,Black Stone,269,247,2,2,,,
2026-10-05,16:00-17:00,CWL-1,Grinding,ST-4475 Vintage Wash,PO-77306,Vintage Grey,220,220,2,1,,,
2026-10-05,17:00-18:00,CWL-1,Grinding,ST-4475 Vintage Wash,PO-77306,Vintage Grey,267,257,4,3,,,
2026-10-05,18:00-19:00,CWL-1,Grinding,ST-4475 Vintage Wash,PO-77306,Vintage Grey,251,244,4,2,,,
2026-10-05,19:00-20:00,CWL-1,Grinding,ST-4475 Vintage Wash,PO-77306,Vintage Grey,247,240,6,1,,,
2026-10-05,20:00-21:00,CWL-1,Grinding,ST-4475 Vintage Wash,PO-77306,Vintage Grey,254,245,3,3,,,
2026-10-05,21:00-22:00,CWL-1,Grinding,ST-4475 Vintage Wash,PO-77306,Vintage Grey,81,74,1,1,30,Power / utility,
2026-10-05,22:00-23:00,CWL-1,Grinding,ST-4475 Vintage Wash,PO-77306,Vintage Grey,237,221,4,2,,,
2026-10-05,23:00-00:00,CWL-1,Grinding,ST-4475 Vintage Wash,PO-77306,Vintage Grey,215,202,5,3,,,
2026-10-05,00:00-01:00,CWL-1,Grinding,ST-5133 Snow Acid,PO-88056,Snow Grey,181,179,3,3,,,
2026-10-05,01:00-02:00,CWL-1,Grinding,ST-5133 Snow Acid,PO-88056,Snow Grey,255,246,6,3,,,
2026-10-05,02:00-03:00,CWL-1,Grinding,ST-5133 Snow Acid,PO-88056,Snow Grey,230,217,7,4,,,
2026-10-05,03:00-04:00,CWL-1,Grinding,ST-5133 Snow Acid,PO-88056,Snow Grey,244,232,6,4,,,
2026-10-05,04:00-05:00,CWL-1,Grinding,ST-5133 Snow Acid,PO-88056,Snow Grey,261,253,4,1,,,
2026-10-05,05:00-06:00,CWL-1,Grinding,ST-5133 Snow Acid,PO-88056,Snow Grey,256,243,6,4,,,
2026-10-05,06:00-07:00,CWL-1,Grinding,ST-5133 Snow Acid,PO-88056,Snow Grey,233,235,5,5,,,
2026-10-05,07:00-08:00,CWL-1,Grinding,ST-5133 Snow Acid,PO-88056,Snow Grey,238,231,6,2,,,
2026-10-05,08:00-09:00,CWL-1,Destruction,ST-3350 Twill Garment Dye,PO-66180,Olive,161,158,2,1,,,
2026-10-05,09:00-10:00,CWL-1,Destruction,ST-3350 Twill Garment Dye,PO-66180,Olive,184,175,1,3,,,
2026-10-05,10:00-11:00,CWL-1,Destruction,ST-3350 Twill Garment Dye,PO-66180,Olive,201,191,3,1,,,
2026-10-05,11:00-12:00,CWL-1,Destruction,ST-3350 Twill Garment Dye,PO-66180,Olive,158,153,2,2,,,
2026-10-05,12:00-13:00,CWL-1,Destruction,ST-3350 Twill Garment Dye,PO-66180,Olive,209,199,5,2,,,
2026-10-05,13:00-14:00,CWL-1,Destruction,ST-3350 Twill Garment Dye,PO-66180,Olive,174,174,3,3,,,
2026-10-05,14:00-15:00,CWL-1,Destruction,ST-3350 Twill Garment Dye,PO-66180,Olive,167,156,4,2,,,
2026-10-05,15:00-16:00,CWL-1,Destruction,ST-3350 Twill Garment Dye,PO-66180,Olive,194,197,5,2,,,
2026-10-05,16:00-17:00,CWL-1,Destruction,ST-3350 Twill Garment Dye,PO-66180,Olive,130,130,3,3,,,
2026-10-05,17:00-18:00,CWL-1,Destruction,ST-3350 Twill Garment Dye,PO-66180,Olive,199,194,4,4,,,
2026-10-05,18:00-19:00,CWL-1,Destruction,ST-3350 Twill Garment Dye,PO-66180,Olive,71,66,2,1,30,Machine breakdown,
2026-10-05,19:00-20:00,CWL-1,Destruction,ST-3350 Twill Garment Dye,PO-66180,Olive,198,193,3,2,,,
2026-10-05,20:00-21:00,CWL-1,Destruction,ST-3350 Twill Garment Dye,PO-66180,Olive,164,158,3,2,,,
2026-10-05,21:00-22:00,CWL-1,Destruction,ST-3350 Twill Garment Dye,PO-66180,Olive,165,168,2,3,,,
2026-10-05,22:00-23:00,CWL-1,Destruction,ST-3350 Twill Garment Dye,PO-66180,Olive,199,191,5,2,,,
2026-10-05,23:00-00:00,CWL-1,Destruction,ST-3350 Twill Garment Dye,PO-66180,Olive,186,183,4,3,,,
2026-10-05,00:00-01:00,CWL-1,Destruction,ST-5133 Snow Acid,PO-88056,Snow Grey,182,169,5,3,,,
2026-10-05,01:00-02:00,CWL-1,Destruction,ST-5133 Snow Acid,PO-88056,Snow Grey,166,164,3,2,,,
2026-10-05,02:00-03:00,CWL-1,Destruction,ST-5133 Snow Acid,PO-88056,Snow Grey,213,199,6,4,,,
2026-10-05,03:00-04:00,CWL-1,Destruction,ST-5133 Snow Acid,PO-88056,Snow Grey,152,152,2,3,,,
2026-10-05,04:00-05:00,CWL-1,Destruction,ST-5133 Snow Acid,PO-88056,Snow Grey,178,170,4,2,,,
2026-10-05,05:00-06:00,CWL-1,Destruction,ST-5133 Snow Acid,PO-88056,Snow Grey,158,154,3,1,,,
2026-10-05,06:00-07:00,CWL-1,Destruction,ST-5133 Snow Acid,PO-88056,Snow Grey,165,166,5,3,,,
2026-10-05,07:00-08:00,CWL-1,Destruction,ST-5133 Snow Acid,PO-88056,Snow Grey,192,177,1,3,,,
2026-10-05,08:00-09:00,CWL-1,Cutting / Destroy,ST-3350 Twill Garment Dye,PO-66180,Olive,259,257,7,3,,,
2026-10-05,09:00-10:00,CWL-1,Cutting / Destroy,ST-3350 Twill Garment Dye,PO-66180,Olive,341,311,4,3,,,
2026-10-05,10:00-11:00,CWL-1,Cutting / Destroy,ST-3350 Twill Garment Dye,PO-66180,Olive,337,335,8,4,,,
2026-10-05,11:00-12:00,CWL-1,Cutting / Destroy,ST-3350 Twill Garment Dye,PO-66180,Olive,361,360,10,3,,,
2026-10-05,12:00-13:00,CWL-1,Cutting / Destroy,ST-3350 Twill Garment Dye,PO-66180,Olive,358,335,9,3,,,
2026-10-05,13:00-14:00,CWL-1,Cutting / Destroy,ST-3350 Twill Garment Dye,PO-66180,Olive,366,353,4,2,,,
2026-10-05,14:00-15:00,CWL-1,Cutting / Destroy,ST-3350 Twill Garment Dye,PO-66180,Olive,347,340,9,2,,,
2026-10-05,15:00-16:00,CWL-1,Cutting / Destroy,ST-3350 Twill Garment Dye,PO-66180,Olive,326,311,8,6,,,
2026-10-05,16:00-17:00,CWL-1,Cutting / Destroy,ST-4412 Dark Stone,PO-77102,Black Stone,64,60,1,1,30,Power / utility,
2026-10-05,17:00-18:00,CWL-1,Cutting / Destroy,ST-4412 Dark Stone,PO-77102,Black Stone,364,353,7,4,,,
2026-10-05,18:00-19:00,CWL-1,Cutting / Destroy,ST-4412 Dark Stone,PO-77102,Black Stone,384,359,5,6,,,
2026-10-05,19:00-20:00,CWL-1,Cutting / Destroy,ST-4412 Dark Stone,PO-77102,Black Stone,360,334,4,3,,,
2026-10-05,20:00-21:00,CWL-1,Cutting / Destroy,ST-4412 Dark Stone,PO-77102,Black Stone,168,167,4,1,15,Other,
2026-10-05,21:00-22:00,CWL-1,Cutting / Destroy,ST-4412 Dark Stone,PO-77102,Black Stone,348,323,5,5,,,
2026-10-05,22:00-23:00,CWL-1,Cutting / Destroy,ST-4412 Dark Stone,PO-77102,Black Stone,340,315,5,5,,,
2026-10-05,23:00-00:00,CWL-1,Cutting / Destroy,ST-4412 Dark Stone,PO-77102,Black Stone,316,301,3,3,,,
2026-10-05,00:00-01:00,CWL-1,Cutting / Destroy,ST-2285 Dye Black,PO-99040,Jet Black,48,44,1,0,30,Other,
2026-10-05,01:00-02:00,CWL-1,Cutting / Destroy,ST-2285 Dye Black,PO-99040,Jet Black,318,300,8,2,,,
2026-10-05,02:00-03:00,CWL-1,Cutting / Destroy,ST-2285 Dye Black,PO-99040,Jet Black,388,370,7,6,,,
2026-10-05,03:00-04:00,CWL-1,Cutting / Destroy,ST-2285 Dye Black,PO-99040,Jet Black,310,304,8,5,,,
2026-10-05,04:00-05:00,CWL-1,Cutting / Destroy,ST-2285 Dye Black,PO-99040,Jet Black,359,336,4,7,,,
2026-10-05,05:00-06:00,CWL-1,Cutting / Destroy,ST-2285 Dye Black,PO-99040,Jet Black,358,326,6,3,,,
2026-10-05,06:00-07:00,CWL-1,Cutting / Destroy,ST-2285 Dye Black,PO-99040,Jet Black,320,300,5,4,,,
2026-10-05,07:00-08:00,CWL-1,Cutting / Destroy,ST-2285 Dye Black,PO-99040,Jet Black,296,295,4,5,,,
2026-10-05,08:00-09:00,CWL-1,Air Blowing,ST-3350 Twill Garment Dye,PO-66180,Olive,402,377,11,6,,,
2026-10-05,09:00-10:00,CWL-1,Air Blowing,ST-3350 Twill Garment Dye,PO-66180,Olive,370,354,3,6,,,
2026-10-05,10:00-11:00,CWL-1,Air Blowing,ST-3350 Twill Garment Dye,PO-66180,Olive,389,366,6,4,,,
2026-10-05,11:00-12:00,CWL-1,Air Blowing,ST-3350 Twill Garment Dye,PO-66180,Olive,356,339,10,2,,,
2026-10-05,12:00-13:00,CWL-1,Air Blowing,ST-3350 Twill Garment Dye,PO-66180,Olive,363,350,8,4,,,
2026-10-05,13:00-14:00,CWL-1,Air Blowing,ST-3350 Twill Garment Dye,PO-66180,Olive,348,343,6,7,,,
2026-10-05,14:00-15:00,CWL-1,Air Blowing,ST-3350 Twill Garment Dye,PO-66180,Olive,366,367,7,2,,,
2026-10-05,15:00-16:00,CWL-1,Air Blowing,ST-3350 Twill Garment Dye,PO-66180,Olive,348,352,4,3,,,
2026-10-05,16:00-17:00,CWL-1,Air Blowing,ST-4412 Dark Stone,PO-77102,Black Stone,315,291,8,4,,,
2026-10-05,17:00-18:00,CWL-1,Air Blowing,ST-4412 Dark Stone,PO-77102,Black Stone,375,365,7,6,,,
2026-10-05,18:00-19:00,CWL-1,Air Blowing,ST-4412 Dark Stone,PO-77102,Black Stone,363,345,8,4,,,
2026-10-05,19:00-20:00,CWL-1,Air Blowing,ST-4412 Dark Stone,PO-77102,Black Stone,421,387,10,4,,,
2026-10-05,20:00-21:00,CWL-1,Air Blowing,ST-4412 Dark Stone,PO-77102,Black Stone,422,390,4,6,,,
2026-10-05,21:00-22:00,CWL-1,Air Blowing,ST-4412 Dark Stone,PO-77102,Black Stone,445,420,5,8,,,
2026-10-05,22:00-23:00,CWL-1,Air Blowing,ST-4412 Dark Stone,PO-77102,Black Stone,420,424,6,4,,,
2026-10-05,23:00-00:00,CWL-1,Air Blowing,ST-4412 Dark Stone,PO-77102,Black Stone,369,374,4,5,,,
2026-10-05,00:00-01:00,CWL-1,Air Blowing,ST-3350 Twill Garment Dye,PO-66180,Olive,343,320,6,2,,,
2026-10-05,01:00-02:00,CWL-1,Air Blowing,ST-3350 Twill Garment Dye,PO-66180,Olive,469,442,7,7,,,
2026-10-05,02:00-03:00,CWL-1,Air Blowing,ST-3350 Twill Garment Dye,PO-66180,Olive,406,406,6,8,,,
2026-10-05,03:00-04:00,CWL-1,Air Blowing,ST-3350 Twill Garment Dye,PO-66180,Olive,433,435,9,9,,,
2026-10-05,04:00-05:00,CWL-1,Air Blowing,ST-3350 Twill Garment Dye,PO-66180,Olive,390,392,8,2,,,
2026-10-05,05:00-06:00,CWL-1,Air Blowing,ST-3350 Twill Garment Dye,PO-66180,Olive,388,388,9,3,,,
2026-10-05,06:00-07:00,CWL-1,Air Blowing,ST-3350 Twill Garment Dye,PO-66180,Olive,374,354,9,6,,,
2026-10-05,07:00-08:00,CWL-1,Air Blowing,ST-3350 Twill Garment Dye,PO-66180,Olive,454,429,11,7,,,
2026-10-05,08:00-09:00,CWL-1,PP Spray (Front & Back),ST-4412 Dark Stone,PO-77102,Black Stone,902,830,18,11,,,
2026-10-05,09:00-10:00,CWL-1,PP Spray (Front & Back),ST-4412 Dark Stone,PO-77102,Black Stone,941,957,23,12,,,
2026-10-05,10:00-11:00,CWL-1,PP Spray (Front & Back),ST-4412 Dark Stone,PO-77102,Black Stone,1071,978,29,9,,,
2026-10-05,11:00-12:00,CWL-1,PP Spray (Front & Back),ST-4412 Dark Stone,PO-77102,Black Stone,1043,956,15,13,,,
2026-10-05,12:00-13:00,CWL-1,PP Spray (Front & Back),ST-4412 Dark Stone,PO-77102,Black Stone,815,787,22,13,,,
2026-10-05,13:00-14:00,CWL-1,PP Spray (Front & Back),ST-4412 Dark Stone,PO-77102,Black Stone,877,816,21,13,,,
2026-10-05,14:00-15:00,CWL-1,PP Spray (Front & Back),ST-4412 Dark Stone,PO-77102,Black Stone,981,908,19,18,,,
2026-10-05,15:00-16:00,CWL-1,PP Spray (Front & Back),ST-4412 Dark Stone,PO-77102,Black Stone,976,892,16,5,,,
2026-10-05,16:00-17:00,CWL-1,PP Spray (Front & Back),ST-5133 Snow Acid,PO-88055,Snow White,703,711,18,9,,,
2026-10-05,17:00-18:00,CWL-1,PP Spray (Front & Back),ST-5133 Snow Acid,PO-88055,Snow White,931,858,16,5,,,
2026-10-05,18:00-19:00,CWL-1,PP Spray (Front & Back),ST-5133 Snow Acid,PO-88055,Snow White,986,926,17,10,,,
2026-10-05,19:00-20:00,CWL-1,PP Spray (Front & Back),ST-5133 Snow Acid,PO-88055,Snow White,207,202,2,3,15,Machine breakdown,
2026-10-05,20:00-21:00,CWL-1,PP Spray (Front & Back),ST-5133 Snow Acid,PO-88055,Snow White,794,790,7,6,,,
2026-10-05,21:00-22:00,CWL-1,PP Spray (Front & Back),ST-5133 Snow Acid,PO-88055,Snow White,833,778,12,14,,,
2026-10-05,22:00-23:00,CWL-1,PP Spray (Front & Back),ST-5133 Snow Acid,PO-88055,Snow White,984,1001,22,10,,,
2026-10-05,23:00-00:00,CWL-1,PP Spray (Front & Back),ST-5133 Snow Acid,PO-88055,Snow White,942,925,23,14,,,
2026-10-05,00:00-01:00,CWL-1,PP Spray (Front & Back),ST-5133 Snow Acid,PO-88056,Snow Grey,714,720,14,8,,,
2026-10-05,01:00-02:00,CWL-1,PP Spray (Front & Back),ST-5133 Snow Acid,PO-88056,Snow Grey,827,780,18,10,,,
2026-10-05,02:00-03:00,CWL-1,PP Spray (Front & Back),ST-5133 Snow Acid,PO-88056,Snow Grey,834,834,9,7,,,
2026-10-05,03:00-04:00,CWL-1,PP Spray (Front & Back),ST-5133 Snow Acid,PO-88056,Snow Grey,905,916,23,13,,,
2026-10-05,04:00-05:00,CWL-1,PP Spray (Front & Back),ST-5133 Snow Acid,PO-88056,Snow Grey,932,889,18,9,,,
2026-10-05,05:00-06:00,CWL-1,PP Spray (Front & Back),ST-5133 Snow Acid,PO-88056,Snow Grey,918,850,16,12,,,
2026-10-05,06:00-07:00,CWL-1,PP Spray (Front & Back),ST-5133 Snow Acid,PO-88056,Snow Grey,877,872,21,4,,,
2026-10-05,07:00-08:00,CWL-1,PP Spray (Front & Back),ST-5133 Snow Acid,PO-88056,Snow Grey,1052,995,27,12,,,
2026-10-05,08:00-09:00,CWL-1,Allover PP Spray,ST-4475 Vintage Wash,PO-77306,Vintage Grey,292,280,5,3,,,
2026-10-05,09:00-10:00,CWL-1,Allover PP Spray,ST-4475 Vintage Wash,PO-77306,Vintage Grey,364,354,6,2,,,
2026-10-05,10:00-11:00,CWL-1,Allover PP Spray,ST-4475 Vintage Wash,PO-77306,Vintage Grey,297,301,8,2,,,
2026-10-05,11:00-12:00,CWL-1,Allover PP Spray,ST-4475 Vintage Wash,PO-77306,Vintage Grey,310,300,7,3,,,
2026-10-05,12:00-13:00,CWL-1,Allover PP Spray,ST-4475 Vintage Wash,PO-77306,Vintage Grey,365,361,3,5,,,
2026-10-05,13:00-14:00,CWL-1,Allover PP Spray,ST-4475 Vintage Wash,PO-77306,Vintage Grey,364,346,4,5,,,
2026-10-05,14:00-15:00,CWL-1,Allover PP Spray,ST-4475 Vintage Wash,PO-77306,Vintage Grey,2,2,0,0,30,Machine breakdown,
2026-10-05,15:00-16:00,CWL-1,Allover PP Spray,ST-4475 Vintage Wash,PO-77306,Vintage Grey,4,4,0,0,15,Waiting for input,
2026-10-05,16:00-17:00,CWL-1,Allover PP Spray,ST-4475 Vintage Wash,PO-77306,Vintage Grey,255,250,3,2,,,
2026-10-05,17:00-18:00,CWL-1,Allover PP Spray,ST-4475 Vintage Wash,PO-77306,Vintage Grey,362,361,8,3,,,
2026-10-05,18:00-19:00,CWL-1,Allover PP Spray,ST-4475 Vintage Wash,PO-77306,Vintage Grey,311,301,3,3,,,
2026-10-05,19:00-20:00,CWL-1,Allover PP Spray,ST-4475 Vintage Wash,PO-77306,Vintage Grey,356,329,8,6,,,
2026-10-05,20:00-21:00,CWL-1,Allover PP Spray,ST-4475 Vintage Wash,PO-77306,Vintage Grey,137,139,3,3,45,Operator shortage,
2026-10-05,21:00-22:00,CWL-1,Allover PP Spray,ST-4475 Vintage Wash,PO-77306,Vintage Grey,343,316,4,4,,,
2026-10-05,22:00-23:00,CWL-1,Allover PP Spray,ST-4475 Vintage Wash,PO-77306,Vintage Grey,277,282,7,5,,,
2026-10-05,23:00-00:00,CWL-1,Allover PP Spray,ST-4475 Vintage Wash,PO-77306,Vintage Grey,371,349,5,4,,,
2026-10-05,00:00-01:00,CWL-1,Allover PP Spray,ST-2285 Dye Black,PO-99040,Jet Black,266,260,4,3,,,
2026-10-05,01:00-02:00,CWL-1,Allover PP Spray,ST-2285 Dye Black,PO-99040,Jet Black,105,98,2,1,15,Quality hold,
2026-10-05,02:00-03:00,CWL-1,Allover PP Spray,ST-2285 Dye Black,PO-99040,Jet Black,371,337,10,3,,,
2026-10-05,03:00-04:00,CWL-1,Allover PP Spray,ST-2285 Dye Black,PO-99040,Jet Black,321,303,6,2,,,
2026-10-05,04:00-05:00,CWL-1,Allover PP Spray,ST-2285 Dye Black,PO-99040,Jet Black,299,299,7,3,,,
2026-10-05,05:00-06:00,CWL-1,Allover PP Spray,ST-2285 Dye Black,PO-99040,Jet Black,364,355,4,6,,,
2026-10-05,06:00-07:00,CWL-1,Allover PP Spray,ST-2285 Dye Black,PO-99040,Jet Black,305,305,4,2,,,
2026-10-05,07:00-08:00,CWL-1,Allover PP Spray,ST-2285 Dye Black,PO-99040,Jet Black,331,313,6,5,,,
2026-10-05,08:00-09:00,CWL-1,PP Rubbing,ST-4412 Dark Stone,PO-77103,Dark Blue,158,154,2,3,,,
2026-10-05,09:00-10:00,CWL-1,PP Rubbing,ST-4412 Dark Stone,PO-77103,Dark Blue,172,165,2,2,,,
2026-10-05,10:00-11:00,CWL-1,PP Rubbing,ST-4412 Dark Stone,PO-77103,Dark Blue,190,188,5,2,,,
2026-10-05,11:00-12:00,CWL-1,PP Rubbing,ST-4412 Dark Stone,PO-77103,Dark Blue,184,172,5,1,,,
2026-10-05,12:00-13:00,CWL-1,PP Rubbing,ST-4412 Dark Stone,PO-77103,Dark Blue,182,167,2,1,,,
2026-10-05,13:00-14:00,CWL-1,PP Rubbing,ST-4412 Dark Stone,PO-77103,Dark Blue,208,197,4,2,,,
2026-10-05,14:00-15:00,CWL-1,PP Rubbing,ST-4412 Dark Stone,PO-77103,Dark Blue,199,192,4,2,,,
2026-10-05,15:00-16:00,CWL-1,PP Rubbing,ST-4412 Dark Stone,PO-77103,Dark Blue,228,214,2,3,,,
2026-10-05,16:00-17:00,CWL-1,PP Rubbing,ST-3350 Twill Garment Dye,PO-66180,Olive,190,180,1,3,,,
2026-10-05,17:00-18:00,CWL-1,PP Rubbing,ST-3350 Twill Garment Dye,PO-66180,Olive,209,202,4,1,,,
2026-10-05,18:00-19:00,CWL-1,PP Rubbing,ST-3350 Twill Garment Dye,PO-66180,Olive,222,207,3,1,,,
2026-10-05,19:00-20:00,CWL-1,PP Rubbing,ST-3350 Twill Garment Dye,PO-66180,Olive,188,190,4,1,,,
2026-10-05,20:00-21:00,CWL-1,PP Rubbing,ST-3350 Twill Garment Dye,PO-66180,Olive,177,171,3,3,,,
2026-10-05,21:00-22:00,CWL-1,PP Rubbing,ST-3350 Twill Garment Dye,PO-66180,Olive,204,191,4,1,,,
2026-10-05,22:00-23:00,CWL-1,PP Rubbing,ST-3350 Twill Garment Dye,PO-66180,Olive,176,173,3,2,,,
2026-10-05,23:00-00:00,CWL-1,PP Rubbing,ST-3350 Twill Garment Dye,PO-66180,Olive,228,210,5,2,,,
2026-10-05,00:00-01:00,CWL-1,PP Rubbing,ST-4412 Dark Stone,PO-77102,Black Stone,194,181,4,3,,,
2026-10-05,01:00-02:00,CWL-1,PP Rubbing,ST-4412 Dark Stone,PO-77102,Black Stone,182,180,4,3,,,
2026-10-05,02:00-03:00,CWL-1,PP Rubbing,ST-4412 Dark Stone,PO-77102,Black Stone,189,183,6,3,,,
2026-10-05,03:00-04:00,CWL-1,PP Rubbing,ST-4412 Dark Stone,PO-77102,Black Stone,204,205,2,2,,,
2026-10-05,04:00-05:00,CWL-1,PP Rubbing,ST-4412 Dark Stone,PO-77102,Black Stone,214,199,5,2,,,
2026-10-05,05:00-06:00,CWL-1,PP Rubbing,ST-4412 Dark Stone,PO-77102,Black Stone,210,208,4,1,,,
2026-10-05,06:00-07:00,CWL-1,PP Rubbing,ST-4412 Dark Stone,PO-77102,Black Stone,205,207,2,3,,,
2026-10-05,07:00-08:00,CWL-1,PP Rubbing,ST-4412 Dark Stone,PO-77102,Black Stone,30,28,1,1,30,Machine breakdown,
2026-10-05,08:00-09:00,CWL-1,Machine 3D,ST-5133 Snow Acid,PO-88056,Snow Grey,246,243,2,5,,,
2026-10-05,09:00-10:00,CWL-1,Machine 3D,ST-5133 Snow Acid,PO-88056,Snow Grey,310,311,9,6,,,
2026-10-05,10:00-11:00,CWL-1,Machine 3D,ST-5133 Snow Acid,PO-88056,Snow Grey,322,303,3,4,,,
2026-10-05,11:00-12:00,CWL-1,Machine 3D,ST-5133 Snow Acid,PO-88056,Snow Grey,336,321,7,3,,,
2026-10-05,12:00-13:00,CWL-1,Machine 3D,ST-5133 Snow Acid,PO-88056,Snow Grey,248,249,7,4,,,
2026-10-05,13:00-14:00,CWL-1,Machine 3D,ST-5133 Snow Acid,PO-88056,Snow Grey,295,293,9,2,,,
2026-10-05,14:00-15:00,CWL-1,Machine 3D,ST-5133 Snow Acid,PO-88056,Snow Grey,273,264,4,2,,,
2026-10-05,15:00-16:00,CWL-1,Machine 3D,ST-5133 Snow Acid,PO-88056,Snow Grey,265,269,6,3,,,
2026-10-05,16:00-17:00,CWL-1,Machine 3D,ST-4412 Dark Stone,PO-77103,Dark Blue,79,80,1,1,15,Quality hold,
2026-10-05,17:00-18:00,CWL-1,Machine 3D,ST-4412 Dark Stone,PO-77103,Dark Blue,300,285,8,4,,,
2026-10-05,18:00-19:00,CWL-1,Machine 3D,ST-4412 Dark Stone,PO-77103,Dark Blue,327,298,8,4,,,
2026-10-05,19:00-20:00,CWL-1,Machine 3D,ST-4412 Dark Stone,PO-77103,Dark Blue,290,273,6,3,,,
2026-10-05,20:00-21:00,CWL-1,Machine 3D,ST-4412 Dark Stone,PO-77103,Dark Blue,335,310,3,3,,,
2026-10-05,21:00-22:00,CWL-1,Machine 3D,ST-4412 Dark Stone,PO-77103,Dark Blue,247,249,7,4,,,
2026-10-05,22:00-23:00,CWL-1,Machine 3D,ST-4412 Dark Stone,PO-77103,Dark Blue,321,298,7,3,,,
2026-10-05,23:00-00:00,CWL-1,Machine 3D,ST-4412 Dark Stone,PO-77103,Dark Blue,345,314,6,4,,,
2026-10-05,00:00-01:00,CWL-1,Machine 3D,ST-4475 Vintage Wash,PO-77306,Vintage Grey,298,274,8,5,,,
2026-10-05,01:00-02:00,CWL-1,Machine 3D,ST-4475 Vintage Wash,PO-77306,Vintage Grey,318,323,3,2,,,
2026-10-05,02:00-03:00,CWL-1,Machine 3D,ST-4475 Vintage Wash,PO-77306,Vintage Grey,95,87,2,2,45,Waiting for material,
2026-10-05,03:00-04:00,CWL-1,Machine 3D,ST-4475 Vintage Wash,PO-77306,Vintage Grey,312,296,8,2,,,
2026-10-05,04:00-05:00,CWL-1,Machine 3D,ST-4475 Vintage Wash,PO-77306,Vintage Grey,260,253,3,3,,,
2026-10-05,05:00-06:00,CWL-1,Machine 3D,ST-4475 Vintage Wash,PO-77306,Vintage Grey,252,252,6,5,,,
2026-10-05,06:00-07:00,CWL-1,Machine 3D,ST-4475 Vintage Wash,PO-77306,Vintage Grey,327,311,7,3,,,
2026-10-05,07:00-08:00,CWL-1,Machine 3D,ST-4475 Vintage Wash,PO-77306,Vintage Grey,254,251,3,4,,,
2026-10-05,08:00-09:00,CWL-1,Iron 3D,ST-2285 Dye Black,PO-99040,Jet Black,242,238,6,2,,,
2026-10-05,09:00-10:00,CWL-1,Iron 3D,ST-2285 Dye Black,PO-99040,Jet Black,243,233,3,5,,,
2026-10-05,10:00-11:00,CWL-1,Iron 3D,ST-2285 Dye Black,PO-99040,Jet Black,275,278,4,3,,,
2026-10-05,11:00-12:00,CWL-1,Iron 3D,ST-2285 Dye Black,PO-99040,Jet Black,271,275,6,2,,,
2026-10-05,12:00-13:00,CWL-1,Iron 3D,ST-2285 Dye Black,PO-99040,Jet Black,298,276,7,5,,,
2026-10-05,13:00-14:00,CWL-1,Iron 3D,ST-2285 Dye Black,PO-99040,Jet Black,37,34,0,0,15,Other,
2026-10-05,14:00-15:00,CWL-1,Iron 3D,ST-2285 Dye Black,PO-99040,Jet Black,282,259,6,3,,,
2026-10-05,15:00-16:00,CWL-1,Iron 3D,ST-2285 Dye Black,PO-99040,Jet Black,283,278,8,3,,,
2026-10-05,16:00-17:00,CWL-1,Iron 3D,ST-5133 Snow Acid,PO-88056,Snow Grey,208,206,4,4,,,
2026-10-05,17:00-18:00,CWL-1,Iron 3D,ST-5133 Snow Acid,PO-88056,Snow Grey,4,4,0,0,15,Machine breakdown,
2026-10-05,18:00-19:00,CWL-1,Iron 3D,ST-5133 Snow Acid,PO-88056,Snow Grey,297,279,7,2,,,
2026-10-05,19:00-20:00,CWL-1,Iron 3D,ST-5133 Snow Acid,PO-88056,Snow Grey,272,250,4,3,,,
2026-10-05,20:00-21:00,CWL-1,Iron 3D,ST-5133 Snow Acid,PO-88056,Snow Grey,284,259,5,5,,,
2026-10-05,21:00-22:00,CWL-1,Iron 3D,ST-5133 Snow Acid,PO-88056,Snow Grey,230,230,5,1,,,
2026-10-05,22:00-23:00,CWL-1,Iron 3D,ST-5133 Snow Acid,PO-88056,Snow Grey,288,287,7,2,,,
2026-10-05,23:00-00:00,CWL-1,Iron 3D,ST-5133 Snow Acid,PO-88056,Snow Grey,308,292,3,5,,,
2026-10-05,00:00-01:00,CWL-1,Iron 3D,ST-4430 Mid Blue,PO-77210,Mid Blue,208,209,2,2,,,
2026-10-05,01:00-02:00,CWL-1,Iron 3D,ST-4430 Mid Blue,PO-77210,Mid Blue,254,251,5,2,,,
2026-10-05,02:00-03:00,CWL-1,Iron 3D,ST-4430 Mid Blue,PO-77210,Mid Blue,300,286,5,3,,,
2026-10-05,03:00-04:00,CWL-1,Iron 3D,ST-4430 Mid Blue,PO-77210,Mid Blue,275,280,8,5,,,
2026-10-05,04:00-05:00,CWL-1,Iron 3D,ST-4430 Mid Blue,PO-77210,Mid Blue,108,107,2,1,30,Changeover / setup,
2026-10-05,05:00-06:00,CWL-1,Iron 3D,ST-4430 Mid Blue,PO-77210,Mid Blue,260,254,3,4,,,
2026-10-05,06:00-07:00,CWL-1,Iron 3D,ST-4430 Mid Blue,PO-77210,Mid Blue,241,235,7,2,,,
2026-10-05,07:00-08:00,CWL-1,Iron 3D,ST-4430 Mid Blue,PO-77210,Mid Blue,267,257,5,3,,,
2026-10-06,08:00-09:00,CWL-1,Laser Whisker,ST-2285 Dye Black,PO-99040,Jet Black,27,27,0,0,,,
2026-10-06,09:00-10:00,CWL-1,Laser Whisker,ST-2285 Dye Black,PO-99040,Jet Black,32,30,0,0,,,
2026-10-06,10:00-11:00,CWL-1,Laser Whisker,ST-2285 Dye Black,PO-99040,Jet Black,31,31,1,0,,,
2026-10-06,11:00-12:00,CWL-1,Laser Whisker,ST-2285 Dye Black,PO-99040,Jet Black,34,32,1,1,,,
2026-10-06,12:00-13:00,CWL-1,Laser Whisker,ST-2285 Dye Black,PO-99040,Jet Black,33,33,1,1,,,
2026-10-06,13:00-14:00,CWL-1,Laser Whisker,ST-2285 Dye Black,PO-99040,Jet Black,32,30,0,1,,,
2026-10-06,14:00-15:00,CWL-1,Laser Whisker,ST-2285 Dye Black,PO-99040,Jet Black,32,31,1,1,,,
2026-10-06,15:00-16:00,CWL-1,Laser Whisker,ST-2285 Dye Black,PO-99040,Jet Black,37,34,1,0,,,
2026-10-06,16:00-17:00,CWL-1,Laser Whisker,ST-4412 Dark Stone,PO-77103,Dark Blue,27,27,1,0,,,
2026-10-06,17:00-18:00,CWL-1,Laser Whisker,ST-4412 Dark Stone,PO-77103,Dark Blue,28,28,0,0,,,
2026-10-06,18:00-19:00,CWL-1,Laser Whisker,ST-4412 Dark Stone,PO-77103,Dark Blue,28,28,1,0,,,
2026-10-06,19:00-20:00,CWL-1,Laser Whisker,ST-4412 Dark Stone,PO-77103,Dark Blue,35,34,1,1,,,
2026-10-06,20:00-21:00,CWL-1,Laser Whisker,ST-4412 Dark Stone,PO-77103,Dark Blue,30,28,0,1,,,
2026-10-06,21:00-22:00,CWL-1,Laser Whisker,ST-4412 Dark Stone,PO-77103,Dark Blue,30,29,1,1,,,
2026-10-06,22:00-23:00,CWL-1,Laser Whisker,ST-4412 Dark Stone,PO-77103,Dark Blue,14,13,1,0,45,Waiting for input,
2026-10-06,23:00-00:00,CWL-1,Laser Whisker,ST-4412 Dark Stone,PO-77103,Dark Blue,31,31,1,1,,,
2026-10-06,00:00-01:00,CWL-1,Laser Whisker,ST-3350 Twill Garment Dye,PO-66180,Olive,26,24,0,0,,,
2026-10-06,01:00-02:00,CWL-1,Laser Whisker,ST-3350 Twill Garment Dye,PO-66180,Olive,30,29,1,0,,,
2026-10-06,02:00-03:00,CWL-1,Laser Whisker,ST-3350 Twill Garment Dye,PO-66180,Olive,8,7,0,0,30,Changeover / setup,
2026-10-06,03:00-04:00,CWL-1,Laser Whisker,ST-3350 Twill Garment Dye,PO-66180,Olive,29,29,0,0,,,
2026-10-06,04:00-05:00,CWL-1,Laser Whisker,ST-3350 Twill Garment Dye,PO-66180,Olive,29,27,1,0,,,
2026-10-06,05:00-06:00,CWL-1,Laser Whisker,ST-3350 Twill Garment Dye,PO-66180,Olive,27,27,1,0,,,
2026-10-06,06:00-07:00,CWL-1,Laser Whisker,ST-3350 Twill Garment Dye,PO-66180,Olive,35,33,0,0,,,
2026-10-06,07:00-08:00,CWL-1,Laser Whisker,ST-3350 Twill Garment Dye,PO-66180,Olive,29,29,1,0,,,
2026-10-06,08:00-09:00,CWL-1,Laser Mark Destroy,ST-5133 Snow Acid,PO-88056,Snow Grey,74,74,2,1,,,
2026-10-06,09:00-10:00,CWL-1,Laser Mark Destroy,ST-5133 Snow Acid,PO-88056,Snow Grey,97,93,1,1,,,
2026-10-06,10:00-11:00,CWL-1,Laser Mark Destroy,ST-5133 Snow Acid,PO-88056,Snow Grey,84,80,0,0,,,
2026-10-06,11:00-12:00,CWL-1,Laser Mark Destroy,ST-5133 Snow Acid,PO-88056,Snow Grey,111,104,3,0,,,
2026-10-06,12:00-13:00,CWL-1,Laser Mark Destroy,ST-5133 Snow Acid,PO-88056,Snow Grey,109,102,2,1,,,
2026-10-06,13:00-14:00,CWL-1,Laser Mark Destroy,ST-5133 Snow Acid,PO-88056,Snow Grey,95,93,2,2,,,
2026-10-06,14:00-15:00,CWL-1,Laser Mark Destroy,ST-5133 Snow Acid,PO-88056,Snow Grey,96,92,2,1,,,
2026-10-06,15:00-16:00,CWL-1,Laser Mark Destroy,ST-5133 Snow Acid,PO-88056,Snow Grey,103,97,1,1,,,
2026-10-06,16:00-17:00,CWL-1,Laser Mark Destroy,ST-4412 Dark Stone,PO-77103,Dark Blue,86,85,1,1,,,
2026-10-06,17:00-18:00,CWL-1,Laser Mark Destroy,ST-4412 Dark Stone,PO-77103,Dark Blue,95,96,1,2,,,
2026-10-06,18:00-19:00,CWL-1,Laser Mark Destroy,ST-4412 Dark Stone,PO-77103,Dark Blue,85,83,1,1,,,
2026-10-06,19:00-20:00,CWL-1,Laser Mark Destroy,ST-4412 Dark Stone,PO-77103,Dark Blue,103,97,1,1,,,
2026-10-06,20:00-21:00,CWL-1,Laser Mark Destroy,ST-4412 Dark Stone,PO-77103,Dark Blue,102,102,1,2,,,
2026-10-06,21:00-22:00,CWL-1,Laser Mark Destroy,ST-4412 Dark Stone,PO-77103,Dark Blue,98,96,3,1,,,
2026-10-06,22:00-23:00,CWL-1,Laser Mark Destroy,ST-4412 Dark Stone,PO-77103,Dark Blue,104,100,2,1,,,
2026-10-06,23:00-00:00,CWL-1,Laser Mark Destroy,ST-4412 Dark Stone,PO-77103,Dark Blue,100,97,3,2,,,
2026-10-06,00:00-01:00,CWL-1,Laser Mark Destroy,ST-3350 Twill Garment Dye,PO-66180,Olive,79,78,2,2,,,
2026-10-06,01:00-02:00,CWL-1,Laser Mark Destroy,ST-3350 Twill Garment Dye,PO-66180,Olive,104,101,2,1,,,
2026-10-06,02:00-03:00,CWL-1,Laser Mark Destroy,ST-3350 Twill Garment Dye,PO-66180,Olive,84,81,2,0,,,
2026-10-06,03:00-04:00,CWL-1,Laser Mark Destroy,ST-3350 Twill Garment Dye,PO-66180,Olive,101,100,2,2,,,
2026-10-06,04:00-05:00,CWL-1,Laser Mark Destroy,ST-3350 Twill Garment Dye,PO-66180,Olive,85,82,2,1,,,
2026-10-06,05:00-06:00,CWL-1,Laser Mark Destroy,ST-3350 Twill Garment Dye,PO-66180,Olive,112,105,3,2,,,
2026-10-06,06:00-07:00,CWL-1,Laser Mark Destroy,ST-3350 Twill Garment Dye,PO-66180,Olive,83,83,2,1,,,
2026-10-06,07:00-08:00,CWL-1,Laser Mark Destroy,ST-3350 Twill Garment Dye,PO-66180,Olive,99,90,2,1,,,
2026-10-06,08:00-09:00,CWL-1,Pattern Whisker,ST-5133 Snow Acid,PO-88056,Snow Grey,1100,1073,14,16,,,
2026-10-06,09:00-10:00,CWL-1,Pattern Whisker,ST-5133 Snow Acid,PO-88056,Snow Grey,1344,1342,23,20,,,
2026-10-06,10:00-11:00,CWL-1,Pattern Whisker,ST-5133 Snow Acid,PO-88056,Snow Grey,1294,1231,24,19,,,
2026-10-06,11:00-12:00,CWL-1,Pattern Whisker,ST-5133 Snow Acid,PO-88056,Snow Grey,1400,1352,13,13,,,
2026-10-06,12:00-13:00,CWL-1,Pattern Whisker,ST-5133 Snow Acid,PO-88056,Snow Grey,1426,1370,20,7,,,
2026-10-06,13:00-14:00,CWL-1,Pattern Whisker,ST-5133 Snow Acid,PO-88056,Snow Grey,1070,1091,32,11,,,
2026-10-06,14:00-15:00,CWL-1,Pattern Whisker,ST-5133 Snow Acid,PO-88056,Snow Grey,1203,1205,16,6,,,
2026-10-06,15:00-16:00,CWL-1,Pattern Whisker,ST-5133 Snow Acid,PO-88056,Snow Grey,1340,1237,21,9,,,
2026-10-06,16:00-17:00,CWL-1,Pattern Whisker,ST-4475 Vintage Wash,PO-77306,Vintage Grey,967,969,14,9,,,
2026-10-06,17:00-18:00,CWL-1,Pattern Whisker,ST-4475 Vintage Wash,PO-77306,Vintage Grey,1376,1268,36,15,,,
2026-10-06,18:00-19:00,CWL-1,Pattern Whisker,ST-4475 Vintage Wash,PO-77306,Vintage Grey,1292,1308,24,23,,,
2026-10-06,19:00-20:00,CWL-1,Pattern Whisker,ST-4475 Vintage Wash,PO-77306,Vintage Grey,1248,1159,26,17,,,
2026-10-06,20:00-21:00,CWL-1,Pattern Whisker,ST-4475 Vintage Wash,PO-77306,Vintage Grey,1384,1298,37,26,,,
2026-10-06,21:00-22:00,CWL-1,Pattern Whisker,ST-4475 Vintage Wash,PO-77306,Vintage Grey,1331,1255,17,10,,,
2026-10-06,22:00-23:00,CWL-1,Pattern Whisker,ST-4475 Vintage Wash,PO-77306,Vintage Grey,1312,1233,33,22,,,
2026-10-06,23:00-00:00,CWL-1,Pattern Whisker,ST-4475 Vintage Wash,PO-77306,Vintage Grey,1394,1310,22,15,,,
2026-10-06,00:00-01:00,CWL-1,Pattern Whisker,ST-5133 Snow Acid,PO-88056,Snow Grey,1160,1120,27,7,,,
2026-10-06,01:00-02:00,CWL-1,Pattern Whisker,ST-5133 Snow Acid,PO-88056,Snow Grey,1347,1230,27,19,,,
2026-10-06,02:00-03:00,CWL-1,Pattern Whisker,ST-5133 Snow Acid,PO-88056,Snow Grey,1349,1366,29,25,,,
2026-10-06,03:00-04:00,CWL-1,Pattern Whisker,ST-5133 Snow Acid,PO-88056,Snow Grey,1321,1319,22,22,,,
2026-10-06,04:00-05:00,CWL-1,Pattern Whisker,ST-5133 Snow Acid,PO-88056,Snow Grey,1417,1368,21,17,,,
2026-10-06,05:00-06:00,CWL-1,Pattern Whisker,ST-5133 Snow Acid,PO-88056,Snow Grey,1135,1138,22,8,,,
2026-10-06,06:00-07:00,CWL-1,Pattern Whisker,ST-5133 Snow Acid,PO-88056,Snow Grey,1181,1152,28,15,,,
2026-10-06,07:00-08:00,CWL-1,Pattern Whisker,ST-5133 Snow Acid,PO-88056,Snow Grey,1177,1099,22,8,,,
2026-10-06,08:00-09:00,CWL-1,Hand Sand (Front & Back),ST-2285 Dye Black,PO-99040,Jet Black,531,511,10,3,,,
2026-10-06,09:00-10:00,CWL-1,Hand Sand (Front & Back),ST-2285 Dye Black,PO-99040,Jet Black,695,662,7,5,,,
2026-10-06,10:00-11:00,CWL-1,Hand Sand (Front & Back),ST-2285 Dye Black,PO-99040,Jet Black,283,269,3,1,30,Changeover / setup,
2026-10-06,11:00-12:00,CWL-1,Hand Sand (Front & Back),ST-2285 Dye Black,PO-99040,Jet Black,572,566,8,3,,,
2026-10-06,12:00-13:00,CWL-1,Hand Sand (Front & Back),ST-2285 Dye Black,PO-99040,Jet Black,593,595,16,11,,,
2026-10-06,13:00-14:00,CWL-1,Hand Sand (Front & Back),ST-2285 Dye Black,PO-99040,Jet Black,555,516,6,4,,,
2026-10-06,14:00-15:00,CWL-1,Hand Sand (Front & Back),ST-2285 Dye Black,PO-99040,Jet Black,563,524,15,7,,,
2026-10-06,15:00-16:00,CWL-1,Hand Sand (Front & Back),ST-2285 Dye Black,PO-99040,Jet Black,664,617,14,4,,,
2026-10-06,16:00-17:00,CWL-1,Hand Sand (Front & Back),ST-5133 Snow Acid,PO-88056,Snow Grey,491,498,12,7,,,
2026-10-06,17:00-18:00,CWL-1,Hand Sand (Front & Back),ST-5133 Snow Acid,PO-88056,Snow Grey,586,561,15,4,,,
2026-10-06,18:00-19:00,CWL-1,Hand Sand (Front & Back),ST-5133 Snow Acid,PO-88056,Snow Grey,719,663,16,10,,,
2026-10-06,19:00-20:00,CWL-1,Hand Sand (Front & Back),ST-5133 Snow Acid,PO-88056,Snow Grey,692,648,17,12,,,
2026-10-06,20:00-21:00,CWL-1,Hand Sand (Front & Back),ST-5133 Snow Acid,PO-88056,Snow Grey,578,588,12,7,,,
2026-10-06,21:00-22:00,CWL-1,Hand Sand (Front & Back),ST-5133 Snow Acid,PO-88056,Snow Grey,628,580,10,11,,,
2026-10-06,22:00-23:00,CWL-1,Hand Sand (Front & Back),ST-5133 Snow Acid,PO-88056,Snow Grey,666,636,7,8,,,
2026-10-06,23:00-00:00,CWL-1,Hand Sand (Front & Back),ST-5133 Snow Acid,PO-88056,Snow Grey,513,511,9,5,,,
2026-10-06,00:00-01:00,CWL-1,Hand Sand (Front & Back),ST-3350 Twill Garment Dye,PO-66180,Olive,556,540,13,3,,,
2026-10-06,01:00-02:00,CWL-1,Hand Sand (Front & Back),ST-3350 Twill Garment Dye,PO-66180,Olive,670,667,13,11,,,
2026-10-06,02:00-03:00,CWL-1,Hand Sand (Front & Back),ST-3350 Twill Garment Dye,PO-66180,Olive,630,633,11,6,,,
2026-10-06,03:00-04:00,CWL-1,Hand Sand (Front & Back),ST-3350 Twill Garment Dye,PO-66180,Olive,600,564,13,7,,,
2026-10-06,04:00-05:00,CWL-1,Hand Sand (Front & Back),ST-3350 Twill Garment Dye,PO-66180,Olive,648,599,7,8,,,
2026-10-06,05:00-06:00,CWL-1,Hand Sand (Front & Back),ST-3350 Twill Garment Dye,PO-66180,Olive,685,631,16,8,,,
2026-10-06,06:00-07:00,CWL-1,Hand Sand (Front & Back),ST-3350 Twill Garment Dye,PO-66180,Olive,682,630,7,13,,,
2026-10-06,07:00-08:00,CWL-1,Hand Sand (Front & Back),ST-3350 Twill Garment Dye,PO-66180,Olive,608,560,5,9,,,
2026-10-06,08:00-09:00,CWL-1,Allover Hand Sand,ST-5133 Snow Acid,PO-88056,Snow Grey,87,82,1,2,,,
2026-10-06,09:00-10:00,CWL-1,Allover Hand Sand,ST-5133 Snow Acid,PO-88056,Snow Grey,87,85,3,1,,,
2026-10-06,10:00-11:00,CWL-1,Allover Hand Sand,ST-5133 Snow Acid,PO-88056,Snow Grey,91,90,1,1,,,
2026-10-06,11:00-12:00,CWL-1,Allover Hand Sand,ST-5133 Snow Acid,PO-88056,Snow Grey,106,99,2,1,,,
2026-10-06,12:00-13:00,CWL-1,Allover Hand Sand,ST-5133 Snow Acid,PO-88056,Snow Grey,85,84,1,1,,,
2026-10-06,13:00-14:00,CWL-1,Allover Hand Sand,ST-5133 Snow Acid,PO-88056,Snow Grey,86,85,2,0,,,
2026-10-06,14:00-15:00,CWL-1,Allover Hand Sand,ST-5133 Snow Acid,PO-88056,Snow Grey,94,94,2,1,,,
2026-10-06,15:00-16:00,CWL-1,Allover Hand Sand,ST-5133 Snow Acid,PO-88056,Snow Grey,85,85,1,1,,,
2026-10-06,16:00-17:00,CWL-1,Allover Hand Sand,ST-4430 Mid Blue,PO-77211,Light Blue,82,76,1,1,,,
2026-10-06,17:00-18:00,CWL-1,Allover Hand Sand,ST-4430 Mid Blue,PO-77211,Light Blue,86,84,2,1,,,
2026-10-06,18:00-19:00,CWL-1,Allover Hand Sand,ST-4430 Mid Blue,PO-77211,Light Blue,98,95,2,2,,,
2026-10-06,19:00-20:00,CWL-1,Allover Hand Sand,ST-4430 Mid Blue,PO-77211,Light Blue,88,89,1,1,,,
2026-10-06,20:00-21:00,CWL-1,Allover Hand Sand,ST-4430 Mid Blue,PO-77211,Light Blue,113,104,2,2,,,
2026-10-06,21:00-22:00,CWL-1,Allover Hand Sand,ST-4430 Mid Blue,PO-77211,Light Blue,83,81,1,2,,,
2026-10-06,22:00-23:00,CWL-1,Allover Hand Sand,ST-4430 Mid Blue,PO-77211,Light Blue,82,83,2,1,,,
2026-10-06,23:00-00:00,CWL-1,Allover Hand Sand,ST-4430 Mid Blue,PO-77211,Light Blue,99,96,1,1,,,
2026-10-06,00:00-01:00,CWL-1,Allover Hand Sand,ST-4412 Dark Stone,PO-77102,Black Stone,68,69,2,1,,,
2026-10-06,01:00-02:00,CWL-1,Allover Hand Sand,ST-4412 Dark Stone,PO-77102,Black Stone,93,87,1,1,,,
2026-10-06,02:00-03:00,CWL-1,Allover Hand Sand,ST-4412 Dark Stone,PO-77102,Black Stone,84,84,2,2,,,
2026-10-06,03:00-04:00,CWL-1,Allover Hand Sand,ST-4412 Dark Stone,PO-77102,Black Stone,103,104,2,1,,,
2026-10-06,04:00-05:00,CWL-1,Allover Hand Sand,ST-4412 Dark Stone,PO-77102,Black Stone,106,104,1,1,,,
2026-10-06,05:00-06:00,CWL-1,Allover Hand Sand,ST-4412 Dark Stone,PO-77102,Black Stone,99,93,1,1,,,
2026-10-06,06:00-07:00,CWL-1,Allover Hand Sand,ST-4412 Dark Stone,PO-77102,Black Stone,93,85,2,0,,,
2026-10-06,07:00-08:00,CWL-1,Allover Hand Sand,ST-4412 Dark Stone,PO-77102,Black Stone,115,105,2,2,,,
2026-10-06,08:00-09:00,CWL-1,Tagging,ST-4430 Mid Blue,PO-77211,Light Blue,604,612,14,10,,,
2026-10-06,09:00-10:00,CWL-1,Tagging,ST-4430 Mid Blue,PO-77211,Light Blue,679,687,20,4,,,
2026-10-06,10:00-11:00,CWL-1,Tagging,ST-4430 Mid Blue,PO-77211,Light Blue,62,59,1,1,45,Machine breakdown,
2026-10-06,11:00-12:00,CWL-1,Tagging,ST-4430 Mid Blue,PO-77211,Light Blue,708,685,17,7,,,
2026-10-06,12:00-13:00,CWL-1,Tagging,ST-4430 Mid Blue,PO-77211,Light Blue,720,657,12,12,,,
2026-10-06,13:00-14:00,CWL-1,Tagging,ST-4430 Mid Blue,PO-77211,Light Blue,883,805,20,14,,,
2026-10-06,14:00-15:00,CWL-1,Tagging,ST-4430 Mid Blue,PO-77211,Light Blue,740,727,12,11,,,
2026-10-06,15:00-16:00,CWL-1,Tagging,ST-4430 Mid Blue,PO-77211,Light Blue,714,726,7,6,,,
2026-10-06,16:00-17:00,CWL-1,Tagging,ST-5133 Snow Acid,PO-88056,Snow Grey,767,724,11,14,,,
2026-10-06,17:00-18:00,CWL-1,Tagging,ST-5133 Snow Acid,PO-88056,Snow Grey,707,655,6,11,,,
2026-10-06,18:00-19:00,CWL-1,Tagging,ST-5133 Snow Acid,PO-88056,Snow Grey,696,667,19,10,,,
2026-10-06,19:00-20:00,CWL-1,Tagging,ST-5133 Snow Acid,PO-88056,Snow Grey,877,807,15,9,,,
2026-10-06,20:00-21:00,CWL-1,Tagging,ST-5133 Snow Acid,PO-88056,Snow Grey,860,824,16,16,,,
2026-10-06,21:00-22:00,CWL-1,Tagging,ST-5133 Snow Acid,PO-88056,Snow Grey,823,812,17,8,,,
2026-10-06,22:00-23:00,CWL-1,Tagging,ST-5133 Snow Acid,PO-88056,Snow Grey,816,757,11,12,,,
2026-10-06,23:00-00:00,CWL-1,Tagging,ST-5133 Snow Acid,PO-88056,Snow Grey,841,792,16,5,,,
2026-10-06,00:00-01:00,CWL-1,Tagging,ST-4412 Dark Stone,PO-77103,Dark Blue,704,682,12,7,,,
2026-10-06,01:00-02:00,CWL-1,Tagging,ST-4412 Dark Stone,PO-77103,Dark Blue,801,807,24,6,,,
2026-10-06,02:00-03:00,CWL-1,Tagging,ST-4412 Dark Stone,PO-77103,Dark Blue,697,710,13,9,,,
2026-10-06,03:00-04:00,CWL-1,Tagging,ST-4412 Dark Stone,PO-77103,Dark Blue,722,658,6,4,,,
2026-10-06,04:00-05:00,CWL-1,Tagging,ST-4412 Dark Stone,PO-77103,Dark Blue,768,773,22,8,,,
2026-10-06,05:00-06:00,CWL-1,Tagging,ST-4412 Dark Stone,PO-77103,Dark Blue,812,801,12,12,,,
2026-10-06,06:00-07:00,CWL-1,Tagging,ST-4412 Dark Stone,PO-77103,Dark Blue,713,662,18,3,,,
2026-10-06,07:00-08:00,CWL-1,Tagging,ST-4412 Dark Stone,PO-77103,Dark Blue,838,818,8,15,,,
2026-10-06,08:00-09:00,CWL-1,Grinding,ST-5133 Snow Acid,PO-88056,Snow Grey,204,189,1,1,,,
2026-10-06,09:00-10:00,CWL-1,Grinding,ST-5133 Snow Acid,PO-88056,Snow Grey,264,253,2,4,,,
2026-10-06,10:00-11:00,CWL-1,Grinding,ST-5133 Snow Acid,PO-88056,Snow Grey,239,231,4,4,,,
2026-10-06,11:00-12:00,CWL-1,Grinding,ST-5133 Snow Acid,PO-88056,Snow Grey,200,199,3,3,,,
2026-10-06,12:00-13:00,CWL-1,Grinding,ST-5133 Snow Acid,PO-88056,Snow Grey,224,226,6,3,,,
2026-10-06,13:00-14:00,CWL-1,Grinding,ST-5133 Snow Acid,PO-88056,Snow Grey,251,234,3,5,,,
2026-10-06,14:00-15:00,CWL-1,Grinding,ST-5133 Snow Acid,PO-88056,Snow Grey,268,255,3,5,,,
2026-10-06,15:00-16:00,CWL-1,Grinding,ST-5133 Snow Acid,PO-88056,Snow Grey,212,213,6,2,,,
2026-10-06,16:00-17:00,CWL-1,Grinding,ST-4430 Mid Blue,PO-77210,Mid Blue,181,178,4,2,,,
2026-10-06,17:00-18:00,CWL-1,Grinding,ST-4430 Mid Blue,PO-77210,Mid Blue,220,204,5,1,,,
2026-10-06,18:00-19:00,CWL-1,Grinding,ST-4430 Mid Blue,PO-77210,Mid Blue,230,214,2,1,,,
2026-10-06,19:00-20:00,CWL-1,Grinding,ST-4430 Mid Blue,PO-77210,Mid Blue,246,228,3,4,,,
2026-10-06,20:00-21:00,CWL-1,Grinding,ST-4430 Mid Blue,PO-77210,Mid Blue,29,29,1,0,15,Operator shortage,
2026-10-06,21:00-22:00,CWL-1,Grinding,ST-4430 Mid Blue,PO-77210,Mid Blue,241,245,6,5,,,
2026-10-06,22:00-23:00,CWL-1,Grinding,ST-4430 Mid Blue,PO-77210,Mid Blue,260,240,8,3,,,
2026-10-06,23:00-00:00,CWL-1,Grinding,ST-4430 Mid Blue,PO-77210,Mid Blue,205,202,2,3,,,
2026-10-06,00:00-01:00,CWL-1,Grinding,ST-4475 Vintage Wash,PO-77306,Vintage Grey,177,168,2,2,,,
2026-10-06,01:00-02:00,CWL-1,Grinding,ST-4475 Vintage Wash,PO-77306,Vintage Grey,237,236,7,4,,,
2026-10-06,02:00-03:00,CWL-1,Grinding,ST-4475 Vintage Wash,PO-77306,Vintage Grey,239,230,5,2,,,
2026-10-06,03:00-04:00,CWL-1,Grinding,ST-4475 Vintage Wash,PO-77306,Vintage Grey,226,215,4,3,,,
2026-10-06,04:00-05:00,CWL-1,Grinding,ST-4475 Vintage Wash,PO-77306,Vintage Grey,230,227,3,2,,,
2026-10-06,05:00-06:00,CWL-1,Grinding,ST-4475 Vintage Wash,PO-77306,Vintage Grey,226,211,3,2,,,
2026-10-06,06:00-07:00,CWL-1,Grinding,ST-4475 Vintage Wash,PO-77306,Vintage Grey,271,248,7,4,,,
2026-10-06,07:00-08:00,CWL-1,Grinding,ST-4475 Vintage Wash,PO-77306,Vintage Grey,204,198,2,3,,,
2026-10-06,08:00-09:00,CWL-1,Destruction,ST-4412 Dark Stone,PO-77103,Dark Blue,162,160,2,1,,,
2026-10-06,09:00-10:00,CWL-1,Destruction,ST-4412 Dark Stone,PO-77103,Dark Blue,197,182,4,3,,,
2026-10-06,10:00-11:00,CWL-1,Destruction,ST-4412 Dark Stone,PO-77103,Dark Blue,172,163,4,3,,,
2026-10-06,11:00-12:00,CWL-1,Destruction,ST-4412 Dark Stone,PO-77103,Dark Blue,212,196,2,4,,,
2026-10-06,12:00-13:00,CWL-1,Destruction,ST-4412 Dark Stone,PO-77103,Dark Blue,190,190,6,1,,,
2026-10-06,13:00-14:00,CWL-1,Destruction,ST-4412 Dark Stone,PO-77103,Dark Blue,158,154,2,1,,,
2026-10-06,14:00-15:00,CWL-1,Destruction,ST-4412 Dark Stone,PO-77103,Dark Blue,197,198,3,1,,,
2026-10-06,15:00-16:00,CWL-1,Destruction,ST-4412 Dark Stone,PO-77103,Dark Blue,205,187,4,1,,,
2026-10-06,16:00-17:00,CWL-1,Destruction,ST-4475 Vintage Wash,PO-77306,Vintage Grey,176,162,2,2,,,
2026-10-06,17:00-18:00,CWL-1,Destruction,ST-4475 Vintage Wash,PO-77306,Vintage Grey,190,186,5,3,,,
2026-10-06,18:00-19:00,CWL-1,Destruction,ST-4475 Vintage Wash,PO-77306,Vintage Grey,195,182,2,2,,,
2026-10-06,19:00-20:00,CWL-1,Destruction,ST-4475 Vintage Wash,PO-77306,Vintage Grey,166,155,2,2,,,
2026-10-06,20:00-21:00,CWL-1,Destruction,ST-4475 Vintage Wash,PO-77306,Vintage Grey,178,167,5,4,,,
2026-10-06,21:00-22:00,CWL-1,Destruction,ST-4475 Vintage Wash,PO-77306,Vintage Grey,166,159,4,2,,,
2026-10-06,22:00-23:00,CWL-1,Destruction,ST-4475 Vintage Wash,PO-77306,Vintage Grey,186,176,5,1,,,
2026-10-06,23:00-00:00,CWL-1,Destruction,ST-4475 Vintage Wash,PO-77306,Vintage Grey,193,177,5,2,,,
2026-10-06,00:00-01:00,CWL-1,Destruction,ST-3350 Twill Garment Dye,PO-66180,Olive,137,132,1,1,,,
2026-10-06,01:00-02:00,CWL-1,Destruction,ST-3350 Twill Garment Dye,PO-66180,Olive,162,156,5,2,,,
2026-10-06,02:00-03:00,CWL-1,Destruction,ST-3350 Twill Garment Dye,PO-66180,Olive,188,180,2,3,,,
2026-10-06,03:00-04:00,CWL-1,Destruction,ST-3350 Twill Garment Dye,PO-66180,Olive,177,168,2,2,,,
2026-10-06,04:00-05:00,CWL-1,Destruction,ST-3350 Twill Garment Dye,PO-66180,Olive,184,179,3,3,,,
2026-10-06,05:00-06:00,CWL-1,Destruction,ST-3350 Twill Garment Dye,PO-66180,Olive,203,193,4,2,,,
2026-10-06,06:00-07:00,CWL-1,Destruction,ST-3350 Twill Garment Dye,PO-66180,Olive,207,199,5,3,,,
2026-10-06,07:00-08:00,CWL-1,Destruction,ST-3350 Twill Garment Dye,PO-66180,Olive,214,199,5,3,,,
2026-10-06,08:00-09:00,CWL-1,Cutting / Destroy,ST-4430 Mid Blue,PO-77211,Light Blue,314,288,7,3,,,
2026-10-06,09:00-10:00,CWL-1,Cutting / Destroy,ST-4430 Mid Blue,PO-77211,Light Blue,312,316,7,2,,,
2026-10-06,10:00-11:00,CWL-1,Cutting / Destroy,ST-4430 Mid Blue,PO-77211,Light Blue,375,348,4,4,,,
2026-10-06,11:00-12:00,CWL-1,Cutting / Destroy,ST-4430 Mid Blue,PO-77211,Light Blue,358,359,6,3,,,
2026-10-06,12:00-13:00,CWL-1,Cutting / Destroy,ST-4430 Mid Blue,PO-77211,Light Blue,314,319,9,3,,,
2026-10-06,13:00-14:00,CWL-1,Cutting / Destroy,ST-4430 Mid Blue,PO-77211,Light Blue,391,368,4,6,,,
2026-10-06,14:00-15:00,CWL-1,Cutting / Destroy,ST-4430 Mid Blue,PO-77211,Light Blue,373,343,5,4,,,
2026-10-06,15:00-16:00,CWL-1,Cutting / Destroy,ST-4430 Mid Blue,PO-77211,Light Blue,301,301,7,3,,,
2026-10-06,16:00-17:00,CWL-1,Cutting / Destroy,ST-2285 Dye Black,PO-99040,Jet Black,320,307,2,4,,,
2026-10-06,17:00-18:00,CWL-1,Cutting / Destroy,ST-2285 Dye Black,PO-99040,Jet Black,308,296,8,3,,,
2026-10-06,18:00-19:00,CWL-1,Cutting / Destroy,ST-2285 Dye Black,PO-99040,Jet Black,311,296,7,2,,,
2026-10-06,19:00-20:00,CWL-1,Cutting / Destroy,ST-2285 Dye Black,PO-99040,Jet Black,310,308,8,5,,,
2026-10-06,20:00-21:00,CWL-1,Cutting / Destroy,ST-2285 Dye Black,PO-99040,Jet Black,361,344,9,5,,,
2026-10-06,21:00-22:00,CWL-1,Cutting / Destroy,ST-2285 Dye Black,PO-99040,Jet Black,412,378,11,4,,,
2026-10-06,22:00-23:00,CWL-1,Cutting / Destroy,ST-2285 Dye Black,PO-99040,Jet Black,367,348,8,4,,,
2026-10-06,23:00-00:00,CWL-1,Cutting / Destroy,ST-2285 Dye Black,PO-99040,Jet Black,360,350,6,2,,,
2026-10-06,00:00-01:00,CWL-1,Cutting / Destroy,ST-4412 Dark Stone,PO-77102,Black Stone,315,314,4,4,,,
2026-10-06,01:00-02:00,CWL-1,Cutting / Destroy,ST-4412 Dark Stone,PO-77102,Black Stone,387,362,6,6,,,
2026-10-06,02:00-03:00,CWL-1,Cutting / Destroy,ST-4412 Dark Stone,PO-77102,Black Stone,367,374,4,4,,,
2026-10-06,03:00-04:00,CWL-1,Cutting / Destroy,ST-4412 Dark Stone,PO-77102,Black Stone,317,299,8,3,,,
2026-10-06,04:00-05:00,CWL-1,Cutting / Destroy,ST-4412 Dark Stone,PO-77102,Black Stone,410,381,6,6,,,
2026-10-06,05:00-06:00,CWL-1,Cutting / Destroy,ST-4412 Dark Stone,PO-77102,Black Stone,308,297,6,5,,,
2026-10-06,06:00-07:00,CWL-1,Cutting / Destroy,ST-4412 Dark Stone,PO-77102,Black Stone,101,102,1,2,30,Power / utility,
2026-10-06,07:00-08:00,CWL-1,Cutting / Destroy,ST-4412 Dark Stone,PO-77102,Black Stone,375,343,7,5,,,
2026-10-06,08:00-09:00,CWL-1,Air Blowing,ST-4430 Mid Blue,PO-77211,Light Blue,328,313,6,2,,,
2026-10-06,09:00-10:00,CWL-1,Air Blowing,ST-4430 Mid Blue,PO-77211,Light Blue,438,436,8,7,,,
2026-10-06,10:00-11:00,CWL-1,Air Blowing,ST-4430 Mid Blue,PO-77211,Light Blue,445,443,5,5,,,
2026-10-06,11:00-12:00,CWL-1,Air Blowing,ST-4430 Mid Blue,PO-77211,Light Blue,416,404,11,7,,,
2026-10-06,12:00-13:00,CWL-1,Air Blowing,ST-4430 Mid Blue,PO-77211,Light Blue,381,374,3,3,,,
2026-10-06,13:00-14:00,CWL-1,Air Blowing,ST-4430 Mid Blue,PO-77211,Light Blue,368,342,9,3,,,
2026-10-06,14:00-15:00,CWL-1,Air Blowing,ST-4430 Mid Blue,PO-77211,Light Blue,446,425,6,2,,,
2026-10-06,15:00-16:00,CWL-1,Air Blowing,ST-4430 Mid Blue,PO-77211,Light Blue,152,153,2,3,15,Changeover / setup,
2026-10-06,16:00-17:00,CWL-1,Air Blowing,ST-4430 Mid Blue,PO-77211,Light Blue,323,318,3,6,,,
2026-10-06,17:00-18:00,CWL-1,Air Blowing,ST-4430 Mid Blue,PO-77211,Light Blue,414,412,11,3,,,
2026-10-06,18:00-19:00,CWL-1,Air Blowing,ST-4430 Mid Blue,PO-77211,Light Blue,423,393,11,7,,,
2026-10-06,19:00-20:00,CWL-1,Air Blowing,ST-4430 Mid Blue,PO-77211,Light Blue,415,394,4,7,,,
2026-10-06,20:00-21:00,CWL-1,Air Blowing,ST-4430 Mid Blue,PO-77211,Light Blue,359,360,10,5,,,
2026-10-06,21:00-22:00,CWL-1,Air Blowing,ST-4430 Mid Blue,PO-77211,Light Blue,390,374,6,2,,,
2026-10-06,22:00-23:00,CWL-1,Air Blowing,ST-4430 Mid Blue,PO-77211,Light Blue,373,370,5,4,,,
2026-10-06,23:00-00:00,CWL-1,Air Blowing,ST-4430 Mid Blue,PO-77211,Light Blue,417,424,5,3,,,
2026-10-06,00:00-01:00,CWL-1,Air Blowing,ST-4412 Dark Stone,PO-77103,Dark Blue,332,303,5,4,,,
2026-10-06,01:00-02:00,CWL-1,Air Blowing,ST-4412 Dark Stone,PO-77103,Dark Blue,417,381,4,2,,,
2026-10-06,02:00-03:00,CWL-1,Air Blowing,ST-4412 Dark Stone,PO-77103,Dark Blue,403,409,9,7,,,
2026-10-06,03:00-04:00,CWL-1,Air Blowing,ST-4412 Dark Stone,PO-77103,Dark Blue,389,384,3,7,,,
2026-10-06,04:00-05:00,CWL-1,Air Blowing,ST-4412 Dark Stone,PO-77103,Dark Blue,418,423,8,7,,,
2026-10-06,05:00-06:00,CWL-1,Air Blowing,ST-4412 Dark Stone,PO-77103,Dark Blue,391,393,11,7,,,
2026-10-06,06:00-07:00,CWL-1,Air Blowing,ST-4412 Dark Stone,PO-77103,Dark Blue,410,416,11,3,,,
2026-10-06,07:00-08:00,CWL-1,Air Blowing,ST-4412 Dark Stone,PO-77103,Dark Blue,446,407,6,5,,,
2026-10-06,08:00-09:00,CWL-1,PP Spray (Front & Back),ST-4412 Dark Stone,PO-77102,Black Stone,859,804,8,11,,,
2026-10-06,09:00-10:00,CWL-1,PP Spray (Front & Back),ST-4412 Dark Stone,PO-77102,Black Stone,865,791,20,15,,,
2026-10-06,10:00-11:00,CWL-1,PP Spray (Front & Back),ST-4412 Dark Stone,PO-77102,Black Stone,903,834,19,5,,,
2026-10-06,11:00-12:00,CWL-1,PP Spray (Front & Back),ST-4412 Dark Stone,PO-77102,Black Stone,851,789,11,9,,,
2026-10-06,12:00-13:00,CWL-1,PP Spray (Front & Back),ST-4412 Dark Stone,PO-77102,Black Stone,844,804,23,4,,,
2026-10-06,13:00-14:00,CWL-1,PP Spray (Front & Back),ST-4412 Dark Stone,PO-77102,Black Stone,925,849,24,13,,,
2026-10-06,14:00-15:00,CWL-1,PP Spray (Front & Back),ST-4412 Dark Stone,PO-77102,Black Stone,1007,925,27,9,,,
2026-10-06,15:00-16:00,CWL-1,PP Spray (Front & Back),ST-4412 Dark Stone,PO-77102,Black Stone,851,810,19,9,,,
2026-10-06,16:00-17:00,CWL-1,PP Spray (Front & Back),ST-4475 Vintage Wash,PO-77306,Vintage Grey,857,806,8,11,,,
2026-10-06,17:00-18:00,CWL-1,PP Spray (Front & Back),ST-4475 Vintage Wash,PO-77306,Vintage Grey,989,974,26,7,,,
2026-10-06,18:00-19:00,CWL-1,PP Spray (Front & Back),ST-4475 Vintage Wash,PO-77306,Vintage Grey,928,927,20,9,,,
2026-10-06,19:00-20:00,CWL-1,PP Spray (Front & Back),ST-4475 Vintage Wash,PO-77306,Vintage Grey,844,799,8,8,,,
2026-10-06,20:00-21:00,CWL-1,PP Spray (Front & Back),ST-4475 Vintage Wash,PO-77306,Vintage Grey,156,147,4,2,30,Changeover / setup,
2026-10-06,21:00-22:00,CWL-1,PP Spray (Front & Back),ST-4475 Vintage Wash,PO-77306,Vintage Grey,885,867,21,13,,,
2026-10-06,22:00-23:00,CWL-1,PP Spray (Front & Back),ST-4475 Vintage Wash,PO-77306,Vintage Grey,834,804,19,8,,,
2026-10-06,23:00-00:00,CWL-1,PP Spray (Front & Back),ST-4475 Vintage Wash,PO-77306,Vintage Grey,962,893,11,16,,,
2026-10-06,00:00-01:00,CWL-1,PP Spray (Front & Back),ST-4430 Mid Blue,PO-77210,Mid Blue,832,826,14,7,,,
2026-10-06,01:00-02:00,CWL-1,PP Spray (Front & Back),ST-4430 Mid Blue,PO-77210,Mid Blue,854,852,12,10,,,
2026-10-06,02:00-03:00,CWL-1,PP Spray (Front & Back),ST-4430 Mid Blue,PO-77210,Mid Blue,922,875,21,4,,,
2026-10-06,03:00-04:00,CWL-1,PP Spray (Front & Back),ST-4430 Mid Blue,PO-77210,Mid Blue,798,789,11,15,,,
2026-10-06,04:00-05:00,CWL-1,PP Spray (Front & Back),ST-4430 Mid Blue,PO-77210,Mid Blue,963,942,15,18,,,
2026-10-06,05:00-06:00,CWL-1,PP Spray (Front & Back),ST-4430 Mid Blue,PO-77210,Mid Blue,972,930,22,17,,,
2026-10-06,06:00-07:00,CWL-1,PP Spray (Front & Back),ST-4430 Mid Blue,PO-77210,Mid Blue,899,862,18,15,,,
2026-10-06,07:00-08:00,CWL-1,PP Spray (Front & Back),ST-4430 Mid Blue,PO-77210,Mid Blue,837,777,12,4,,,
2026-10-06,08:00-09:00,CWL-1,Allover PP Spray,ST-3350 Twill Garment Dye,PO-66180,Olive,288,270,4,3,,,
2026-10-06,09:00-10:00,CWL-1,Allover PP Spray,ST-3350 Twill Garment Dye,PO-66180,Olive,343,314,7,4,,,
2026-10-06,10:00-11:00,CWL-1,Allover PP Spray,ST-3350 Twill Garment Dye,PO-66180,Olive,377,362,3,3,,,
2026-10-06,11:00-12:00,CWL-1,Allover PP Spray,ST-3350 Twill Garment Dye,PO-66180,Olive,304,278,7,2,,,
2026-10-06,12:00-13:00,CWL-1,Allover PP Spray,ST-3350 Twill Garment Dye,PO-66180,Olive,296,279,5,4,,,
2026-10-06,13:00-14:00,CWL-1,Allover PP Spray,ST-3350 Twill Garment Dye,PO-66180,Olive,352,324,8,3,,,
2026-10-06,14:00-15:00,CWL-1,Allover PP Spray,ST-3350 Twill Garment Dye,PO-66180,Olive,322,294,3,4,,,
2026-10-06,15:00-16:00,CWL-1,Allover PP Spray,ST-3350 Twill Garment Dye,PO-66180,Olive,333,324,6,5,,,
2026-10-06,16:00-17:00,CWL-1,Allover PP Spray,ST-4412 Dark Stone,PO-77102,Black Stone,267,267,3,5,,,
2026-10-06,17:00-18:00,CWL-1,Allover PP Spray,ST-4412 Dark Stone,PO-77102,Black Stone,358,352,3,4,,,
2026-10-06,18:00-19:00,CWL-1,Allover PP Spray,ST-4412 Dark Stone,PO-77102,Black Stone,35,35,1,1,15,Waiting for material,
2026-10-06,19:00-20:00,CWL-1,Allover PP Spray,ST-4412 Dark Stone,PO-77102,Black Stone,366,345,3,7,,,
2026-10-06,20:00-21:00,CWL-1,Allover PP Spray,ST-4412 Dark Stone,PO-77102,Black Stone,367,364,9,2,,,
2026-10-06,21:00-22:00,CWL-1,Allover PP Spray,ST-4412 Dark Stone,PO-77102,Black Stone,362,339,10,5,,,
2026-10-06,22:00-23:00,CWL-1,Allover PP Spray,ST-4412 Dark Stone,PO-77102,Black Stone,297,283,4,3,,,
2026-10-06,23:00-00:00,CWL-1,Allover PP Spray,ST-4412 Dark Stone,PO-77102,Black Stone,288,288,3,4,,,
2026-10-06,00:00-01:00,CWL-1,Allover PP Spray,ST-4412 Dark Stone,PO-77103,Dark Blue,280,258,3,2,,,
2026-10-06,01:00-02:00,CWL-1,Allover PP Spray,ST-4412 Dark Stone,PO-77103,Dark Blue,389,361,9,6,,,
2026-10-06,02:00-03:00,CWL-1,Allover PP Spray,ST-4412 Dark Stone,PO-77103,Dark Blue,319,297,8,2,,,
2026-10-06,03:00-04:00,CWL-1,Allover PP Spray,ST-4412 Dark Stone,PO-77103,Dark Blue,350,325,6,5,,,
2026-10-06,04:00-05:00,CWL-1,Allover PP Spray,ST-4412 Dark Stone,PO-77103,Dark Blue,308,295,6,1,,,
2026-10-06,05:00-06:00,CWL-1,Allover PP Spray,ST-4412 Dark Stone,PO-77103,Dark Blue,337,309,2,3,,,
2026-10-06,06:00-07:00,CWL-1,Allover PP Spray,ST-4412 Dark Stone,PO-77103,Dark Blue,322,293,5,2,,,
2026-10-06,07:00-08:00,CWL-1,Allover PP Spray,ST-4412 Dark Stone,PO-77103,Dark Blue,333,324,2,4,,,
2026-10-06,08:00-09:00,CWL-1,PP Rubbing,ST-4412 Dark Stone,PO-77102,Black Stone,147,146,4,2,,,
2026-10-06,09:00-10:00,CWL-1,PP Rubbing,ST-4412 Dark Stone,PO-77102,Black Stone,180,175,2,3,,,
2026-10-06,10:00-11:00,CWL-1,PP Rubbing,ST-4412 Dark Stone,PO-77102,Black Stone,219,211,4,3,,,
2026-10-06,11:00-12:00,CWL-1,PP Rubbing,ST-4412 Dark Stone,PO-77102,Black Stone,180,174,3,3,,,
2026-10-06,12:00-13:00,CWL-1,PP Rubbing,ST-4412 Dark Stone,PO-77102,Black Stone,210,195,5,3,,,
2026-10-06,13:00-14:00,CWL-1,PP Rubbing,ST-4412 Dark Stone,PO-77102,Black Stone,179,169,1,4,,,
2026-10-06,14:00-15:00,CWL-1,PP Rubbing,ST-4412 Dark Stone,PO-77102,Black Stone,169,168,5,2,,,
2026-10-06,15:00-16:00,CWL-1,PP Rubbing,ST-4412 Dark Stone,PO-77102,Black Stone,29,27,1,0,15,Waiting for input,
2026-10-06,16:00-17:00,CWL-1,PP Rubbing,ST-3350 Twill Garment Dye,PO-66180,Olive,178,181,3,2,,,
2026-10-06,17:00-18:00,CWL-1,PP Rubbing,ST-3350 Twill Garment Dye,PO-66180,Olive,52,48,1,1,30,Other,
2026-10-06,18:00-19:00,CWL-1,PP Rubbing,ST-3350 Twill Garment Dye,PO-66180,Olive,171,173,2,3,,,
2026-10-06,19:00-20:00,CWL-1,PP Rubbing,ST-3350 Twill Garment Dye,PO-66180,Olive,217,198,6,2,,,
2026-10-06,20:00-21:00,CWL-1,PP Rubbing,ST-3350 Twill Garment Dye,PO-66180,Olive,182,174,5,2,,,
2026-10-06,21:00-22:00,CWL-1,PP Rubbing,ST-3350 Twill Garment Dye,PO-66180,Olive,188,189,4,4,,,
2026-10-06,22:00-23:00,CWL-1,PP Rubbing,ST-3350 Twill Garment Dye,PO-66180,Olive,180,172,2,3,,,
2026-10-06,23:00-00:00,CWL-1,PP Rubbing,ST-3350 Twill Garment Dye,PO-66180,Olive,204,193,2,3,,,
2026-10-06,00:00-01:00,CWL-1,PP Rubbing,ST-4475 Vintage Wash,PO-77306,Vintage Grey,156,159,2,3,,,
2026-10-06,01:00-02:00,CWL-1,PP Rubbing,ST-4475 Vintage Wash,PO-77306,Vintage Grey,181,180,3,3,,,
2026-10-06,02:00-03:00,CWL-1,PP Rubbing,ST-4475 Vintage Wash,PO-77306,Vintage Grey,188,178,1,1,,,
2026-10-06,03:00-04:00,CWL-1,PP Rubbing,ST-4475 Vintage Wash,PO-77306,Vintage Grey,209,205,4,2,,,
2026-10-06,04:00-05:00,CWL-1,PP Rubbing,ST-4475 Vintage Wash,PO-77306,Vintage Grey,176,166,2,3,,,
2026-10-06,05:00-06:00,CWL-1,PP Rubbing,ST-4475 Vintage Wash,PO-77306,Vintage Grey,230,214,4,1,,,
2026-10-06,06:00-07:00,CWL-1,PP Rubbing,ST-4475 Vintage Wash,PO-77306,Vintage Grey,203,193,2,4,,,
2026-10-06,07:00-08:00,CWL-1,PP Rubbing,ST-4475 Vintage Wash,PO-77306,Vintage Grey,217,207,5,3,,,
2026-10-06,08:00-09:00,CWL-1,Machine 3D,ST-4412 Dark Stone,PO-77103,Dark Blue,234,220,3,3,,,
2026-10-06,09:00-10:00,CWL-1,Machine 3D,ST-4412 Dark Stone,PO-77103,Dark Blue,329,303,5,6,,,
2026-10-06,10:00-11:00,CWL-1,Machine 3D,ST-4412 Dark Stone,PO-77103,Dark Blue,260,256,8,2,,,
2026-10-06,11:00-12:00,CWL-1,Machine 3D,ST-4412 Dark Stone,PO-77103,Dark Blue,250,251,5,5,,,
2026-10-06,12:00-13:00,CWL-1,Machine 3D,ST-4412 Dark Stone,PO-77103,Dark Blue,96,93,1,2,45,Machine breakdown,
2026-10-06,13:00-14:00,CWL-1,Machine 3D,ST-4412 Dark Stone,PO-77103,Dark Blue,312,303,8,3,,,
2026-10-06,14:00-15:00,CWL-1,Machine 3D,ST-4412 Dark Stone,PO-77103,Dark Blue,278,258,4,5,,,
2026-10-06,15:00-16:00,CWL-1,Machine 3D,ST-4412 Dark Stone,PO-77103,Dark Blue,295,301,9,5,,,
2026-10-06,16:00-17:00,CWL-1,Machine 3D,ST-4430 Mid Blue,PO-77210,Mid Blue,278,277,8,3,,,
2026-10-06,17:00-18:00,CWL-1,Machine 3D,ST-4430 Mid Blue,PO-77210,Mid Blue,265,270,5,5,,,
2026-10-06,18:00-19:00,CWL-1,Machine 3D,ST-4430 Mid Blue,PO-77210,Mid Blue,306,299,4,5,,,
2026-10-06,19:00-20:00,CWL-1,Machine 3D,ST-4430 Mid Blue,PO-77210,Mid Blue,310,288,7,6,,,
2026-10-06,20:00-21:00,CWL-1,Machine 3D,ST-4430 Mid Blue,PO-77210,Mid Blue,282,266,4,4,,,
2026-10-06,21:00-22:00,CWL-1,Machine 3D,ST-4430 Mid Blue,PO-77210,Mid Blue,339,321,7,2,,,
2026-10-06,22:00-23:00,CWL-1,Machine 3D,ST-4430 Mid Blue,PO-77210,Mid Blue,266,264,3,2,,,
2026-10-06,23:00-00:00,CWL-1,Machine 3D,ST-4430 Mid Blue,PO-77210,Mid Blue,337,326,7,2,,,
2026-10-06,00:00-01:00,CWL-1,Machine 3D,ST-4412 Dark Stone,PO-77102,Black Stone,225,212,5,1,,,
2026-10-06,01:00-02:00,CWL-1,Machine 3D,ST-4412 Dark Stone,PO-77102,Black Stone,293,295,3,2,,,
2026-10-06,02:00-03:00,CWL-1,Machine 3D,ST-4412 Dark Stone,PO-77102,Black Stone,285,267,6,2,,,
2026-10-06,03:00-04:00,CWL-1,Machine 3D,ST-4412 Dark Stone,PO-77102,Black Stone,320,322,9,6,,,
2026-10-06,04:00-05:00,CWL-1,Machine 3D,ST-4412 Dark Stone,PO-77102,Black Stone,353,325,7,5,,,
2026-10-06,05:00-06:00,CWL-1,Machine 3D,ST-4412 Dark Stone,PO-77102,Black Stone,312,297,8,5,,,
2026-10-06,06:00-07:00,CWL-1,Machine 3D,ST-4412 Dark Stone,PO-77102,Black Stone,301,294,7,3,,,
2026-10-06,07:00-08:00,CWL-1,Machine 3D,ST-4412 Dark Stone,PO-77102,Black Stone,275,259,5,4,,,
2026-10-06,08:00-09:00,CWL-1,Iron 3D,ST-4475 Vintage Wash,PO-77306,Vintage Grey,223,205,6,1,,,
2026-10-06,09:00-10:00,CWL-1,Iron 3D,ST-4475 Vintage Wash,PO-77306,Vintage Grey,297,283,9,4,,,
2026-10-06,10:00-11:00,CWL-1,Iron 3D,ST-4475 Vintage Wash,PO-77306,Vintage Grey,325,297,9,2,,,
2026-10-06,11:00-12:00,CWL-1,Iron 3D,ST-4475 Vintage Wash,PO-77306,Vintage Grey,291,265,6,5,,,
2026-10-06,12:00-13:00,CWL-1,Iron 3D,ST-4475 Vintage Wash,PO-77306,Vintage Grey,302,298,8,2,,,
2026-10-06,13:00-14:00,CWL-1,Iron 3D,ST-4475 Vintage Wash,PO-77306,Vintage Grey,285,278,2,5,,,
2026-10-06,14:00-15:00,CWL-1,Iron 3D,ST-4475 Vintage Wash,PO-77306,Vintage Grey,316,289,7,5,,,
2026-10-06,15:00-16:00,CWL-1,Iron 3D,ST-4475 Vintage Wash,PO-77306,Vintage Grey,287,290,3,5,,,
2026-10-06,16:00-17:00,CWL-1,Iron 3D,ST-4412 Dark Stone,PO-77103,Dark Blue,205,197,6,3,,,
2026-10-06,17:00-18:00,CWL-1,Iron 3D,ST-4412 Dark Stone,PO-77103,Dark Blue,311,299,5,5,,,
2026-10-06,18:00-19:00,CWL-1,Iron 3D,ST-4412 Dark Stone,PO-77103,Dark Blue,234,231,3,4,,,
2026-10-06,19:00-20:00,CWL-1,Iron 3D,ST-4412 Dark Stone,PO-77103,Dark Blue,295,296,3,6,,,
2026-10-06,20:00-21:00,CWL-1,Iron 3D,ST-4412 Dark Stone,PO-77103,Dark Blue,267,260,4,2,,,
2026-10-06,21:00-22:00,CWL-1,Iron 3D,ST-4412 Dark Stone,PO-77103,Dark Blue,300,286,6,2,,,
2026-10-06,22:00-23:00,CWL-1,Iron 3D,ST-4412 Dark Stone,PO-77103,Dark Blue,236,234,4,2,,,
2026-10-06,23:00-00:00,CWL-1,Iron 3D,ST-4412 Dark Stone,PO-77103,Dark Blue,295,286,5,3,,,
2026-10-06,00:00-01:00,CWL-1,Iron 3D,ST-4475 Vintage Wash,PO-77306,Vintage Grey,230,222,3,2,,,
2026-10-06,01:00-02:00,CWL-1,Iron 3D,ST-4475 Vintage Wash,PO-77306,Vintage Grey,281,267,6,3,,,
2026-10-06,02:00-03:00,CWL-1,Iron 3D,ST-4475 Vintage Wash,PO-77306,Vintage Grey,241,231,5,2,,,
2026-10-06,03:00-04:00,CWL-1,Iron 3D,ST-4475 Vintage Wash,PO-77306,Vintage Grey,273,257,4,1,,,
2026-10-06,04:00-05:00,CWL-1,Iron 3D,ST-4475 Vintage Wash,PO-77306,Vintage Grey,267,253,2,1,,,
2026-10-06,05:00-06:00,CWL-1,Iron 3D,ST-4475 Vintage Wash,PO-77306,Vintage Grey,247,238,7,5,,,
2026-10-06,06:00-07:00,CWL-1,Iron 3D,ST-4475 Vintage Wash,PO-77306,Vintage Grey,299,281,4,5,,,
2026-10-06,07:00-08:00,CWL-1,Iron 3D,ST-4475 Vintage Wash,PO-77306,Vintage Grey,271,259,5,4,,,
